,input,output,instruction,context,DistilBERT_pred,MobileBERT_pred
3,With the new production plant the company would increase its capacity to meet the expected increase in demand and would improve the use of raw materials and therefore increase the production profitability .,positive,What is the sentiment of this news? Please choose an answer from {negative/neutral/positive}.,"Instruction: What is the sentiment of this news? Please choose an answer from {negative/neutral/positive}.
Input: With the new production plant the company would increase its capacity to meet the expected increase in demand and would improve the use of raw materials and therefore increase the production profitability .
Answer: ",positive,neutral
4,"According to the company 's updated strategy for the years 2009-2012 , Basware targets a long-term net sales growth in the range of 20 % -40 % with an operating profit margin of 10 % -20 % of net sales .",positive,What is the sentiment of this news? Please choose an answer from {negative/neutral/positive}.,"Instruction: What is the sentiment of this news? Please choose an answer from {negative/neutral/positive}.
Input: According to the company 's updated strategy for the years 2009-2012 , Basware targets a long-term net sales growth in the range of 20 % -40 % with an operating profit margin of 10 % -20 % of net sales .
Answer: ",positive,neutral
5,FINANCING OF ASPOCOMP 'S GROWTH Aspocomp is aggressively pursuing its growth strategy by increasingly focusing on technologically more demanding HDI printed circuit boards PCBs .,positive,What is the sentiment of this news? Please choose an answer from {negative/neutral/positive}.,"Instruction: What is the sentiment of this news? Please choose an answer from {negative/neutral/positive}.
Input: FINANCING OF ASPOCOMP 'S GROWTH Aspocomp is aggressively pursuing its growth strategy by increasingly focusing on technologically more demanding HDI printed circuit boards PCBs .
Answer: ",positive,neutral
9,"Operating profit totalled EUR 21.1 mn , up from EUR 18.6 mn in 2007 , representing 9.7 % of net sales .",positive,What is the sentiment of this news? Please choose an answer from {negative/neutral/positive}.,"Instruction: What is the sentiment of this news? Please choose an answer from {negative/neutral/positive}.
Input: Operating profit totalled EUR 21.1 mn , up from EUR 18.6 mn in 2007 , representing 9.7 % of net sales .
Answer: ",positive,neutral
10,TeliaSonera TLSN said the offer is in line with its strategy to increase its ownership in core business holdings and would strengthen Eesti Telekom 's offering to its customers .,positive,What is the sentiment of this news? Please choose an answer from {negative/neutral/positive}.,"Instruction: What is the sentiment of this news? Please choose an answer from {negative/neutral/positive}.
Input: TeliaSonera TLSN said the offer is in line with its strategy to increase its ownership in core business holdings and would strengthen Eesti Telekom 's offering to its customers .
Answer: ",positive,neutral
16,"Foundries division reports its sales increased by 9.7 % to EUR 63.1 mn from EUR 57.5 mn in the corresponding period in 2006 , and sales of the Machine Shop division increased by 16.4 % to EUR 41.2 mn from EUR 35.4 mn in the corresponding period in 2006 .",positive,What is the sentiment of this news? Please choose an answer from {negative/neutral/positive}.,"Instruction: What is the sentiment of this news? Please choose an answer from {negative/neutral/positive}.
Input: Foundries division reports its sales increased by 9.7 % to EUR 63.1 mn from EUR 57.5 mn in the corresponding period in 2006 , and sales of the Machine Shop division increased by 16.4 % to EUR 41.2 mn from EUR 35.4 mn in the corresponding period in 2006 .
Answer: ",positive,neutral
34,"The fair value of the property portfolio doubled as a result of the Kapiteeli acquisition and totalled EUR 2,686.2 1,259.7 million .",positive,What is the sentiment of this news? Please choose an answer from {negative/neutral/positive}.,"Instruction: What is the sentiment of this news? Please choose an answer from {negative/neutral/positive}.
Input: The fair value of the property portfolio doubled as a result of the Kapiteeli acquisition and totalled EUR 2,686.2 1,259.7 million .
Answer: ",positive,neutral
50,"The company said that paper demand increased in all of its main markets , including of publication papers , and that it increased average paper prices by 4 percent compared with last year .",positive,What is the sentiment of this news? Please choose an answer from {negative/neutral/positive}.,"Instruction: What is the sentiment of this news? Please choose an answer from {negative/neutral/positive}.
Input: The company said that paper demand increased in all of its main markets , including of publication papers , and that it increased average paper prices by 4 percent compared with last year .
Answer: ",positive,neutral
55,Shares of Nokia Corp. rose Thursday after the cell phone maker said its third-quarter earnings almost doubled and its share of the global handset market increased .,positive,What is the sentiment of this news? Please choose an answer from {negative/neutral/positive}.,"Instruction: What is the sentiment of this news? Please choose an answer from {negative/neutral/positive}.
Input: Shares of Nokia Corp. rose Thursday after the cell phone maker said its third-quarter earnings almost doubled and its share of the global handset market increased .
Answer: ",positive,neutral
64,"In June it sold a 30 percent stake to Nordstjernan , and the investment group has now taken up the option to acquire EQT 's remaining shares .",neutral,What is the sentiment of this news? Please choose an answer from {negative/neutral/positive}.,"Instruction: What is the sentiment of this news? Please choose an answer from {negative/neutral/positive}.
Input: In June it sold a 30 percent stake to Nordstjernan , and the investment group has now taken up the option to acquire EQT 's remaining shares .
Answer: ",neutral,neutral
66,Sponda Plc Stock Exchange Release 5 December 2006 at 15.45 EUR 1.5 BILLION SYNDICATED CREDIT FACILITY FOR SPONDA Sponda has signed an agreement for a one-year syndicated credit facility for a total of EUR 1.5 billion .,positive,What is the sentiment of this news? Please choose an answer from {negative/neutral/positive}.,"Instruction: What is the sentiment of this news? Please choose an answer from {negative/neutral/positive}.
Input: Sponda Plc Stock Exchange Release 5 December 2006 at 15.45 EUR 1.5 BILLION SYNDICATED CREDIT FACILITY FOR SPONDA Sponda has signed an agreement for a one-year syndicated credit facility for a total of EUR 1.5 billion .
Answer: ",positive,neutral
77,"Rinkuskiai raised the sales by 18.1 percent , to 1.37 million liters , while the sales of Kauno Alus grew by 14.3 percent , to 960,000 liters .",positive,What is the sentiment of this news? Please choose an answer from {negative/neutral/positive}.,"Instruction: What is the sentiment of this news? Please choose an answer from {negative/neutral/positive}.
Input: Rinkuskiai raised the sales by 18.1 percent , to 1.37 million liters , while the sales of Kauno Alus grew by 14.3 percent , to 960,000 liters .
Answer: ",positive,neutral
94,Finnish Bank of +àland 's consolidated net operating profit increased from EUR 4.8 mn in the first quarter of 2005 to EUR 6.4 mn in the first quarter of 2006 .,positive,What is the sentiment of this news? Please choose an answer from {negative/neutral/positive}.,"Instruction: What is the sentiment of this news? Please choose an answer from {negative/neutral/positive}.
Input: Finnish Bank of +àland 's consolidated net operating profit increased from EUR 4.8 mn in the first quarter of 2005 to EUR 6.4 mn in the first quarter of 2006 .
Answer: ",positive,neutral
98,An individual promotion also generated slightly higher-than-expected revenues .,positive,What is the sentiment of this news? Please choose an answer from {negative/neutral/positive}.,"Instruction: What is the sentiment of this news? Please choose an answer from {negative/neutral/positive}.
Input: An individual promotion also generated slightly higher-than-expected revenues .
Answer: ",positive,neutral
114,"Net sales totaled EUR 93.6 mn , up from EUR 93.2 mn in the corresponding period in 2005 .",positive,What is the sentiment of this news? Please choose an answer from {negative/neutral/positive}.,"Instruction: What is the sentiment of this news? Please choose an answer from {negative/neutral/positive}.
Input: Net sales totaled EUR 93.6 mn , up from EUR 93.2 mn in the corresponding period in 2005 .
Answer: ",positive,neutral
116,Operating profit increased by 145.1 % to EUR 8.3 mn from EUR 3.4 mn .,positive,What is the sentiment of this news? Please choose an answer from {negative/neutral/positive}.,"Instruction: What is the sentiment of this news? Please choose an answer from {negative/neutral/positive}.
Input: Operating profit increased by 145.1 % to EUR 8.3 mn from EUR 3.4 mn .
Answer: ",positive,neutral
117,Operating profit margin increased from 11.2 % to 11.7 % .,positive,What is the sentiment of this news? Please choose an answer from {negative/neutral/positive}.,"Instruction: What is the sentiment of this news? Please choose an answer from {negative/neutral/positive}.
Input: Operating profit margin increased from 11.2 % to 11.7 % .
Answer: ",positive,neutral
119,Operating profit rose to EUR 5mn from EUR 2.8 mn in the fourth quarter of 2008 .,positive,What is the sentiment of this news? Please choose an answer from {negative/neutral/positive}.,"Instruction: What is the sentiment of this news? Please choose an answer from {negative/neutral/positive}.
Input: Operating profit rose to EUR 5mn from EUR 2.8 mn in the fourth quarter of 2008 .
Answer: ",positive,positive
125,Sanoma Magazines ' net sales are estimated to grow in 2006 .,positive,What is the sentiment of this news? Please choose an answer from {negative/neutral/positive}.,"Instruction: What is the sentiment of this news? Please choose an answer from {negative/neutral/positive}.
Input: Sanoma Magazines ' net sales are estimated to grow in 2006 .
Answer: ",positive,neutral
126,The bank forecasts Finland 's GDP will grow by 2 % in 2010 and in 2011 .,positive,What is the sentiment of this news? Please choose an answer from {negative/neutral/positive}.,"Instruction: What is the sentiment of this news? Please choose an answer from {negative/neutral/positive}.
Input: The bank forecasts Finland 's GDP will grow by 2 % in 2010 and in 2011 .
Answer: ",positive,neutral
127,"The circuit 's overall production rate on a weekly basis is now in excess of an average of 40,000 tonnes per day , with volumes in excess of 50,000 tonnes per day being reached on individual days .",positive,What is the sentiment of this news? Please choose an answer from {negative/neutral/positive}.,"Instruction: What is the sentiment of this news? Please choose an answer from {negative/neutral/positive}.
Input: The circuit 's overall production rate on a weekly basis is now in excess of an average of 40,000 tonnes per day , with volumes in excess of 50,000 tonnes per day being reached on individual days .
Answer: ",positive,neutral
129,The Department Store Division reported an increase in sales of 4 per cent .,positive,What is the sentiment of this news? Please choose an answer from {negative/neutral/positive}.,"Instruction: What is the sentiment of this news? Please choose an answer from {negative/neutral/positive}.
Input: The Department Store Division reported an increase in sales of 4 per cent .
Answer: ",positive,neutral
130,The fair value of the company 's investment properties grew to EUR 2.803 billion at the end of March 2009 from EUR 2.691 million a year ago .,positive,What is the sentiment of this news? Please choose an answer from {negative/neutral/positive}.,"Instruction: What is the sentiment of this news? Please choose an answer from {negative/neutral/positive}.
Input: The fair value of the company 's investment properties grew to EUR 2.803 billion at the end of March 2009 from EUR 2.691 million a year ago .
Answer: ",positive,neutral
131,"The last quarter was the best quarter of 2009 in net sales , and the operating margin rose to 12.2 % .",positive,What is the sentiment of this news? Please choose an answer from {negative/neutral/positive}.,"Instruction: What is the sentiment of this news? Please choose an answer from {negative/neutral/positive}.
Input: The last quarter was the best quarter of 2009 in net sales , and the operating margin rose to 12.2 % .
Answer: ",positive,neutral
133,"The transaction doubles Tecnomens workforse , and adds a fourth to their net sales .",positive,What is the sentiment of this news? Please choose an answer from {negative/neutral/positive}.,"Instruction: What is the sentiment of this news? Please choose an answer from {negative/neutral/positive}.
Input: The transaction doubles Tecnomens workforse , and adds a fourth to their net sales .
Answer: ",positive,neutral
137,`` The purchase of the operations is part of YIT 's strategy to expand its offering of building system services geographically . '',positive,What is the sentiment of this news? Please choose an answer from {negative/neutral/positive}.,"Instruction: What is the sentiment of this news? Please choose an answer from {negative/neutral/positive}.
Input: `` The purchase of the operations is part of YIT 's strategy to expand its offering of building system services geographically . ''
Answer: ",positive,neutral
143,Finnish financial group Aktia 's operating profit for 2009 increased to EUR 47.0 mn from EUR 6.6 mn in 2008 .,positive,What is the sentiment of this news? Please choose an answer from {negative/neutral/positive}.,"Instruction: What is the sentiment of this news? Please choose an answer from {negative/neutral/positive}.
Input: Finnish financial group Aktia 's operating profit for 2009 increased to EUR 47.0 mn from EUR 6.6 mn in 2008 .
Answer: ",positive,neutral
146,Finnish Okmetic that manufactures and processes silicon wafers for the semiconductor and sensor industries and Norwegian solar wafer company NorSun have signed a contract under which Okmetic will supply NorSun mono silicon crystals for use in solar cell manufacturing .,positive,What is the sentiment of this news? Please choose an answer from {negative/neutral/positive}.,"Instruction: What is the sentiment of this news? Please choose an answer from {negative/neutral/positive}.
Input: Finnish Okmetic that manufactures and processes silicon wafers for the semiconductor and sensor industries and Norwegian solar wafer company NorSun have signed a contract under which Okmetic will supply NorSun mono silicon crystals for use in solar cell manufacturing .
Answer: ",positive,neutral
154,"Again , the most significant sales increase of 18.6 % was in Russia .",positive,What is the sentiment of this news? Please choose an answer from {negative/neutral/positive}.,"Instruction: What is the sentiment of this news? Please choose an answer from {negative/neutral/positive}.
Input: Again , the most significant sales increase of 18.6 % was in Russia .
Answer: ",positive,neutral
160,"Besides we have increased the share of meat in various sausages and are offering a number of new tastes in the grill products and shish kebabs segment , '' Paavel said .",positive,What is the sentiment of this news? Please choose an answer from {negative/neutral/positive}.,"Instruction: What is the sentiment of this news? Please choose an answer from {negative/neutral/positive}.
Input: Besides we have increased the share of meat in various sausages and are offering a number of new tastes in the grill products and shish kebabs segment , '' Paavel said .
Answer: ",positive,neutral
161,"Both operating profit and net sales for the 12-month period increased , respectively from EUR10 .5 m and EUR28 .8 m , as compared to the financial year 2004 .",positive,What is the sentiment of this news? Please choose an answer from {negative/neutral/positive}.,"Instruction: What is the sentiment of this news? Please choose an answer from {negative/neutral/positive}.
Input: Both operating profit and net sales for the 12-month period increased , respectively from EUR10 .5 m and EUR28 .8 m , as compared to the financial year 2004 .
Answer: ",positive,neutral
189,"Equity ratio was 60.9 % compared to 54.2 % In the third quarter of 2007 , net sales of the Frozen Foods Business totaled EUR 11.0 , up by about 5 % from the third quarter of 2006 .",positive,What is the sentiment of this news? Please choose an answer from {negative/neutral/positive}.,"Instruction: What is the sentiment of this news? Please choose an answer from {negative/neutral/positive}.
Input: Equity ratio was 60.9 % compared to 54.2 % In the third quarter of 2007 , net sales of the Frozen Foods Business totaled EUR 11.0 , up by about 5 % from the third quarter of 2006 .
Answer: ",positive,neutral
190,"EUR928 ,000 in Q1 2010 6 May 2010 - Finnish textile and clothing design company Marimekko Oyj ( HEL : MMO1V ) said today its net profit rose to EUR928 ,000 in the first quarter of 2010 from EUR13 ,000 in the corresponding period a year earlier .",positive,What is the sentiment of this news? Please choose an answer from {negative/neutral/positive}.,"Instruction: What is the sentiment of this news? Please choose an answer from {negative/neutral/positive}.
Input: EUR928 ,000 in Q1 2010 6 May 2010 - Finnish textile and clothing design company Marimekko Oyj ( HEL : MMO1V ) said today its net profit rose to EUR928 ,000 in the first quarter of 2010 from EUR13 ,000 in the corresponding period a year earlier .
Answer: ",positive,neutral
197,Finnish metal products company Componenta Oyj net profit rose to 26.1 mln euro ( $ 35.9 mln ) for the first quarter of 2007 from 5.3 mln euro ( $ 7.3 mln ) for the same period of 2006 .,positive,What is the sentiment of this news? Please choose an answer from {negative/neutral/positive}.,"Instruction: What is the sentiment of this news? Please choose an answer from {negative/neutral/positive}.
Input: Finnish metal products company Componenta Oyj net profit rose to 26.1 mln euro ( $ 35.9 mln ) for the first quarter of 2007 from 5.3 mln euro ( $ 7.3 mln ) for the same period of 2006 .
Answer: ",positive,neutral
200,"Finnish silicon wafer technology company Okmetic Oyj ( OMX Helsinki : OKM1V ) reported on Thursday ( 7 August ) an operating profit of EUR5 .3 m for the period January-June 2008 , up from EUR3 .3 m in the corresponding period in 2007 .",positive,What is the sentiment of this news? Please choose an answer from {negative/neutral/positive}.,"Instruction: What is the sentiment of this news? Please choose an answer from {negative/neutral/positive}.
Input: Finnish silicon wafer technology company Okmetic Oyj ( OMX Helsinki : OKM1V ) reported on Thursday ( 7 August ) an operating profit of EUR5 .3 m for the period January-June 2008 , up from EUR3 .3 m in the corresponding period in 2007 .
Answer: ",positive,neutral
202,First quarter underlying operating profit rose to 41 mln eur from 33 mln a year earlier .,positive,What is the sentiment of this news? Please choose an answer from {negative/neutral/positive}.,"Instruction: What is the sentiment of this news? Please choose an answer from {negative/neutral/positive}.
Input: First quarter underlying operating profit rose to 41 mln eur from 33 mln a year earlier .
Answer: ",positive,neutral
206,"However , net sales in 2010 are seen to have grown to EUR598 .3 m from EUR582 .3 m in 2009 .",positive,What is the sentiment of this news? Please choose an answer from {negative/neutral/positive}.,"Instruction: What is the sentiment of this news? Please choose an answer from {negative/neutral/positive}.
Input: However , net sales in 2010 are seen to have grown to EUR598 .3 m from EUR582 .3 m in 2009 .
Answer: ",positive,neutral
223,Its total annual revenue comes up to about 160 mln zloty ( $ 56.9 mln-42 .3 mln euro ) .,neutral,What is the sentiment of this news? Please choose an answer from {negative/neutral/positive}.,"Instruction: What is the sentiment of this news? Please choose an answer from {negative/neutral/positive}.
Input: Its total annual revenue comes up to about 160 mln zloty ( $ 56.9 mln-42 .3 mln euro ) .
Answer: ",neutral,neutral
224,"Kesko Agro Eesti , the retailer and wholesaler of grain , agricultural and warehousing machinery and accessories , had net sales of 81 million euros in 2007 , an increase by one-tenth over the preceding year .",positive,What is the sentiment of this news? Please choose an answer from {negative/neutral/positive}.,"Instruction: What is the sentiment of this news? Please choose an answer from {negative/neutral/positive}.
Input: Kesko Agro Eesti , the retailer and wholesaler of grain , agricultural and warehousing machinery and accessories , had net sales of 81 million euros in 2007 , an increase by one-tenth over the preceding year .
Answer: ",positive,neutral
225,"Kesko 's car import and retailing business , VV-Auto , saw sales grow by 17.1 pct .",positive,What is the sentiment of this news? Please choose an answer from {negative/neutral/positive}.,"Instruction: What is the sentiment of this news? Please choose an answer from {negative/neutral/positive}.
Input: Kesko 's car import and retailing business , VV-Auto , saw sales grow by 17.1 pct .
Answer: ",positive,neutral
232,"Metso expects its net sales to increase by about 10 % in 2008 , at comparable exchange rates .",positive,What is the sentiment of this news? Please choose an answer from {negative/neutral/positive}.,"Instruction: What is the sentiment of this news? Please choose an answer from {negative/neutral/positive}.
Input: Metso expects its net sales to increase by about 10 % in 2008 , at comparable exchange rates .
Answer: ",positive,neutral
235,Net interest income increased by 4.5 % to EUR 31.4 mn from EUR 30.0 mn in 2004 .,positive,What is the sentiment of this news? Please choose an answer from {negative/neutral/positive}.,"Instruction: What is the sentiment of this news? Please choose an answer from {negative/neutral/positive}.
Input: Net interest income increased by 4.5 % to EUR 31.4 mn from EUR 30.0 mn in 2004 .
Answer: ",positive,neutral
241,"Operating profit of Kauppalehti group rose to EUR 1.5 mn from EUR 1.3 mn , and that of Marketplaces to EUR 1.3 mn from EUR 1.0 mn in the third quarter of 2006 .",positive,What is the sentiment of this news? Please choose an answer from {negative/neutral/positive}.,"Instruction: What is the sentiment of this news? Please choose an answer from {negative/neutral/positive}.
Input: Operating profit of Kauppalehti group rose to EUR 1.5 mn from EUR 1.3 mn , and that of Marketplaces to EUR 1.3 mn from EUR 1.0 mn in the third quarter of 2006 .
Answer: ",positive,neutral
242,Operating profit rose from EUR 1.94 mn to EUR 2.45 mn .,positive,What is the sentiment of this news? Please choose an answer from {negative/neutral/positive}.,"Instruction: What is the sentiment of this news? Please choose an answer from {negative/neutral/positive}.
Input: Operating profit rose from EUR 1.94 mn to EUR 2.45 mn .
Answer: ",positive,neutral
249,Operating profit rose to EUR 3.2 mn from EUR 1.0 mn in the corresponding period in 2008 .,positive,What is the sentiment of this news? Please choose an answer from {negative/neutral/positive}.,"Instruction: What is the sentiment of this news? Please choose an answer from {negative/neutral/positive}.
Input: Operating profit rose to EUR 3.2 mn from EUR 1.0 mn in the corresponding period in 2008 .
Answer: ",positive,positive
253,Operating profit rose to EUR2 .4 m from EUR1 .6 m year earlier .,positive,What is the sentiment of this news? Please choose an answer from {negative/neutral/positive}.,"Instruction: What is the sentiment of this news? Please choose an answer from {negative/neutral/positive}.
Input: Operating profit rose to EUR2 .4 m from EUR1 .6 m year earlier .
Answer: ",positive,neutral
255,"Operating profit totaled EUR 37,7 mn , up slightly from EUR 37.2 mn in the corresponding period in 2006 .",positive,What is the sentiment of this news? Please choose an answer from {negative/neutral/positive}.,"Instruction: What is the sentiment of this news? Please choose an answer from {negative/neutral/positive}.
Input: Operating profit totaled EUR 37,7 mn , up slightly from EUR 37.2 mn in the corresponding period in 2006 .
Answer: ",positive,neutral
260,Orders received grew by 55 % year-on-year to EUR732m .,positive,What is the sentiment of this news? Please choose an answer from {negative/neutral/positive}.,"Instruction: What is the sentiment of this news? Please choose an answer from {negative/neutral/positive}.
Input: Orders received grew by 55 % year-on-year to EUR732m .
Answer: ",positive,neutral
262,Passenger volumes rose by 8.4 % in the accounting period .,positive,What is the sentiment of this news? Please choose an answer from {negative/neutral/positive}.,"Instruction: What is the sentiment of this news? Please choose an answer from {negative/neutral/positive}.
Input: Passenger volumes rose by 8.4 % in the accounting period .
Answer: ",positive,neutral
280,Sanoma Magazines Finland 's net sales grew to EUR 140.1 mn from EUR 131.8 mn .,positive,What is the sentiment of this news? Please choose an answer from {negative/neutral/positive}.,"Instruction: What is the sentiment of this news? Please choose an answer from {negative/neutral/positive}.
Input: Sanoma Magazines Finland 's net sales grew to EUR 140.1 mn from EUR 131.8 mn .
Answer: ",positive,neutral
301,The stock rose for a third day on Tuesday bringing its three-day rise to GBX10 .50 or 1.8 % .,positive,What is the sentiment of this news? Please choose an answer from {negative/neutral/positive}.,"Instruction: What is the sentiment of this news? Please choose an answer from {negative/neutral/positive}.
Input: The stock rose for a third day on Tuesday bringing its three-day rise to GBX10 .50 or 1.8 % .
Answer: ",positive,neutral
302,The transaction is in line with Aspo 's strategy to expand in the Baltic Sea region and in the eastern markets .,positive,What is the sentiment of this news? Please choose an answer from {negative/neutral/positive}.,"Instruction: What is the sentiment of this news? Please choose an answer from {negative/neutral/positive}.
Input: The transaction is in line with Aspo 's strategy to expand in the Baltic Sea region and in the eastern markets .
Answer: ",positive,neutral
320,"Finnish Larox has signed a contract with the Talvivaara Project for the delivery of filters to the Talvivaara nickel mine in Sotkamo , in Finland .",positive,What is the sentiment of this news? Please choose an answer from {negative/neutral/positive}.,"Instruction: What is the sentiment of this news? Please choose an answer from {negative/neutral/positive}.
Input: Finnish Larox has signed a contract with the Talvivaara Project for the delivery of filters to the Talvivaara nickel mine in Sotkamo , in Finland .
Answer: ",positive,neutral
333,"Finnish silicon wafer technology company Okmetic Oyj OMX Helsinki : OKM1V reported on Thursday 30 October an operating profit of EUR7 .4 m for January-September 2008 , up from EUR6 .1 m in the corresponding period in 2007 .",positive,What is the sentiment of this news? Please choose an answer from {negative/neutral/positive}.,"Instruction: What is the sentiment of this news? Please choose an answer from {negative/neutral/positive}.
Input: Finnish silicon wafer technology company Okmetic Oyj OMX Helsinki : OKM1V reported on Thursday 30 October an operating profit of EUR7 .4 m for January-September 2008 , up from EUR6 .1 m in the corresponding period in 2007 .
Answer: ",positive,neutral
335,"GeoSentric Oyj s GeoSolutions Business Unit GyPSii , the mobile digital lifestyle application and geo-mobility social networking platform , has signed an agreement with Nanjing MyNet to make the GyPSii mobile social networking platform available to customers of China Mobile .",positive,What is the sentiment of this news? Please choose an answer from {negative/neutral/positive}.,"Instruction: What is the sentiment of this news? Please choose an answer from {negative/neutral/positive}.
Input: GeoSentric Oyj s GeoSolutions Business Unit GyPSii , the mobile digital lifestyle application and geo-mobility social networking platform , has signed an agreement with Nanjing MyNet to make the GyPSii mobile social networking platform available to customers of China Mobile .
Answer: ",positive,neutral
337,"However , the proportion of the paid standing orders grew in 2009 .",positive,What is the sentiment of this news? Please choose an answer from {negative/neutral/positive}.,"Instruction: What is the sentiment of this news? Please choose an answer from {negative/neutral/positive}.
Input: However , the proportion of the paid standing orders grew in 2009 .
Answer: ",positive,neutral
345,"ADP News - Nov 18 , 2008 - Finnish AC drives manufacturer Vacon Oyj OMX : VAC1V said today that it had set up new representative offices in Romania and Ukraine to serve the growing markets in eastern and southeastern Europe .",positive,What is the sentiment of this news? Please choose an answer from {negative/neutral/positive}.,"Instruction: What is the sentiment of this news? Please choose an answer from {negative/neutral/positive}.
Input: ADP News - Nov 18 , 2008 - Finnish AC drives manufacturer Vacon Oyj OMX : VAC1V said today that it had set up new representative offices in Romania and Ukraine to serve the growing markets in eastern and southeastern Europe .
Answer: ",positive,neutral
355,Operating profit increased to EUR 14.0 mn from EUR 4.9 mn in the corresponding period in 2005 .,positive,What is the sentiment of this news? Please choose an answer from {negative/neutral/positive}.,"Instruction: What is the sentiment of this news? Please choose an answer from {negative/neutral/positive}.
Input: Operating profit increased to EUR 14.0 mn from EUR 4.9 mn in the corresponding period in 2005 .
Answer: ",positive,neutral
357,"Operating profit totaled EUR 825mn , up from EUR 763mn in 2004 .",positive,What is the sentiment of this news? Please choose an answer from {negative/neutral/positive}.,"Instruction: What is the sentiment of this news? Please choose an answer from {negative/neutral/positive}.
Input: Operating profit totaled EUR 825mn , up from EUR 763mn in 2004 .
Answer: ",positive,neutral
362,Return on capital employed rose by 4.8 percentage points to 19.6 % .,positive,What is the sentiment of this news? Please choose an answer from {negative/neutral/positive}.,"Instruction: What is the sentiment of this news? Please choose an answer from {negative/neutral/positive}.
Input: Return on capital employed rose by 4.8 percentage points to 19.6 % .
Answer: ",positive,neutral
364,Revenue grew 1 percent to euro742 .2 million US$ 964 million from euro735 million .,positive,What is the sentiment of this news? Please choose an answer from {negative/neutral/positive}.,"Instruction: What is the sentiment of this news? Please choose an answer from {negative/neutral/positive}.
Input: Revenue grew 1 percent to euro742 .2 million US$ 964 million from euro735 million .
Answer: ",positive,neutral
375,"The company said that its investments in the new market areas resulted in sales increase in Sweden , Poland , Russia and Lithuania .",positive,What is the sentiment of this news? Please choose an answer from {negative/neutral/positive}.,"Instruction: What is the sentiment of this news? Please choose an answer from {negative/neutral/positive}.
Input: The company said that its investments in the new market areas resulted in sales increase in Sweden , Poland , Russia and Lithuania .
Answer: ",positive,neutral
379,"The Finnish supplier of BSS-OSS and VAS for telecom operators , Tecnotree , has received expansion orders worth a total US$ 7.3 mn for its convergent charging and next generation messaging solutions in Latin America , the company announced without specifying which operators had placed the orders .",positive,What is the sentiment of this news? Please choose an answer from {negative/neutral/positive}.,"Instruction: What is the sentiment of this news? Please choose an answer from {negative/neutral/positive}.
Input: The Finnish supplier of BSS-OSS and VAS for telecom operators , Tecnotree , has received expansion orders worth a total US$ 7.3 mn for its convergent charging and next generation messaging solutions in Latin America , the company announced without specifying which operators had placed the orders .
Answer: ",positive,neutral
384,The pretax profit of the group 's life insurance business increased to EUR36m from EUR27m .,positive,What is the sentiment of this news? Please choose an answer from {negative/neutral/positive}.,"Instruction: What is the sentiment of this news? Please choose an answer from {negative/neutral/positive}.
Input: The pretax profit of the group 's life insurance business increased to EUR36m from EUR27m .
Answer: ",positive,neutral
388,Turnover rose to EUR21m from EUR17m .,positive,What is the sentiment of this news? Please choose an answer from {negative/neutral/positive}.,"Instruction: What is the sentiment of this news? Please choose an answer from {negative/neutral/positive}.
Input: Turnover rose to EUR21m from EUR17m .
Answer: ",positive,neutral
391,"The upgrade is intended to raise the network capacity from 450 MHz to 630 MHz in several cities , enabling bi-directional services for digital television as well as broadband data .",positive,What is the sentiment of this news? Please choose an answer from {negative/neutral/positive}.,"Instruction: What is the sentiment of this news? Please choose an answer from {negative/neutral/positive}.
Input: The upgrade is intended to raise the network capacity from 450 MHz to 630 MHz in several cities , enabling bi-directional services for digital television as well as broadband data .
Answer: ",positive,neutral
395,"At the same time , the market for automated liquid handling devices is already larger than that for pipettes , according to Biohit .",neutral,What is the sentiment of this news? Please choose an answer from {negative/neutral/positive}.,"Instruction: What is the sentiment of this news? Please choose an answer from {negative/neutral/positive}.
Input: At the same time , the market for automated liquid handling devices is already larger than that for pipettes , according to Biohit .
Answer: ",neutral,neutral
404,The company intends to raise production capacity in 2006 .,positive,What is the sentiment of this news? Please choose an answer from {negative/neutral/positive}.,"Instruction: What is the sentiment of this news? Please choose an answer from {negative/neutral/positive}.
Input: The company intends to raise production capacity in 2006 .
Answer: ",positive,neutral
412,`` Management decided at the end of 2005 to increase cathode copper capacity .,neutral,What is the sentiment of this news? Please choose an answer from {negative/neutral/positive}.,"Instruction: What is the sentiment of this news? Please choose an answer from {negative/neutral/positive}.
Input: `` Management decided at the end of 2005 to increase cathode copper capacity .
Answer: ",neutral,neutral
417,"ALEXANDRIA , Va. , Oct. 3 -- Markka A. Oksanen and Harald Kaaja , both of Helsinki , Finland , Juha Salokannel of Kangasala , Finland , and Arto Palin of Viiala , Finland , have developed a system for providing communications security .",neutral,What is the sentiment of this news? Please choose an answer from {negative/neutral/positive}.,"Instruction: What is the sentiment of this news? Please choose an answer from {negative/neutral/positive}.
Input: ALEXANDRIA , Va. , Oct. 3 -- Markka A. Oksanen and Harald Kaaja , both of Helsinki , Finland , Juha Salokannel of Kangasala , Finland , and Arto Palin of Viiala , Finland , have developed a system for providing communications security .
Answer: ",neutral,neutral
419,"Biohit , Inc. , has expanded its mLINE Family of Pipettors with the addition of the NEW 1-10 ml volume range .",neutral,What is the sentiment of this news? Please choose an answer from {negative/neutral/positive}.,"Instruction: What is the sentiment of this news? Please choose an answer from {negative/neutral/positive}.
Input: Biohit , Inc. , has expanded its mLINE Family of Pipettors with the addition of the NEW 1-10 ml volume range .
Answer: ",neutral,neutral
455,The contracts have been signed to acquire uranium produced at the Sotkamo nickel-zinc mine in eastern Finland owned by Talvivaara .,positive,What is the sentiment of this news? Please choose an answer from {negative/neutral/positive}.,"Instruction: What is the sentiment of this news? Please choose an answer from {negative/neutral/positive}.
Input: The contracts have been signed to acquire uranium produced at the Sotkamo nickel-zinc mine in eastern Finland owned by Talvivaara .
Answer: ",positive,neutral
466,"`` Lidskoe Pivo 's investment program foresees the integrated modernization of production , updating transport and logistics infrastructure and developing new marketing instruments , '' Mikshis said .",positive,What is the sentiment of this news? Please choose an answer from {negative/neutral/positive}.,"Instruction: What is the sentiment of this news? Please choose an answer from {negative/neutral/positive}.
Input: `` Lidskoe Pivo 's investment program foresees the integrated modernization of production , updating transport and logistics infrastructure and developing new marketing instruments , '' Mikshis said .
Answer: ",positive,neutral
467,`` Residentialconstruction in particular has picked up in several markets .,positive,What is the sentiment of this news? Please choose an answer from {negative/neutral/positive}.,"Instruction: What is the sentiment of this news? Please choose an answer from {negative/neutral/positive}.
Input: `` Residentialconstruction in particular has picked up in several markets .
Answer: ",positive,neutral
470,"A corresponding increase of 85,432.50 euros in Ahlstrom 's share capital has been entered in the Trade Register today .",neutral,What is the sentiment of this news? Please choose an answer from {negative/neutral/positive}.,"Instruction: What is the sentiment of this news? Please choose an answer from {negative/neutral/positive}.
Input: A corresponding increase of 85,432.50 euros in Ahlstrom 's share capital has been entered in the Trade Register today .
Answer: ",neutral,neutral
474,Aldata said that there are still a number of operational aspects to be defined between it and Microsoft and further details of the product and market initiatives resulting from this agreement will be available at a later date .,neutral,What is the sentiment of this news? Please choose an answer from {negative/neutral/positive}.,"Instruction: What is the sentiment of this news? Please choose an answer from {negative/neutral/positive}.
Input: Aldata said that there are still a number of operational aspects to be defined between it and Microsoft and further details of the product and market initiatives resulting from this agreement will be available at a later date .
Answer: ",neutral,neutral
477,"As the largest elevator market in the world , Chinese output of elevators continued to rise to 262,000 units in 2009 , up about 5 % yr-on-yr .",positive,What is the sentiment of this news? Please choose an answer from {negative/neutral/positive}.,"Instruction: What is the sentiment of this news? Please choose an answer from {negative/neutral/positive}.
Input: As the largest elevator market in the world , Chinese output of elevators continued to rise to 262,000 units in 2009 , up about 5 % yr-on-yr .
Answer: ",positive,neutral
488,Finnish food company Raisio Oyj HEL : RAIVV said on Friday it has wrapped up the divestment of its margarine operations to US sector player Bunge Ltd NYSE : BG for EUR80m USD119 .2 m .,neutral,What is the sentiment of this news? Please choose an answer from {negative/neutral/positive}.,"Instruction: What is the sentiment of this news? Please choose an answer from {negative/neutral/positive}.
Input: Finnish food company Raisio Oyj HEL : RAIVV said on Friday it has wrapped up the divestment of its margarine operations to US sector player Bunge Ltd NYSE : BG for EUR80m USD119 .2 m .
Answer: ",neutral,neutral
492,"HELSINKI AFX - KCI Konecranes said it has raised its stake in MMH Holdings Inc , the owner of US-based Morris Materials Handling , to 90.9 pct from 74.5 pct .",positive,What is the sentiment of this news? Please choose an answer from {negative/neutral/positive}.,"Instruction: What is the sentiment of this news? Please choose an answer from {negative/neutral/positive}.
Input: HELSINKI AFX - KCI Konecranes said it has raised its stake in MMH Holdings Inc , the owner of US-based Morris Materials Handling , to 90.9 pct from 74.5 pct .
Answer: ",positive,neutral
499,"Mr Ashley , deputy executive chairman of Sports Direct , sold a 43pc stake in the company for more than pounds 900m at the time of the float .",neutral,What is the sentiment of this news? Please choose an answer from {negative/neutral/positive}.,"Instruction: What is the sentiment of this news? Please choose an answer from {negative/neutral/positive}.
Input: Mr Ashley , deputy executive chairman of Sports Direct , sold a 43pc stake in the company for more than pounds 900m at the time of the float .
Answer: ",neutral,neutral
502,"Ruukki 's delivery includes steel structures , including installation , for Krakeroy bascule bridge and steel piles for the bridge foundations .",neutral,What is the sentiment of this news? Please choose an answer from {negative/neutral/positive}.,"Instruction: What is the sentiment of this news? Please choose an answer from {negative/neutral/positive}.
Input: Ruukki 's delivery includes steel structures , including installation , for Krakeroy bascule bridge and steel piles for the bridge foundations .
Answer: ",neutral,neutral
504,Stockmann was established in 1862 in Finland and it became the first foreign company to enter Russia 's retail trade market in 1989 .,neutral,What is the sentiment of this news? Please choose an answer from {negative/neutral/positive}.,"Instruction: What is the sentiment of this news? Please choose an answer from {negative/neutral/positive}.
Input: Stockmann was established in 1862 in Finland and it became the first foreign company to enter Russia 's retail trade market in 1989 .
Answer: ",neutral,neutral
510,The company plans to expand into the international market through its subsidiaries and distributors from 2011 onwards .,positive,What is the sentiment of this news? Please choose an answer from {negative/neutral/positive}.,"Instruction: What is the sentiment of this news? Please choose an answer from {negative/neutral/positive}.
Input: The company plans to expand into the international market through its subsidiaries and distributors from 2011 onwards .
Answer: ",positive,neutral
512,"The contract covers the manufacturing , surface-treatment and installation of the steel structures .",neutral,What is the sentiment of this news? Please choose an answer from {negative/neutral/positive}.,"Instruction: What is the sentiment of this news? Please choose an answer from {negative/neutral/positive}.
Input: The contract covers the manufacturing , surface-treatment and installation of the steel structures .
Answer: ",neutral,neutral
516,"The corresponding share capital increase , EUR 1,012,945.50 was entered in the Trade Register today .",neutral,What is the sentiment of this news? Please choose an answer from {negative/neutral/positive}.,"Instruction: What is the sentiment of this news? Please choose an answer from {negative/neutral/positive}.
Input: The corresponding share capital increase , EUR 1,012,945.50 was entered in the Trade Register today .
Answer: ",neutral,neutral
523,The phones are targeted at first time users in growth markets .,neutral,What is the sentiment of this news? Please choose an answer from {negative/neutral/positive}.,"Instruction: What is the sentiment of this news? Please choose an answer from {negative/neutral/positive}.
Input: The phones are targeted at first time users in growth markets .
Answer: ",neutral,neutral
524,"The repayment of EUR 105 million debenture bonds is related to the Company 's previous announcement on October 21 , 2009 to collect irrevocable selling commitments from the holders of its subordinated debenture bonds .",neutral,What is the sentiment of this news? Please choose an answer from {negative/neutral/positive}.,"Instruction: What is the sentiment of this news? Please choose an answer from {negative/neutral/positive}.
Input: The repayment of EUR 105 million debenture bonds is related to the Company 's previous announcement on October 21 , 2009 to collect irrevocable selling commitments from the holders of its subordinated debenture bonds .
Answer: ",neutral,neutral
525,The revenues of the business reached NOK 12 million for 2008 .,neutral,What is the sentiment of this news? Please choose an answer from {negative/neutral/positive}.,"Instruction: What is the sentiment of this news? Please choose an answer from {negative/neutral/positive}.
Input: The revenues of the business reached NOK 12 million for 2008 .
Answer: ",neutral,neutral
537,VNH generates annual net sales of about 5 mln eur and employs 21 people .,neutral,What is the sentiment of this news? Please choose an answer from {negative/neutral/positive}.,"Instruction: What is the sentiment of this news? Please choose an answer from {negative/neutral/positive}.
Input: VNH generates annual net sales of about 5 mln eur and employs 21 people .
Answer: ",neutral,neutral
539,"Jan. 6 -- Ford is struggling in the face of slowing truck and SUV sales and a surfeit of up-to-date , gotta-have cars .",negative,What is the sentiment of this news? Please choose an answer from {negative/neutral/positive}.,"Instruction: What is the sentiment of this news? Please choose an answer from {negative/neutral/positive}.
Input: Jan. 6 -- Ford is struggling in the face of slowing truck and SUV sales and a surfeit of up-to-date , gotta-have cars .
Answer: ",negative,neutral
559,"Uponor made an operating profit of EUR 151.0 mn , up from EUR 143.7 mn , which made 2007 a record year .",positive,What is the sentiment of this news? Please choose an answer from {negative/neutral/positive}.,"Instruction: What is the sentiment of this news? Please choose an answer from {negative/neutral/positive}.
Input: Uponor made an operating profit of EUR 151.0 mn , up from EUR 143.7 mn , which made 2007 a record year .
Answer: ",positive,neutral
562,Kazgiprotsvetmet and Outotec Finland have signed an agreement on strategic cooperation in the marketing and providing of minerals processing and metallurgical plants and related services in Kazakhstan and the surrounding countries .,positive,What is the sentiment of this news? Please choose an answer from {negative/neutral/positive}.,"Instruction: What is the sentiment of this news? Please choose an answer from {negative/neutral/positive}.
Input: Kazgiprotsvetmet and Outotec Finland have signed an agreement on strategic cooperation in the marketing and providing of minerals processing and metallurgical plants and related services in Kazakhstan and the surrounding countries .
Answer: ",positive,neutral
563,Lemcon signed an investment cooperation agreement with the Kaluga regional administration last November .,positive,What is the sentiment of this news? Please choose an answer from {negative/neutral/positive}.,"Instruction: What is the sentiment of this news? Please choose an answer from {negative/neutral/positive}.
Input: Lemcon signed an investment cooperation agreement with the Kaluga regional administration last November .
Answer: ",positive,neutral
566,The growth of net sales has continued favourably in the Middle East and Africaand in Asia Pacific .,positive,What is the sentiment of this news? Please choose an answer from {negative/neutral/positive}.,"Instruction: What is the sentiment of this news? Please choose an answer from {negative/neutral/positive}.
Input: The growth of net sales has continued favourably in the Middle East and Africaand in Asia Pacific .
Answer: ",positive,neutral
569,"Cencorp , headquartered in Virkkala , Finland , develops and supplies automation solutions to the electronics and semiconductor industry that enhance productivity .",neutral,What is the sentiment of this news? Please choose an answer from {negative/neutral/positive}.,"Instruction: What is the sentiment of this news? Please choose an answer from {negative/neutral/positive}.
Input: Cencorp , headquartered in Virkkala , Finland , develops and supplies automation solutions to the electronics and semiconductor industry that enhance productivity .
Answer: ",neutral,neutral
574,"When the OMX market forwards mature on May 16 , 2008 , Novator Finland Oy 's direct shareholding in Amer Sports Corporation will exceed one-fifth 1-5 of the company 's shares and voting rights .",neutral,What is the sentiment of this news? Please choose an answer from {negative/neutral/positive}.,"Instruction: What is the sentiment of this news? Please choose an answer from {negative/neutral/positive}.
Input: When the OMX market forwards mature on May 16 , 2008 , Novator Finland Oy 's direct shareholding in Amer Sports Corporation will exceed one-fifth 1-5 of the company 's shares and voting rights .
Answer: ",neutral,neutral
580,Sales rose to 300.9 mln eur compared with last year 's 276.1 mln eur and in line with 299 mln eur consensus figure .,positive,What is the sentiment of this news? Please choose an answer from {negative/neutral/positive}.,"Instruction: What is the sentiment of this news? Please choose an answer from {negative/neutral/positive}.
Input: Sales rose to 300.9 mln eur compared with last year 's 276.1 mln eur and in line with 299 mln eur consensus figure .
Answer: ",positive,neutral
595,"The company recorded revenues of E658 .1 million during the fiscal year ended December 2007 , an increase of 23 % over 2006 .",positive,What is the sentiment of this news? Please choose an answer from {negative/neutral/positive}.,"Instruction: What is the sentiment of this news? Please choose an answer from {negative/neutral/positive}.
Input: The company recorded revenues of E658 .1 million during the fiscal year ended December 2007 , an increase of 23 % over 2006 .
Answer: ",positive,neutral
600,We hope to increase traffic volumes with the opening of Freight One Scandinavia . '',positive,What is the sentiment of this news? Please choose an answer from {negative/neutral/positive}.,"Instruction: What is the sentiment of this news? Please choose an answer from {negative/neutral/positive}.
Input: We hope to increase traffic volumes with the opening of Freight One Scandinavia . ''
Answer: ",positive,neutral
603,"Bilfinger investors cheered the agreement , pushing shares up 7 % , or & euro ; 3.30 , to & euro ; 50.29 , in afternoon trade .",positive,What is the sentiment of this news? Please choose an answer from {negative/neutral/positive}.,"Instruction: What is the sentiment of this news? Please choose an answer from {negative/neutral/positive}.
Input: Bilfinger investors cheered the agreement , pushing shares up 7 % , or & euro ; 3.30 , to & euro ; 50.29 , in afternoon trade .
Answer: ",positive,neutral
606,LONDON MarketWatch -- Nokia nok said it 's won a five-year services contract to run Hutchison Essar 's network operations in nine locations in India .,positive,What is the sentiment of this news? Please choose an answer from {negative/neutral/positive}.,"Instruction: What is the sentiment of this news? Please choose an answer from {negative/neutral/positive}.
Input: LONDON MarketWatch -- Nokia nok said it 's won a five-year services contract to run Hutchison Essar 's network operations in nine locations in India .
Answer: ",positive,neutral
608,"Ragutis , controlled by the Finnish brewery Olvi , achieved a 5.7 percent rise in beer sales to 22.6 million liters and held a 10.75 percent market share .",positive,What is the sentiment of this news? Please choose an answer from {negative/neutral/positive}.,"Instruction: What is the sentiment of this news? Please choose an answer from {negative/neutral/positive}.
Input: Ragutis , controlled by the Finnish brewery Olvi , achieved a 5.7 percent rise in beer sales to 22.6 million liters and held a 10.75 percent market share .
Answer: ",positive,neutral
615,"On January 29 , 2009 The largest Nordic bank Nordea and Finnish retail chain Stockmann launched a regionally unique cooperation project : they are the first to introduce a common MasterCard credit card enabling payments in different states and stores .",neutral,What is the sentiment of this news? Please choose an answer from {negative/neutral/positive}.,"Instruction: What is the sentiment of this news? Please choose an answer from {negative/neutral/positive}.
Input: On January 29 , 2009 The largest Nordic bank Nordea and Finnish retail chain Stockmann launched a regionally unique cooperation project : they are the first to introduce a common MasterCard credit card enabling payments in different states and stores .
Answer: ",neutral,neutral
616,"QPR has an established international customer base , spread over 70 countries in 2009 , and a variety of organizations including banks , manufacturing companies , service companies and government authorities .",neutral,What is the sentiment of this news? Please choose an answer from {negative/neutral/positive}.,"Instruction: What is the sentiment of this news? Please choose an answer from {negative/neutral/positive}.
Input: QPR has an established international customer base , spread over 70 countries in 2009 , and a variety of organizations including banks , manufacturing companies , service companies and government authorities .
Answer: ",neutral,neutral
623,The original contract was signed last summer .,neutral,What is the sentiment of this news? Please choose an answer from {negative/neutral/positive}.,"Instruction: What is the sentiment of this news? Please choose an answer from {negative/neutral/positive}.
Input: The original contract was signed last summer .
Answer: ",neutral,neutral
635,"The Vuokatti unit will be developed to focus especially on the manufacture of prototypes , the ramp-up of new products and the demanding testing and after-sales services .",neutral,What is the sentiment of this news? Please choose an answer from {negative/neutral/positive}.,"Instruction: What is the sentiment of this news? Please choose an answer from {negative/neutral/positive}.
Input: The Vuokatti unit will be developed to focus especially on the manufacture of prototypes , the ramp-up of new products and the demanding testing and after-sales services .
Answer: ",neutral,neutral
638,"`` The number of collection errors fell considerably , and operations speeded up .",positive,What is the sentiment of this news? Please choose an answer from {negative/neutral/positive}.,"Instruction: What is the sentiment of this news? Please choose an answer from {negative/neutral/positive}.
Input: `` The number of collection errors fell considerably , and operations speeded up .
Answer: ",positive,neutral
645,Finnish sports equipment maker Amer Sports Oyj ( HEL : AMEAS ) said today that its net loss narrowed to EUR 16.9 million ( USD 22.3 m ) in the second quarter of 2010 from EUR 23.2 million in the corresponding period a year earlier .,positive,What is the sentiment of this news? Please choose an answer from {negative/neutral/positive}.,"Instruction: What is the sentiment of this news? Please choose an answer from {negative/neutral/positive}.
Input: Finnish sports equipment maker Amer Sports Oyj ( HEL : AMEAS ) said today that its net loss narrowed to EUR 16.9 million ( USD 22.3 m ) in the second quarter of 2010 from EUR 23.2 million in the corresponding period a year earlier .
Answer: ",positive,neutral
646,"Finnish steel maker Rautaruukki Oyj ( HEL : RTRKS ) , or Ruukki , said today its net loss contracted to EUR 49 million ( USD 68.2 m ) for the first nine months of 2010 from EUR 229 million for the same period a year ago .",positive,What is the sentiment of this news? Please choose an answer from {negative/neutral/positive}.,"Instruction: What is the sentiment of this news? Please choose an answer from {negative/neutral/positive}.
Input: Finnish steel maker Rautaruukki Oyj ( HEL : RTRKS ) , or Ruukki , said today its net loss contracted to EUR 49 million ( USD 68.2 m ) for the first nine months of 2010 from EUR 229 million for the same period a year ago .
Answer: ",positive,neutral
659,The diluted loss per share narrowed to EUR 0.27 from EUR 0.86 .,positive,What is the sentiment of this news? Please choose an answer from {negative/neutral/positive}.,"Instruction: What is the sentiment of this news? Please choose an answer from {negative/neutral/positive}.
Input: The diluted loss per share narrowed to EUR 0.27 from EUR 0.86 .
Answer: ",positive,neutral
663,"According to Sepp+ñnen , the new technology UMTS900 solution network building costs are by one-third lower than that of the building of 3.5 G networks , operating at 2,100 MHz frequency .",positive,What is the sentiment of this news? Please choose an answer from {negative/neutral/positive}.,"Instruction: What is the sentiment of this news? Please choose an answer from {negative/neutral/positive}.
Input: According to Sepp+ñnen , the new technology UMTS900 solution network building costs are by one-third lower than that of the building of 3.5 G networks , operating at 2,100 MHz frequency .
Answer: ",positive,neutral
666,The program 's target is structural cost reductions of about EUR 30mn in 2009 .,positive,What is the sentiment of this news? Please choose an answer from {negative/neutral/positive}.,"Instruction: What is the sentiment of this news? Please choose an answer from {negative/neutral/positive}.
Input: The program 's target is structural cost reductions of about EUR 30mn in 2009 .
Answer: ",positive,neutral
667,"The third quarter result also includes a 400,000 euro ( $ 575,000 ) provision for down-sizing of lure manufacturing in Ireland .",neutral,What is the sentiment of this news? Please choose an answer from {negative/neutral/positive}.,"Instruction: What is the sentiment of this news? Please choose an answer from {negative/neutral/positive}.
Input: The third quarter result also includes a 400,000 euro ( $ 575,000 ) provision for down-sizing of lure manufacturing in Ireland .
Answer: ",neutral,neutral
671,"Result before taxes decreased to nearly EUR 14.5 mn , compared to nearly EUR 20mn in the previous accounting period .",negative,What is the sentiment of this news? Please choose an answer from {negative/neutral/positive}.,"Instruction: What is the sentiment of this news? Please choose an answer from {negative/neutral/positive}.
Input: Result before taxes decreased to nearly EUR 14.5 mn , compared to nearly EUR 20mn in the previous accounting period .
Answer: ",negative,neutral
673,23 April 2010 - Finnish construction and engineering company Outotec Oyj HEL : OTE1V said today it slipped to a net loss of EUR7 .3 m in the first quarter of 2010 from a net profit of EUR12 .5 m in the corresponding period last year .,negative,What is the sentiment of this news? Please choose an answer from {negative/neutral/positive}.,"Instruction: What is the sentiment of this news? Please choose an answer from {negative/neutral/positive}.
Input: 23 April 2010 - Finnish construction and engineering company Outotec Oyj HEL : OTE1V said today it slipped to a net loss of EUR7 .3 m in the first quarter of 2010 from a net profit of EUR12 .5 m in the corresponding period last year .
Answer: ",negative,neutral
675,"Finnish IT solutions provider Affecto Oyj HEL : AFE1V said today its slipped to a net loss of EUR 115,000 USD 152,000 in the second quarter of 2010 from a profit of EUR 845,000 in the corresponding period a year earlier .",negative,What is the sentiment of this news? Please choose an answer from {negative/neutral/positive}.,"Instruction: What is the sentiment of this news? Please choose an answer from {negative/neutral/positive}.
Input: Finnish IT solutions provider Affecto Oyj HEL : AFE1V said today its slipped to a net loss of EUR 115,000 USD 152,000 in the second quarter of 2010 from a profit of EUR 845,000 in the corresponding period a year earlier .
Answer: ",negative,neutral
698,"ADP News - Apr 22 , 2009 - Finnish business information systems developer Solteq Oyj HEL : STQ1V said today its net loss widened to EUR 189,000 USD 245,000 for the first quarter of 2009 from EUR 10,000 for the same peri",negative,What is the sentiment of this news? Please choose an answer from {negative/neutral/positive}.,"Instruction: What is the sentiment of this news? Please choose an answer from {negative/neutral/positive}.
Input: ADP News - Apr 22 , 2009 - Finnish business information systems developer Solteq Oyj HEL : STQ1V said today its net loss widened to EUR 189,000 USD 245,000 for the first quarter of 2009 from EUR 10,000 for the same peri
Answer: ",negative,neutral
699,Salonen added that data shows producers ' pulp inventories in North America are declining . ',negative,What is the sentiment of this news? Please choose an answer from {negative/neutral/positive}.,"Instruction: What is the sentiment of this news? Please choose an answer from {negative/neutral/positive}.
Input: Salonen added that data shows producers ' pulp inventories in North America are declining . '
Answer: ",negative,neutral
709,"Due to rapid expansion , the market share of Tallink in terms of passenger carriage through Tallinna Sadam Port of Tallinn totaled 55 percent in November against 45.7 percent in November 2005 .",positive,What is the sentiment of this news? Please choose an answer from {negative/neutral/positive}.,"Instruction: What is the sentiment of this news? Please choose an answer from {negative/neutral/positive}.
Input: Due to rapid expansion , the market share of Tallink in terms of passenger carriage through Tallinna Sadam Port of Tallinn totaled 55 percent in November against 45.7 percent in November 2005 .
Answer: ",positive,neutral
711,"Stora Enso R shares rose 1.20 pct to 11.84 eur , UPM-Kymmene was also dragged higher , rising 1.68 pct to 17.56 eur and M-Real B added 2.38 pct to 4.30 eur .",positive,What is the sentiment of this news? Please choose an answer from {negative/neutral/positive}.,"Instruction: What is the sentiment of this news? Please choose an answer from {negative/neutral/positive}.
Input: Stora Enso R shares rose 1.20 pct to 11.84 eur , UPM-Kymmene was also dragged higher , rising 1.68 pct to 17.56 eur and M-Real B added 2.38 pct to 4.30 eur .
Answer: ",positive,neutral
713,Both loans will be used to finance strategic investments such as shopping center redevelopment projects and refinancing of maturing debt .,positive,What is the sentiment of this news? Please choose an answer from {negative/neutral/positive}.,"Instruction: What is the sentiment of this news? Please choose an answer from {negative/neutral/positive}.
Input: Both loans will be used to finance strategic investments such as shopping center redevelopment projects and refinancing of maturing debt .
Answer: ",positive,neutral
716,"Earnings per share ( EPS ) were EUR0 .03 , up from the loss of EUR0 .083 .",positive,What is the sentiment of this news? Please choose an answer from {negative/neutral/positive}.,"Instruction: What is the sentiment of this news? Please choose an answer from {negative/neutral/positive}.
Input: Earnings per share ( EPS ) were EUR0 .03 , up from the loss of EUR0 .083 .
Answer: ",positive,neutral
717,"Operating profit totalled EUR 0.4 mn , up from an operating loss of EUR 0.8 mn year-on-year .",positive,What is the sentiment of this news? Please choose an answer from {negative/neutral/positive}.,"Instruction: What is the sentiment of this news? Please choose an answer from {negative/neutral/positive}.
Input: Operating profit totalled EUR 0.4 mn , up from an operating loss of EUR 0.8 mn year-on-year .
Answer: ",positive,neutral
723,"Operating profit was EUR 0.6 mn , up from a loss of EUR 19mn a year earlier .",positive,What is the sentiment of this news? Please choose an answer from {negative/neutral/positive}.,"Instruction: What is the sentiment of this news? Please choose an answer from {negative/neutral/positive}.
Input: Operating profit was EUR 0.6 mn , up from a loss of EUR 19mn a year earlier .
Answer: ",positive,neutral
724,The investments and operational changes enable additional optimisation of the working hours and thereby further cost savings of some 7 % -9 % .,positive,What is the sentiment of this news? Please choose an answer from {negative/neutral/positive}.,"Instruction: What is the sentiment of this news? Please choose an answer from {negative/neutral/positive}.
Input: The investments and operational changes enable additional optimisation of the working hours and thereby further cost savings of some 7 % -9 % .
Answer: ",positive,neutral
728,"By 14:29 CET on Monday , shares in Bavarian Nordic had climbed 1.21 % to DKK250 on the stock exchange in Copenhagen after having lost 7.41 % in the past month .",positive,What is the sentiment of this news? Please choose an answer from {negative/neutral/positive}.,"Instruction: What is the sentiment of this news? Please choose an answer from {negative/neutral/positive}.
Input: By 14:29 CET on Monday , shares in Bavarian Nordic had climbed 1.21 % to DKK250 on the stock exchange in Copenhagen after having lost 7.41 % in the past month .
Answer: ",positive,neutral
732,"`` However , the rapidly increasing costs and the strengthening of the euro were challenging for the whole industry , and they impacted on our results . ''",negative,What is the sentiment of this news? Please choose an answer from {negative/neutral/positive}.,"Instruction: What is the sentiment of this news? Please choose an answer from {negative/neutral/positive}.
Input: `` However , the rapidly increasing costs and the strengthening of the euro were challenging for the whole industry , and they impacted on our results . ''
Answer: ",negative,neutral
740,Repeats sees 2008 EBITA above 18 pct of sales .,positive,What is the sentiment of this news? Please choose an answer from {negative/neutral/positive}.,"Instruction: What is the sentiment of this news? Please choose an answer from {negative/neutral/positive}.
Input: Repeats sees 2008 EBITA above 18 pct of sales .
Answer: ",positive,neutral
753,"According to Viking Line 's Managing Director , Nils-Erik Eklund , the company 's Board of Directors is very satisfied with Viking Line 's performance .",positive,What is the sentiment of this news? Please choose an answer from {negative/neutral/positive}.,"Instruction: What is the sentiment of this news? Please choose an answer from {negative/neutral/positive}.
Input: According to Viking Line 's Managing Director , Nils-Erik Eklund , the company 's Board of Directors is very satisfied with Viking Line 's performance .
Answer: ",positive,neutral
760,"During the past decade it has gradually divested noncore assets and bought several sports equipment makers , including California-based Fitness Products International and Sparks , Nevada-based ATEC , a leading maker of baseball and softball pitching machines .",positive,What is the sentiment of this news? Please choose an answer from {negative/neutral/positive}.,"Instruction: What is the sentiment of this news? Please choose an answer from {negative/neutral/positive}.
Input: During the past decade it has gradually divested noncore assets and bought several sports equipment makers , including California-based Fitness Products International and Sparks , Nevada-based ATEC , a leading maker of baseball and softball pitching machines .
Answer: ",positive,neutral
766,"In 2006 , Kone received an order from Aker Yards to supply 43 customised elevators for the very first Genesis cruise ship which is scheduled to be completed in 2009 .",positive,What is the sentiment of this news? Please choose an answer from {negative/neutral/positive}.,"Instruction: What is the sentiment of this news? Please choose an answer from {negative/neutral/positive}.
Input: In 2006 , Kone received an order from Aker Yards to supply 43 customised elevators for the very first Genesis cruise ship which is scheduled to be completed in 2009 .
Answer: ",positive,neutral
769,Major Order in India Comptel Corporation has received a significant long-term order for mediation and provisioning solutions being used by a leading operator in India .,positive,What is the sentiment of this news? Please choose an answer from {negative/neutral/positive}.,"Instruction: What is the sentiment of this news? Please choose an answer from {negative/neutral/positive}.
Input: Major Order in India Comptel Corporation has received a significant long-term order for mediation and provisioning solutions being used by a leading operator in India .
Answer: ",positive,neutral
770,Managing Director Kari Inkinen says that Sponda 's leasing operations developed highly favourably .,positive,What is the sentiment of this news? Please choose an answer from {negative/neutral/positive}.,"Instruction: What is the sentiment of this news? Please choose an answer from {negative/neutral/positive}.
Input: Managing Director Kari Inkinen says that Sponda 's leasing operations developed highly favourably .
Answer: ",positive,neutral
775,Our standardised services have met with a positive reception among our customers as well as at Itella .,positive,What is the sentiment of this news? Please choose an answer from {negative/neutral/positive}.,"Instruction: What is the sentiment of this news? Please choose an answer from {negative/neutral/positive}.
Input: Our standardised services have met with a positive reception among our customers as well as at Itella .
Answer: ",positive,neutral
784,The aim is an annual improvement in Ruukki Construction 's operating profit of more than EUR 3 million USD 4.1 m starting in 2009 .,positive,What is the sentiment of this news? Please choose an answer from {negative/neutral/positive}.,"Instruction: What is the sentiment of this news? Please choose an answer from {negative/neutral/positive}.
Input: The aim is an annual improvement in Ruukki Construction 's operating profit of more than EUR 3 million USD 4.1 m starting in 2009 .
Answer: ",positive,neutral
793,"When the situation normalises , the company will be able to increase the amount of residential units for sale in St Petersburg and Moscow , in particular .",positive,What is the sentiment of this news? Please choose an answer from {negative/neutral/positive}.,"Instruction: What is the sentiment of this news? Please choose an answer from {negative/neutral/positive}.
Input: When the situation normalises , the company will be able to increase the amount of residential units for sale in St Petersburg and Moscow , in particular .
Answer: ",positive,neutral
797,`` The combined activities will create value for shareholders and be good for our employees and customers .,positive,What is the sentiment of this news? Please choose an answer from {negative/neutral/positive}.,"Instruction: What is the sentiment of this news? Please choose an answer from {negative/neutral/positive}.
Input: `` The combined activities will create value for shareholders and be good for our employees and customers .
Answer: ",positive,neutral
804,"Finnish construction group YIT has been awarded a contract to install heating , air conditioning and cooling systems to the new head office of the automobile association ADAC in Munich in Germany .",positive,What is the sentiment of this news? Please choose an answer from {negative/neutral/positive}.,"Instruction: What is the sentiment of this news? Please choose an answer from {negative/neutral/positive}.
Input: Finnish construction group YIT has been awarded a contract to install heating , air conditioning and cooling systems to the new head office of the automobile association ADAC in Munich in Germany .
Answer: ",positive,neutral
814,"According to CEO Kai Telanne , the company 's newspapers achieved the best financial result ever .",positive,What is the sentiment of this news? Please choose an answer from {negative/neutral/positive}.,"Instruction: What is the sentiment of this news? Please choose an answer from {negative/neutral/positive}.
Input: According to CEO Kai Telanne , the company 's newspapers achieved the best financial result ever .
Answer: ",positive,neutral
815,"According to Kesko , the company agreed with the city administration about lease of the building in 2006 , its resettlement and construction of a five-star hotel Hilton for 120 rooms .",positive,What is the sentiment of this news? Please choose an answer from {negative/neutral/positive}.,"Instruction: What is the sentiment of this news? Please choose an answer from {negative/neutral/positive}.
Input: According to Kesko , the company agreed with the city administration about lease of the building in 2006 , its resettlement and construction of a five-star hotel Hilton for 120 rooms .
Answer: ",positive,neutral
820,"Adanac Molybdenum of Canada has ordered grinding technology for its molybdenum project in British Columbia , Canada , while Shalkiya Zinc of Kazakhstan has awarded a contract for grinding technology for the Shalkiya zinc-lead project in Kazakhstan .",positive,What is the sentiment of this news? Please choose an answer from {negative/neutral/positive}.,"Instruction: What is the sentiment of this news? Please choose an answer from {negative/neutral/positive}.
Input: Adanac Molybdenum of Canada has ordered grinding technology for its molybdenum project in British Columbia , Canada , while Shalkiya Zinc of Kazakhstan has awarded a contract for grinding technology for the Shalkiya zinc-lead project in Kazakhstan .
Answer: ",positive,neutral
823,"And the broker repeated its ` buy ' rating , based on expectations that current restructuring will lead to a clear improvement in performance in Europe in 2007 .",positive,What is the sentiment of this news? Please choose an answer from {negative/neutral/positive}.,"Instruction: What is the sentiment of this news? Please choose an answer from {negative/neutral/positive}.
Input: And the broker repeated its ` buy ' rating , based on expectations that current restructuring will lead to a clear improvement in performance in Europe in 2007 .
Answer: ",positive,neutral
825,"As a domestic business , Best-In is already close to Finnish dog owners .",positive,What is the sentiment of this news? Please choose an answer from {negative/neutral/positive}.,"Instruction: What is the sentiment of this news? Please choose an answer from {negative/neutral/positive}.
Input: As a domestic business , Best-In is already close to Finnish dog owners .
Answer: ",positive,neutral
827,Cash flow from operating activities is estimated to be positive .,positive,What is the sentiment of this news? Please choose an answer from {negative/neutral/positive}.,"Instruction: What is the sentiment of this news? Please choose an answer from {negative/neutral/positive}.
Input: Cash flow from operating activities is estimated to be positive .
Answer: ",positive,neutral
830,"Comptel , a vendor of dynamic Operations Support System ( OSS ) software , has been selected by Orascom Telecom ( OTH ) as partner for provisioning and activation solutions for mobile services .",positive,What is the sentiment of this news? Please choose an answer from {negative/neutral/positive}.,"Instruction: What is the sentiment of this news? Please choose an answer from {negative/neutral/positive}.
Input: Comptel , a vendor of dynamic Operations Support System ( OSS ) software , has been selected by Orascom Telecom ( OTH ) as partner for provisioning and activation solutions for mobile services .
Answer: ",positive,neutral
846,"Helsingin Uutiset , Vantaan Sanomat and Lansivayla reach some 385,000 readers , or more than 40 % of the consumers in the greater Helsinki region .",positive,What is the sentiment of this news? Please choose an answer from {negative/neutral/positive}.,"Instruction: What is the sentiment of this news? Please choose an answer from {negative/neutral/positive}.
Input: Helsingin Uutiset , Vantaan Sanomat and Lansivayla reach some 385,000 readers , or more than 40 % of the consumers in the greater Helsinki region .
Answer: ",positive,neutral
851,"In accordance with our strategy , we strengthened our local presence by establishing a representative office in South Africa in October .",positive,What is the sentiment of this news? Please choose an answer from {negative/neutral/positive}.,"Instruction: What is the sentiment of this news? Please choose an answer from {negative/neutral/positive}.
Input: In accordance with our strategy , we strengthened our local presence by establishing a representative office in South Africa in October .
Answer: ",positive,neutral
853,"In future , the company intends to look for know-how from outside the company and to cooperate with other actors in the sector .",positive,What is the sentiment of this news? Please choose an answer from {negative/neutral/positive}.,"Instruction: What is the sentiment of this news? Please choose an answer from {negative/neutral/positive}.
Input: In future , the company intends to look for know-how from outside the company and to cooperate with other actors in the sector .
Answer: ",positive,neutral
854,Industry Investment is very interested in Glaston 's solar energy projects .,positive,What is the sentiment of this news? Please choose an answer from {negative/neutral/positive}.,"Instruction: What is the sentiment of this news? Please choose an answer from {negative/neutral/positive}.
Input: Industry Investment is very interested in Glaston 's solar energy projects .
Answer: ",positive,neutral
860,"( ADP News ) - Oct 1 , 2008 - Finnish consulting and engineering company Poyry Oyj ( OMX : POY1V ) said today it was awarded a EUR 5.2 million ( USD 7.4 m ) extension to their existing consultancy engineering contract with Venezuel",positive,What is the sentiment of this news? Please choose an answer from {negative/neutral/positive}.,"Instruction: What is the sentiment of this news? Please choose an answer from {negative/neutral/positive}.
Input: ( ADP News ) - Oct 1 , 2008 - Finnish consulting and engineering company Poyry Oyj ( OMX : POY1V ) said today it was awarded a EUR 5.2 million ( USD 7.4 m ) extension to their existing consultancy engineering contract with Venezuel
Answer: ",positive,neutral
863,"Meanwhile , Electrowatt-Ekono Philippines , Inc. was also awarded a three-year operation and maintenance ( O&M ) contract by FR Cement Corporation .",positive,What is the sentiment of this news? Please choose an answer from {negative/neutral/positive}.,"Instruction: What is the sentiment of this news? Please choose an answer from {negative/neutral/positive}.
Input: Meanwhile , Electrowatt-Ekono Philippines , Inc. was also awarded a three-year operation and maintenance ( O&M ) contract by FR Cement Corporation .
Answer: ",positive,neutral
870,NORDIC BUSINESS REPORT-26 June 2006-Metso Corporation wins EUR50m equipment order in Australia -® 1998-2006 M2 COMMUNICATIONS LTD The Finnish engineering and technology group Metso Corporation said on Monday ( 26 June ) that it has received a EUR50m equipment order in Australia .,positive,What is the sentiment of this news? Please choose an answer from {negative/neutral/positive}.,"Instruction: What is the sentiment of this news? Please choose an answer from {negative/neutral/positive}.
Input: NORDIC BUSINESS REPORT-26 June 2006-Metso Corporation wins EUR50m equipment order in Australia -® 1998-2006 M2 COMMUNICATIONS LTD The Finnish engineering and technology group Metso Corporation said on Monday ( 26 June ) that it has received a EUR50m equipment order in Australia .
Answer: ",positive,neutral
872,Outotec 's net profit for the second quarter of 2007 jumped to 16.8 mln euro ( $ 23.1 mln ) from 4.6 mln euro ( $ 6.3 mln ) a year ago .,positive,What is the sentiment of this news? Please choose an answer from {negative/neutral/positive}.,"Instruction: What is the sentiment of this news? Please choose an answer from {negative/neutral/positive}.
Input: Outotec 's net profit for the second quarter of 2007 jumped to 16.8 mln euro ( $ 23.1 mln ) from 4.6 mln euro ( $ 6.3 mln ) a year ago .
Answer: ",positive,neutral
876,"Profitability ( EBIT % ) was 13.9 % , compared to 13.1 % in the previous-year period .",positive,What is the sentiment of this news? Please choose an answer from {negative/neutral/positive}.,"Instruction: What is the sentiment of this news? Please choose an answer from {negative/neutral/positive}.
Input: Profitability ( EBIT % ) was 13.9 % , compared to 13.1 % in the previous-year period .
Answer: ",positive,neutral
878,"Recovery has been evident in the liquid handling business , particularly in areas outside Europe and primarily in North America and Asia .",positive,What is the sentiment of this news? Please choose an answer from {negative/neutral/positive}.,"Instruction: What is the sentiment of this news? Please choose an answer from {negative/neutral/positive}.
Input: Recovery has been evident in the liquid handling business , particularly in areas outside Europe and primarily in North America and Asia .
Answer: ",positive,neutral
894,"The buyer aims to thus reinforce its position in Denmark , Martela Group managing director Heikki Martela said .",positive,What is the sentiment of this news? Please choose an answer from {negative/neutral/positive}.,"Instruction: What is the sentiment of this news? Please choose an answer from {negative/neutral/positive}.
Input: The buyer aims to thus reinforce its position in Denmark , Martela Group managing director Heikki Martela said .
Answer: ",positive,neutral
895,The companies have agreed on long-term cooperation to mechanise harvesting in Stora Enso 's eucalyptus plantations in Southern China .,positive,What is the sentiment of this news? Please choose an answer from {negative/neutral/positive}.,"Instruction: What is the sentiment of this news? Please choose an answer from {negative/neutral/positive}.
Input: The companies have agreed on long-term cooperation to mechanise harvesting in Stora Enso 's eucalyptus plantations in Southern China .
Answer: ",positive,neutral
899,The company is also featured in the Ethibel Pioneer Investment Register and included in Innovest 's Global 100 list of the world 's most sustainable corporations .,positive,What is the sentiment of this news? Please choose an answer from {negative/neutral/positive}.,"Instruction: What is the sentiment of this news? Please choose an answer from {negative/neutral/positive}.
Input: The company is also featured in the Ethibel Pioneer Investment Register and included in Innovest 's Global 100 list of the world 's most sustainable corporations .
Answer: ",positive,neutral
901,The company said it observed a current stabilisation in prices and there is potential for higher prices for deliveries in the first quarter of 2011 .,positive,What is the sentiment of this news? Please choose an answer from {negative/neutral/positive}.,"Instruction: What is the sentiment of this news? Please choose an answer from {negative/neutral/positive}.
Input: The company said it observed a current stabilisation in prices and there is potential for higher prices for deliveries in the first quarter of 2011 .
Answer: ",positive,neutral
918,Validating our fgVoIP client through Symbian Signed represents a significant step forward in accomplishing this goal .,positive,What is the sentiment of this news? Please choose an answer from {negative/neutral/positive}.,"Instruction: What is the sentiment of this news? Please choose an answer from {negative/neutral/positive}.
Input: Validating our fgVoIP client through Symbian Signed represents a significant step forward in accomplishing this goal .
Answer: ",positive,neutral
919,"Wartsila won the contract in October 2007 and the plant will be installed at Manturovo in the Kostroma region of Russia , about 600 km northeast of Moscow , Russia .",positive,What is the sentiment of this news? Please choose an answer from {negative/neutral/positive}.,"Instruction: What is the sentiment of this news? Please choose an answer from {negative/neutral/positive}.
Input: Wartsila won the contract in October 2007 and the plant will be installed at Manturovo in the Kostroma region of Russia , about 600 km northeast of Moscow , Russia .
Answer: ",positive,neutral
922,- UPM-Kymmene upgraded to ` in-line ' from ` underperform ' by Goldman Sachs .,positive,What is the sentiment of this news? Please choose an answer from {negative/neutral/positive}.,"Instruction: What is the sentiment of this news? Please choose an answer from {negative/neutral/positive}.
Input: - UPM-Kymmene upgraded to ` in-line ' from ` underperform ' by Goldman Sachs .
Answer: ",positive,neutral
924,`` Demand for sports equipment was good in 2005 .,positive,What is the sentiment of this news? Please choose an answer from {negative/neutral/positive}.,"Instruction: What is the sentiment of this news? Please choose an answer from {negative/neutral/positive}.
Input: `` Demand for sports equipment was good in 2005 .
Answer: ",positive,neutral
928,"`` The new structure provides better communication , faster decision-making and cost savings , '' Proha said .",positive,What is the sentiment of this news? Please choose an answer from {negative/neutral/positive}.,"Instruction: What is the sentiment of this news? Please choose an answer from {negative/neutral/positive}.
Input: `` The new structure provides better communication , faster decision-making and cost savings , '' Proha said .
Answer: ",positive,neutral
935,"Finnish airline Finnair has won a deal with the UK public sector to be the official airline for flights from London Heathrow to Osaka in Japan , as well as flights between Manchester in the UK and Helsinki in Finland .",positive,What is the sentiment of this news? Please choose an answer from {negative/neutral/positive}.,"Instruction: What is the sentiment of this news? Please choose an answer from {negative/neutral/positive}.
Input: Finnish airline Finnair has won a deal with the UK public sector to be the official airline for flights from London Heathrow to Osaka in Japan , as well as flights between Manchester in the UK and Helsinki in Finland .
Answer: ",positive,neutral
950,"Finnish construction group Lemminkainen Oyj HEL : LEM1S said today it has won a contract to provide technical services for the Nevsky Centre shopping mall to be opened in November in St Petersburg , Russia .",positive,What is the sentiment of this news? Please choose an answer from {negative/neutral/positive}.,"Instruction: What is the sentiment of this news? Please choose an answer from {negative/neutral/positive}.
Input: Finnish construction group Lemminkainen Oyj HEL : LEM1S said today it has won a contract to provide technical services for the Nevsky Centre shopping mall to be opened in November in St Petersburg , Russia .
Answer: ",positive,neutral
953,"Honka 's subsidiaries in France and Germany will also benefit by , for example , arranging customer events in conjunction with World Cup skiing competitions .",neutral,What is the sentiment of this news? Please choose an answer from {negative/neutral/positive}.,"Instruction: What is the sentiment of this news? Please choose an answer from {negative/neutral/positive}.
Input: Honka 's subsidiaries in France and Germany will also benefit by , for example , arranging customer events in conjunction with World Cup skiing competitions .
Answer: ",neutral,neutral
954,"However , sales volumes in the food industry are expected to remain at relatively good levels in Finland and in Scandinavia , Atria said .",positive,What is the sentiment of this news? Please choose an answer from {negative/neutral/positive}.,"Instruction: What is the sentiment of this news? Please choose an answer from {negative/neutral/positive}.
Input: However , sales volumes in the food industry are expected to remain at relatively good levels in Finland and in Scandinavia , Atria said .
Answer: ",positive,neutral
956,Mr Kivimeister said John Deer former Timberjack stands to win in the situation : it controls around 60 % of Estonia 's forest machinery market .,positive,What is the sentiment of this news? Please choose an answer from {negative/neutral/positive}.,"Instruction: What is the sentiment of this news? Please choose an answer from {negative/neutral/positive}.
Input: Mr Kivimeister said John Deer former Timberjack stands to win in the situation : it controls around 60 % of Estonia 's forest machinery market .
Answer: ",positive,neutral
959,Operating profit improved by 16.7 % to EUR 7.7 mn .,positive,What is the sentiment of this news? Please choose an answer from {negative/neutral/positive}.,"Instruction: What is the sentiment of this news? Please choose an answer from {negative/neutral/positive}.
Input: Operating profit improved by 16.7 % to EUR 7.7 mn .
Answer: ",positive,neutral
971,Teleste and Sentry 360 have formed an integration partnership between Sentry s advanced 360-degree immersive camera product line and Teleste s enterprise video management systems .,positive,What is the sentiment of this news? Please choose an answer from {negative/neutral/positive}.,"Instruction: What is the sentiment of this news? Please choose an answer from {negative/neutral/positive}.
Input: Teleste and Sentry 360 have formed an integration partnership between Sentry s advanced 360-degree immersive camera product line and Teleste s enterprise video management systems .
Answer: ",positive,neutral
975,The borrower was happy to do the roadshow and this paid off as the hit ratio from it was high .,positive,What is the sentiment of this news? Please choose an answer from {negative/neutral/positive}.,"Instruction: What is the sentiment of this news? Please choose an answer from {negative/neutral/positive}.
Input: The borrower was happy to do the roadshow and this paid off as the hit ratio from it was high .
Answer: ",positive,neutral
980,The expansion aims to attract new customers both in Finland and abroad .,positive,What is the sentiment of this news? Please choose an answer from {negative/neutral/positive}.,"Instruction: What is the sentiment of this news? Please choose an answer from {negative/neutral/positive}.
Input: The expansion aims to attract new customers both in Finland and abroad .
Answer: ",positive,neutral
984,The Finnish group anticipates a sales gain of EUR42m after tax and expenses .,positive,What is the sentiment of this news? Please choose an answer from {negative/neutral/positive}.,"Instruction: What is the sentiment of this news? Please choose an answer from {negative/neutral/positive}.
Input: The Finnish group anticipates a sales gain of EUR42m after tax and expenses .
Answer: ",positive,neutral
991,These companies will be able to keep their market positions .,positive,What is the sentiment of this news? Please choose an answer from {negative/neutral/positive}.,"Instruction: What is the sentiment of this news? Please choose an answer from {negative/neutral/positive}.
Input: These companies will be able to keep their market positions .
Answer: ",positive,neutral
992,This acquisition supports our strategy of being close to our customers all around the world offering both equipment and related services .,positive,What is the sentiment of this news? Please choose an answer from {negative/neutral/positive}.,"Instruction: What is the sentiment of this news? Please choose an answer from {negative/neutral/positive}.
Input: This acquisition supports our strategy of being close to our customers all around the world offering both equipment and related services .
Answer: ",positive,neutral
995,The world 's biggest magazine paper maker said the program to improve efficiency will include closing several of its least competitive mills and would cover all the company 's operations resulting in annual savings of some euro200 million US$ 240 million .,positive,What is the sentiment of this news? Please choose an answer from {negative/neutral/positive}.,"Instruction: What is the sentiment of this news? Please choose an answer from {negative/neutral/positive}.
Input: The world 's biggest magazine paper maker said the program to improve efficiency will include closing several of its least competitive mills and would cover all the company 's operations resulting in annual savings of some euro200 million US$ 240 million .
Answer: ",positive,neutral
1012,"A maximum of 20 employees , who work in Karttakeskus and are responsible for producing Geographic Information Services , will be affected , the company added .",neutral,What is the sentiment of this news? Please choose an answer from {negative/neutral/positive}.,"Instruction: What is the sentiment of this news? Please choose an answer from {negative/neutral/positive}.
Input: A maximum of 20 employees , who work in Karttakeskus and are responsible for producing Geographic Information Services , will be affected , the company added .
Answer: ",neutral,neutral
1013,"About Marubeni Marubeni Corporation TSE : 8002 ; ADR : MARUY was established in 1858 , and is a core company of Marubeni Group , one of Japan 's leading general trading houses .",positive,What is the sentiment of this news? Please choose an answer from {negative/neutral/positive}.,"Instruction: What is the sentiment of this news? Please choose an answer from {negative/neutral/positive}.
Input: About Marubeni Marubeni Corporation TSE : 8002 ; ADR : MARUY was established in 1858 , and is a core company of Marubeni Group , one of Japan 's leading general trading houses .
Answer: ",positive,neutral
1015,Juha-Pekka Weckstr+Âm has been appointed President of telecom group TeliaSonera Finland to succeed Esa Rautalinko .,neutral,What is the sentiment of this news? Please choose an answer from {negative/neutral/positive}.,"Instruction: What is the sentiment of this news? Please choose an answer from {negative/neutral/positive}.
Input: Juha-Pekka Weckstr+Âm has been appointed President of telecom group TeliaSonera Finland to succeed Esa Rautalinko .
Answer: ",neutral,neutral
1016,"According to Pietinalho , doctors should motivate their patients who smoke every time they visit their doctors .",neutral,What is the sentiment of this news? Please choose an answer from {negative/neutral/positive}.,"Instruction: What is the sentiment of this news? Please choose an answer from {negative/neutral/positive}.
Input: According to Pietinalho , doctors should motivate their patients who smoke every time they visit their doctors .
Answer: ",neutral,neutral
1021,"Aldata Solution Oyj Bertrand Sciard President and CEO Further information : Aldata Solution Oyj , Bertrand Sciard , President and CEO , tel. +33 1 46 48 28 00 Aldata 100 % Retail-Wholesale At Aldata 100 % of our business is dedicated to retail and wholesale business improvement .",neutral,What is the sentiment of this news? Please choose an answer from {negative/neutral/positive}.,"Instruction: What is the sentiment of this news? Please choose an answer from {negative/neutral/positive}.
Input: Aldata Solution Oyj Bertrand Sciard President and CEO Further information : Aldata Solution Oyj , Bertrand Sciard , President and CEO , tel. +33 1 46 48 28 00 Aldata 100 % Retail-Wholesale At Aldata 100 % of our business is dedicated to retail and wholesale business improvement .
Answer: ",neutral,neutral
1028,"By implementing the software the Finnish Army aims to unify and improve its operations in these application areas , QPR Software stated .",positive,What is the sentiment of this news? Please choose an answer from {negative/neutral/positive}.,"Instruction: What is the sentiment of this news? Please choose an answer from {negative/neutral/positive}.
Input: By implementing the software the Finnish Army aims to unify and improve its operations in these application areas , QPR Software stated .
Answer: ",positive,neutral
1045,"In the method the smelt spouts 2 are separated from the working area 6 by a shielding wall 8 , 10 arranged movable in relation to the smelt spouts .",neutral,What is the sentiment of this news? Please choose an answer from {negative/neutral/positive}.,"Instruction: What is the sentiment of this news? Please choose an answer from {negative/neutral/positive}.
Input: In the method the smelt spouts 2 are separated from the working area 6 by a shielding wall 8 , 10 arranged movable in relation to the smelt spouts .
Answer: ",neutral,neutral
1046,"Investments span across various product and investment types , including retail , hospitality , office , and residential , with interests in real-estate portfolios , non-performing loans and corporate restructurings .",neutral,What is the sentiment of this news? Please choose an answer from {negative/neutral/positive}.,"Instruction: What is the sentiment of this news? Please choose an answer from {negative/neutral/positive}.
Input: Investments span across various product and investment types , including retail , hospitality , office , and residential , with interests in real-estate portfolios , non-performing loans and corporate restructurings .
Answer: ",neutral,neutral
1059,"Mr. Jorma Valkama , Managing Director of Suomen Paikallissanomat Oy , states that Rannikkoseutu complements in an outstanding way the current product range of the company .",neutral,What is the sentiment of this news? Please choose an answer from {negative/neutral/positive}.,"Instruction: What is the sentiment of this news? Please choose an answer from {negative/neutral/positive}.
Input: Mr. Jorma Valkama , Managing Director of Suomen Paikallissanomat Oy , states that Rannikkoseutu complements in an outstanding way the current product range of the company .
Answer: ",neutral,neutral
1060,"Mr. Mikko Saavalainen , head of Comptel 's Global Sales concludes : `` Gibtelecom provides a perfect illustration of the variety of business , technical and regulatory challenges operators are facing in their OSS today .",neutral,What is the sentiment of this news? Please choose an answer from {negative/neutral/positive}.,"Instruction: What is the sentiment of this news? Please choose an answer from {negative/neutral/positive}.
Input: Mr. Mikko Saavalainen , head of Comptel 's Global Sales concludes : `` Gibtelecom provides a perfect illustration of the variety of business , technical and regulatory challenges operators are facing in their OSS today .
Answer: ",neutral,neutral
1062,"Nokia will continue to invest in future development of Qt , and Digia will be responsible for commercial licensing and services business .",neutral,What is the sentiment of this news? Please choose an answer from {negative/neutral/positive}.,"Instruction: What is the sentiment of this news? Please choose an answer from {negative/neutral/positive}.
Input: Nokia will continue to invest in future development of Qt , and Digia will be responsible for commercial licensing and services business .
Answer: ",neutral,neutral
1063,"Nonwovens and specialty papers , made by Ahlstrom , are used in a large variety of everyday products , e.g. in filters , wipes , flooring , labels , and tapes .",neutral,What is the sentiment of this news? Please choose an answer from {negative/neutral/positive}.,"Instruction: What is the sentiment of this news? Please choose an answer from {negative/neutral/positive}.
Input: Nonwovens and specialty papers , made by Ahlstrom , are used in a large variety of everyday products , e.g. in filters , wipes , flooring , labels , and tapes .
Answer: ",neutral,neutral
1065,"On the basis of competitive bidding OOO Kitai Stroi , the Russian subsidiary of China State Construction Engineering Corporation , a construction company owned by China State , has been selected as the main constructor .",neutral,What is the sentiment of this news? Please choose an answer from {negative/neutral/positive}.,"Instruction: What is the sentiment of this news? Please choose an answer from {negative/neutral/positive}.
Input: On the basis of competitive bidding OOO Kitai Stroi , the Russian subsidiary of China State Construction Engineering Corporation , a construction company owned by China State , has been selected as the main constructor .
Answer: ",neutral,neutral
1066,"Only this time , Nokia , India 's largest MNC , has sought out a topic that could spark off a million approaches ` Creativity in Emerging Markets .",neutral,What is the sentiment of this news? Please choose an answer from {negative/neutral/positive}.,"Instruction: What is the sentiment of this news? Please choose an answer from {negative/neutral/positive}.
Input: Only this time , Nokia , India 's largest MNC , has sought out a topic that could spark off a million approaches ` Creativity in Emerging Markets .
Answer: ",neutral,neutral
1069,"Our solutions are fully Arabized , and our message is that we want to become the IT partner of choice for businesses in the Near-East region .",neutral,What is the sentiment of this news? Please choose an answer from {negative/neutral/positive}.,"Instruction: What is the sentiment of this news? Please choose an answer from {negative/neutral/positive}.
Input: Our solutions are fully Arabized , and our message is that we want to become the IT partner of choice for businesses in the Near-East region .
Answer: ",neutral,neutral
1076,Tekla Structures 16 is ` all about you and your team ' and compatible with the Windows 7 operating system .,neutral,What is the sentiment of this news? Please choose an answer from {negative/neutral/positive}.,"Instruction: What is the sentiment of this news? Please choose an answer from {negative/neutral/positive}.
Input: Tekla Structures 16 is ` all about you and your team ' and compatible with the Windows 7 operating system .
Answer: ",neutral,neutral
1077,"Tekla Structures BIM Building Information Modeling software is being developed according to a long-term plan of improved user experience , process , and functionality .",positive,What is the sentiment of this news? Please choose an answer from {negative/neutral/positive}.,"Instruction: What is the sentiment of this news? Please choose an answer from {negative/neutral/positive}.
Input: Tekla Structures BIM Building Information Modeling software is being developed according to a long-term plan of improved user experience , process , and functionality .
Answer: ",positive,neutral
1081,The aim of the bridge solutions chosen is to minimize construction times while ensuring that traffic beneath the bridge on the Saimaa canal continues undisturbed .,neutral,What is the sentiment of this news? Please choose an answer from {negative/neutral/positive}.,"Instruction: What is the sentiment of this news? Please choose an answer from {negative/neutral/positive}.
Input: The aim of the bridge solutions chosen is to minimize construction times while ensuring that traffic beneath the bridge on the Saimaa canal continues undisturbed .
Answer: ",neutral,neutral
1082,The Bank is also examining the benefits of transferring the Swedish business to operate as a branch office so that the operations would be governed by Finland 's laws .,neutral,What is the sentiment of this news? Please choose an answer from {negative/neutral/positive}.,"Instruction: What is the sentiment of this news? Please choose an answer from {negative/neutral/positive}.
Input: The Bank is also examining the benefits of transferring the Swedish business to operate as a branch office so that the operations would be governed by Finland 's laws .
Answer: ",neutral,neutral
1118,"You need to be ready when the window opens up , Rosberg said .",neutral,What is the sentiment of this news? Please choose an answer from {negative/neutral/positive}.,"Instruction: What is the sentiment of this news? Please choose an answer from {negative/neutral/positive}.
Input: You need to be ready when the window opens up , Rosberg said .
Answer: ",neutral,neutral
1120,: Lietuvos Respublikos sveikatos apsaugos ministerija has awarded contract to UAB `` AFFECTO LIETUVA '' for financial systems software package .,positive,What is the sentiment of this news? Please choose an answer from {negative/neutral/positive}.,"Instruction: What is the sentiment of this news? Please choose an answer from {negative/neutral/positive}.
Input: : Lietuvos Respublikos sveikatos apsaugos ministerija has awarded contract to UAB `` AFFECTO LIETUVA '' for financial systems software package .
Answer: ",positive,neutral
1122,Raffles Equities Ltd became a substantial holder in Archer Exploration Ltd on January 12 with 11.7 million shares ( 18.2 pc ) .,neutral,What is the sentiment of this news? Please choose an answer from {negative/neutral/positive}.,"Instruction: What is the sentiment of this news? Please choose an answer from {negative/neutral/positive}.
Input: Raffles Equities Ltd became a substantial holder in Archer Exploration Ltd on January 12 with 11.7 million shares ( 18.2 pc ) .
Answer: ",neutral,neutral
1139,About Dopplr Dopplr is a service for smart travellers .,neutral,What is the sentiment of this news? Please choose an answer from {negative/neutral/positive}.,"Instruction: What is the sentiment of this news? Please choose an answer from {negative/neutral/positive}.
Input: About Dopplr Dopplr is a service for smart travellers .
Answer: ",neutral,neutral
1141,About Nokia Nokia is a pioneer in mobile telecommunications and the world 's leading maker of mobile devices .,positive,What is the sentiment of this news? Please choose an answer from {negative/neutral/positive}.,"Instruction: What is the sentiment of this news? Please choose an answer from {negative/neutral/positive}.
Input: About Nokia Nokia is a pioneer in mobile telecommunications and the world 's leading maker of mobile devices .
Answer: ",positive,neutral
1145,"Finnish GeoSentric , a developer and provider of solutions , products , and technologies for location based services , has preliminary agreed on a EUR 6mn short-term funding with its leading investor .",positive,What is the sentiment of this news? Please choose an answer from {negative/neutral/positive}.,"Instruction: What is the sentiment of this news? Please choose an answer from {negative/neutral/positive}.
Input: Finnish GeoSentric , a developer and provider of solutions , products , and technologies for location based services , has preliminary agreed on a EUR 6mn short-term funding with its leading investor .
Answer: ",positive,neutral
1147,Finnish Rautaruukki is selling its precision tube and automotive component processing unit Carl Froh in Germany to German Arques Industries .,neutral,What is the sentiment of this news? Please choose an answer from {negative/neutral/positive}.,"Instruction: What is the sentiment of this news? Please choose an answer from {negative/neutral/positive}.
Input: Finnish Rautaruukki is selling its precision tube and automotive component processing unit Carl Froh in Germany to German Arques Industries .
Answer: ",neutral,neutral
1148,"Finnish Suominen Corporation that makes wet wipes , nonwovens , and flexible packaging is starting employer-employee negotiations at its Tampere plant in Finland to lay off about 25 employees .",negative,What is the sentiment of this news? Please choose an answer from {negative/neutral/positive}.,"Instruction: What is the sentiment of this news? Please choose an answer from {negative/neutral/positive}.
Input: Finnish Suominen Corporation that makes wet wipes , nonwovens , and flexible packaging is starting employer-employee negotiations at its Tampere plant in Finland to lay off about 25 employees .
Answer: ",negative,neutral
1150,"According to Arokarhu , some of the purchases that had been scanned into the cash register computer disappeared when the total sum key was pressed .",negative,What is the sentiment of this news? Please choose an answer from {negative/neutral/positive}.,"Instruction: What is the sentiment of this news? Please choose an answer from {negative/neutral/positive}.
Input: According to Arokarhu , some of the purchases that had been scanned into the cash register computer disappeared when the total sum key was pressed .
Answer: ",negative,neutral
1154,"According to Honka Japan 's Managing Director Marko Saarelainen , Honkarakenne exports about 200 ready made log houses to Japan a year .",neutral,What is the sentiment of this news? Please choose an answer from {negative/neutral/positive}.,"Instruction: What is the sentiment of this news? Please choose an answer from {negative/neutral/positive}.
Input: According to Honka Japan 's Managing Director Marko Saarelainen , Honkarakenne exports about 200 ready made log houses to Japan a year .
Answer: ",neutral,neutral
1155,"According to preliminary data from Slovakia 's Statistics Office , goods worth E36 .4 million were imported from Finland between January and October 2010 , making up 0.1 percent of Slovakia 's total imports .",neutral,What is the sentiment of this news? Please choose an answer from {negative/neutral/positive}.,"Instruction: What is the sentiment of this news? Please choose an answer from {negative/neutral/positive}.
Input: According to preliminary data from Slovakia 's Statistics Office , goods worth E36 .4 million were imported from Finland between January and October 2010 , making up 0.1 percent of Slovakia 's total imports .
Answer: ",neutral,neutral
1156,"According to Seikku , the retail sector in Finland is controlled by 3-4 large actors , while food manufacturers are still relatively small .",neutral,What is the sentiment of this news? Please choose an answer from {negative/neutral/positive}.,"Instruction: What is the sentiment of this news? Please choose an answer from {negative/neutral/positive}.
Input: According to Seikku , the retail sector in Finland is controlled by 3-4 large actors , while food manufacturers are still relatively small .
Answer: ",neutral,neutral
1160,"After the signing , the total amount of Aspo 's revolving credit facility agreements is EUR 50 million , which replaces the formerly valid agreements of EUR 80 million .",neutral,What is the sentiment of this news? Please choose an answer from {negative/neutral/positive}.,"Instruction: What is the sentiment of this news? Please choose an answer from {negative/neutral/positive}.
Input: After the signing , the total amount of Aspo 's revolving credit facility agreements is EUR 50 million , which replaces the formerly valid agreements of EUR 80 million .
Answer: ",neutral,neutral
1166,"Also , a six-year historic analysis is provided for these markets .",neutral,What is the sentiment of this news? Please choose an answer from {negative/neutral/positive}.,"Instruction: What is the sentiment of this news? Please choose an answer from {negative/neutral/positive}.
Input: Also , a six-year historic analysis is provided for these markets .
Answer: ",neutral,neutral
1167,"Also , a six-year historic analysis is provided for this market .",neutral,What is the sentiment of this news? Please choose an answer from {negative/neutral/positive}.,"Instruction: What is the sentiment of this news? Please choose an answer from {negative/neutral/positive}.
Input: Also , a six-year historic analysis is provided for this market .
Answer: ",neutral,neutral
1169,Also Chile is an important market area for forest machine companies .,neutral,What is the sentiment of this news? Please choose an answer from {negative/neutral/positive}.,"Instruction: What is the sentiment of this news? Please choose an answer from {negative/neutral/positive}.
Input: Also Chile is an important market area for forest machine companies .
Answer: ",neutral,neutral
1184,Atria Group is a leading Scandinavian meat products group .,positive,What is the sentiment of this news? Please choose an answer from {negative/neutral/positive}.,"Instruction: What is the sentiment of this news? Please choose an answer from {negative/neutral/positive}.
Input: Atria Group is a leading Scandinavian meat products group .
Answer: ",positive,neutral
1191,Castecka said the town hall would hold talks with other investors interested in the zone .,neutral,What is the sentiment of this news? Please choose an answer from {negative/neutral/positive}.,"Instruction: What is the sentiment of this news? Please choose an answer from {negative/neutral/positive}.
Input: Castecka said the town hall would hold talks with other investors interested in the zone .
Answer: ",neutral,neutral
1202,Consumers are now increasingly interested in what they can do with heir phones .,neutral,What is the sentiment of this news? Please choose an answer from {negative/neutral/positive}.,"Instruction: What is the sentiment of this news? Please choose an answer from {negative/neutral/positive}.
Input: Consumers are now increasingly interested in what they can do with heir phones .
Answer: ",neutral,neutral
1205,"Demand seems to have hit bottom now , and some signs of improvement can be seen .",positive,What is the sentiment of this news? Please choose an answer from {negative/neutral/positive}.,"Instruction: What is the sentiment of this news? Please choose an answer from {negative/neutral/positive}.
Input: Demand seems to have hit bottom now , and some signs of improvement can be seen .
Answer: ",positive,neutral
1214,"Employees are also better prepared to answer calls , since they already have detailed information about the caller before they answer the phone . ''",positive,What is the sentiment of this news? Please choose an answer from {negative/neutral/positive}.,"Instruction: What is the sentiment of this news? Please choose an answer from {negative/neutral/positive}.
Input: Employees are also better prepared to answer calls , since they already have detailed information about the caller before they answer the phone . ''
Answer: ",positive,neutral
1217,"Even so , Tulikivi emissions are well below some of the strictest state standards including Washington and Colorado .",neutral,What is the sentiment of this news? Please choose an answer from {negative/neutral/positive}.,"Instruction: What is the sentiment of this news? Please choose an answer from {negative/neutral/positive}.
Input: Even so , Tulikivi emissions are well below some of the strictest state standards including Washington and Colorado .
Answer: ",neutral,neutral
1218,FCC Chairman Kevin Martin said that fair play required extending the same deregulatory rules to the digital subscriber lines that telecom providers use for broadband networks .,neutral,What is the sentiment of this news? Please choose an answer from {negative/neutral/positive}.,"Instruction: What is the sentiment of this news? Please choose an answer from {negative/neutral/positive}.
Input: FCC Chairman Kevin Martin said that fair play required extending the same deregulatory rules to the digital subscriber lines that telecom providers use for broadband networks .
Answer: ",neutral,neutral
1243,However short-term rentals are becoming more popular .,neutral,What is the sentiment of this news? Please choose an answer from {negative/neutral/positive}.,"Instruction: What is the sentiment of this news? Please choose an answer from {negative/neutral/positive}.
Input: However short-term rentals are becoming more popular .
Answer: ",neutral,neutral
1248,"In Finland , 71 % of paper and paperboard is reclaimed .",neutral,What is the sentiment of this news? Please choose an answer from {negative/neutral/positive}.,"Instruction: What is the sentiment of this news? Please choose an answer from {negative/neutral/positive}.
Input: In Finland , 71 % of paper and paperboard is reclaimed .
Answer: ",neutral,neutral
1250,"In providing managed services , Nokia takes responsibility for building , operating and transferring as well as optimising the Indosat 3G network .",neutral,What is the sentiment of this news? Please choose an answer from {negative/neutral/positive}.,"Instruction: What is the sentiment of this news? Please choose an answer from {negative/neutral/positive}.
Input: In providing managed services , Nokia takes responsibility for building , operating and transferring as well as optimising the Indosat 3G network .
Answer: ",neutral,neutral
1252,"In the end , Sanoma News wants to secure its foundation with the savings .",neutral,What is the sentiment of this news? Please choose an answer from {negative/neutral/positive}.,"Instruction: What is the sentiment of this news? Please choose an answer from {negative/neutral/positive}.
Input: In the end , Sanoma News wants to secure its foundation with the savings .
Answer: ",neutral,neutral
1254,"In the survey , Goodyear is the third most valued tyre brand , followed by Continental and Bridgestone .",neutral,What is the sentiment of this news? Please choose an answer from {negative/neutral/positive}.,"Instruction: What is the sentiment of this news? Please choose an answer from {negative/neutral/positive}.
Input: In the survey , Goodyear is the third most valued tyre brand , followed by Continental and Bridgestone .
Answer: ",neutral,neutral
1256,Ingen is an established medical device manufacturer with an emerging new medical product line for the respiratory market worth an estimated $ 4 billion in the U.S. and $ 8 billion globally .,neutral,What is the sentiment of this news? Please choose an answer from {negative/neutral/positive}.,"Instruction: What is the sentiment of this news? Please choose an answer from {negative/neutral/positive}.
Input: Ingen is an established medical device manufacturer with an emerging new medical product line for the respiratory market worth an estimated $ 4 billion in the U.S. and $ 8 billion globally .
Answer: ",neutral,neutral
1267,Its 168 asset management experts manage assets worth over EUR 35 billion .,neutral,What is the sentiment of this news? Please choose an answer from {negative/neutral/positive}.,"Instruction: What is the sentiment of this news? Please choose an answer from {negative/neutral/positive}.
Input: Its 168 asset management experts manage assets worth over EUR 35 billion .
Answer: ",neutral,neutral
1275,"KONE , headquartered in Espoo , Finland , is one of the world 's leading elevator and escalator companies .",neutral,What is the sentiment of this news? Please choose an answer from {negative/neutral/positive}.,"Instruction: What is the sentiment of this news? Please choose an answer from {negative/neutral/positive}.
Input: KONE , headquartered in Espoo , Finland , is one of the world 's leading elevator and escalator companies .
Answer: ",neutral,neutral
1276,"Last July , the group said it intended to relocate warehouse and office space in Loudeac and Saint Marcel to Morvillars , in the east of France , where it already operates a hook manufacturing and distribution unit .",neutral,What is the sentiment of this news? Please choose an answer from {negative/neutral/positive}.,"Instruction: What is the sentiment of this news? Please choose an answer from {negative/neutral/positive}.
Input: Last July , the group said it intended to relocate warehouse and office space in Loudeac and Saint Marcel to Morvillars , in the east of France , where it already operates a hook manufacturing and distribution unit .
Answer: ",neutral,neutral
1277,"Lember said the matter was topical also in Estonia , where a bill has been drafted at the Social Affairs Ministry that would scrap old-age pensions on favorable conditions .",neutral,What is the sentiment of this news? Please choose an answer from {negative/neutral/positive}.,"Instruction: What is the sentiment of this news? Please choose an answer from {negative/neutral/positive}.
Input: Lember said the matter was topical also in Estonia , where a bill has been drafted at the Social Affairs Ministry that would scrap old-age pensions on favorable conditions .
Answer: ",neutral,neutral
1282,( I&H ) in a move to enhance growth .,positive,What is the sentiment of this news? Please choose an answer from {negative/neutral/positive}.,"Instruction: What is the sentiment of this news? Please choose an answer from {negative/neutral/positive}.
Input: ( I&H ) in a move to enhance growth .
Answer: ",positive,neutral
1291,Neomarkka has played a leading role in a group that aims to restart the production of specialty cellulose fiber in Valkeakoski .,neutral,What is the sentiment of this news? Please choose an answer from {negative/neutral/positive}.,"Instruction: What is the sentiment of this news? Please choose an answer from {negative/neutral/positive}.
Input: Neomarkka has played a leading role in a group that aims to restart the production of specialty cellulose fiber in Valkeakoski .
Answer: ",neutral,neutral
1296,"Of these shares 14,747,084 are held by the Company and the number of outstanding shares and voting rights attached to the shares amounts thus to 161,256,847 .",neutral,What is the sentiment of this news? Please choose an answer from {negative/neutral/positive}.,"Instruction: What is the sentiment of this news? Please choose an answer from {negative/neutral/positive}.
Input: Of these shares 14,747,084 are held by the Company and the number of outstanding shares and voting rights attached to the shares amounts thus to 161,256,847 .
Answer: ",neutral,neutral
1300,"O'Leary 's Material Handling Services , located in Perth , is the leading company in Western Australia that supplies , installs and provides service for tail lifts .",positive,What is the sentiment of this news? Please choose an answer from {negative/neutral/positive}.,"Instruction: What is the sentiment of this news? Please choose an answer from {negative/neutral/positive}.
Input: O'Leary 's Material Handling Services , located in Perth , is the leading company in Western Australia that supplies , installs and provides service for tail lifts .
Answer: ",positive,neutral
1306,"Our solutions are industry-independent supporting multilingual and currency needs , modular and applicable to companies of all sizes , '' CEO Ilkka Sihvo said .",neutral,What is the sentiment of this news? Please choose an answer from {negative/neutral/positive}.,"Instruction: What is the sentiment of this news? Please choose an answer from {negative/neutral/positive}.
Input: Our solutions are industry-independent supporting multilingual and currency needs , modular and applicable to companies of all sizes , '' CEO Ilkka Sihvo said .
Answer: ",neutral,neutral
1312,Pertti Ervi is independent from the Company and its major shareholders .,neutral,What is the sentiment of this news? Please choose an answer from {negative/neutral/positive}.,"Instruction: What is the sentiment of this news? Please choose an answer from {negative/neutral/positive}.
Input: Pertti Ervi is independent from the Company and its major shareholders .
Answer: ",neutral,neutral
1314,"Poyry Energy GmbH is Austria 's leading engineering and consulting company in the energy , infrastructure and environment sector , owned by Poyry Plc. and the Austrian Verbund AG .",neutral,What is the sentiment of this news? Please choose an answer from {negative/neutral/positive}.,"Instruction: What is the sentiment of this news? Please choose an answer from {negative/neutral/positive}.
Input: Poyry Energy GmbH is Austria 's leading engineering and consulting company in the energy , infrastructure and environment sector , owned by Poyry Plc. and the Austrian Verbund AG .
Answer: ",neutral,neutral
1318,"Previously , the plant was expected to be completed by the end of 2008 .",neutral,What is the sentiment of this news? Please choose an answer from {negative/neutral/positive}.,"Instruction: What is the sentiment of this news? Please choose an answer from {negative/neutral/positive}.
Input: Previously , the plant was expected to be completed by the end of 2008 .
Answer: ",neutral,neutral
1319,Production at the plant will be based on Neste Oil 's proprietary technology that can use a flexible input of any vegetable oil or animal fat .,neutral,What is the sentiment of this news? Please choose an answer from {negative/neutral/positive}.,"Instruction: What is the sentiment of this news? Please choose an answer from {negative/neutral/positive}.
Input: Production at the plant will be based on Neste Oil 's proprietary technology that can use a flexible input of any vegetable oil or animal fat .
Answer: ",neutral,neutral
1324,Rapala aims to move the distribution unit Ragot from Loudeac in Bretagne and the distribution unit Waterqueen and the fishing line supplier Tortue from Saint Marcel in Central France to Morvillars .,neutral,What is the sentiment of this news? Please choose an answer from {negative/neutral/positive}.,"Instruction: What is the sentiment of this news? Please choose an answer from {negative/neutral/positive}.
Input: Rapala aims to move the distribution unit Ragot from Loudeac in Bretagne and the distribution unit Waterqueen and the fishing line supplier Tortue from Saint Marcel in Central France to Morvillars .
Answer: ",neutral,neutral
1329,"Russia 's top container shipping group , Fesco , and Finnish logistics company Nurminen Logistics have started a pilot project offering clients direct intermodal transportation service from Finland to Asia Pacific countries , Fesco said in a statement .",positive,What is the sentiment of this news? Please choose an answer from {negative/neutral/positive}.,"Instruction: What is the sentiment of this news? Please choose an answer from {negative/neutral/positive}.
Input: Russia 's top container shipping group , Fesco , and Finnish logistics company Nurminen Logistics have started a pilot project offering clients direct intermodal transportation service from Finland to Asia Pacific countries , Fesco said in a statement .
Answer: ",positive,neutral
1331,"Sanoma also has an Executive Committee , in accordance with the Company 's Articles of Association , that prepares proposals for matters to be decided or noted by the Board of Directors .",neutral,What is the sentiment of this news? Please choose an answer from {negative/neutral/positive}.,"Instruction: What is the sentiment of this news? Please choose an answer from {negative/neutral/positive}.
Input: Sanoma also has an Executive Committee , in accordance with the Company 's Articles of Association , that prepares proposals for matters to be decided or noted by the Board of Directors .
Answer: ",neutral,neutral
1332,"Sarantel , based in Wellingborough , UK , designs high-performance antennas for portable wireless devices .",neutral,What is the sentiment of this news? Please choose an answer from {negative/neutral/positive}.,"Instruction: What is the sentiment of this news? Please choose an answer from {negative/neutral/positive}.
Input: Sarantel , based in Wellingborough , UK , designs high-performance antennas for portable wireless devices .
Answer: ",neutral,neutral
1342,"Stonesoft is a global provider of proven , next generation solutions that simplify network security management .",neutral,What is the sentiment of this news? Please choose an answer from {negative/neutral/positive}.,"Instruction: What is the sentiment of this news? Please choose an answer from {negative/neutral/positive}.
Input: Stonesoft is a global provider of proven , next generation solutions that simplify network security management .
Answer: ",neutral,neutral
1347,Technopolis 's technological centers supply their clients with modern high-class premises .,neutral,What is the sentiment of this news? Please choose an answer from {negative/neutral/positive}.,"Instruction: What is the sentiment of this news? Please choose an answer from {negative/neutral/positive}.
Input: Technopolis 's technological centers supply their clients with modern high-class premises .
Answer: ",neutral,neutral
1348,"Tekla provides 3D software for building and infrastructure engineering , with a focus on building information modelling of steel and concrete structures from design to construction .",neutral,What is the sentiment of this news? Please choose an answer from {negative/neutral/positive}.,"Instruction: What is the sentiment of this news? Please choose an answer from {negative/neutral/positive}.
Input: Tekla provides 3D software for building and infrastructure engineering , with a focus on building information modelling of steel and concrete structures from design to construction .
Answer: ",neutral,neutral
1353,The availability of the Internet services is highlighted in the service offer of Kesko 's K-Group stores .,neutral,What is the sentiment of this news? Please choose an answer from {negative/neutral/positive}.,"Instruction: What is the sentiment of this news? Please choose an answer from {negative/neutral/positive}.
Input: The availability of the Internet services is highlighted in the service offer of Kesko 's K-Group stores .
Answer: ",neutral,neutral
1358,"The center offers a comprehensive range of device design services spanning from electronics , mechanics and software design to a full range of testing laboratory services .",neutral,What is the sentiment of this news? Please choose an answer from {negative/neutral/positive}.,"Instruction: What is the sentiment of this news? Please choose an answer from {negative/neutral/positive}.
Input: The center offers a comprehensive range of device design services spanning from electronics , mechanics and software design to a full range of testing laboratory services .
Answer: ",neutral,neutral
1363,"The company is now withdrawing the second part , EUR 7.2 mn , of the investment commitment .",neutral,What is the sentiment of this news? Please choose an answer from {negative/neutral/positive}.,"Instruction: What is the sentiment of this news? Please choose an answer from {negative/neutral/positive}.
Input: The company is now withdrawing the second part , EUR 7.2 mn , of the investment commitment .
Answer: ",neutral,neutral
1365,The company is studying the feasibility of focusing most of its processed meat production in the Vantaa facilities and the processing of fresh meat in the Forssa facilities .,neutral,What is the sentiment of this news? Please choose an answer from {negative/neutral/positive}.,"Instruction: What is the sentiment of this news? Please choose an answer from {negative/neutral/positive}.
Input: The company is studying the feasibility of focusing most of its processed meat production in the Vantaa facilities and the processing of fresh meat in the Forssa facilities .
Answer: ",neutral,neutral
1369,"The competition was received with great enthusiasm by the employees , he goes on .",positive,What is the sentiment of this news? Please choose an answer from {negative/neutral/positive}.,"Instruction: What is the sentiment of this news? Please choose an answer from {negative/neutral/positive}.
Input: The competition was received with great enthusiasm by the employees , he goes on .
Answer: ",positive,neutral
1372,The desk will reach its full planned strength of ten persons in autumn 2007 .,neutral,What is the sentiment of this news? Please choose an answer from {negative/neutral/positive}.,"Instruction: What is the sentiment of this news? Please choose an answer from {negative/neutral/positive}.
Input: The desk will reach its full planned strength of ten persons in autumn 2007 .
Answer: ",neutral,neutral
1384,"The group intends to relocate warehouse and office space in Loudeac and Saint Marcel to Morvillars , in the east of the country , where it already operates a hook manufacturing and distribution unit .",neutral,What is the sentiment of this news? Please choose an answer from {negative/neutral/positive}.,"Instruction: What is the sentiment of this news? Please choose an answer from {negative/neutral/positive}.
Input: The group intends to relocate warehouse and office space in Loudeac and Saint Marcel to Morvillars , in the east of the country , where it already operates a hook manufacturing and distribution unit .
Answer: ",neutral,neutral
1388,"The important thing now is to keep the bank 's existing 15,000 customers .",neutral,What is the sentiment of this news? Please choose an answer from {negative/neutral/positive}.,"Instruction: What is the sentiment of this news? Please choose an answer from {negative/neutral/positive}.
Input: The important thing now is to keep the bank 's existing 15,000 customers .
Answer: ",neutral,neutral
1396,"The most interesting export markets will be Russia , the Baltic countries and Scandinavia .",neutral,What is the sentiment of this news? Please choose an answer from {negative/neutral/positive}.,"Instruction: What is the sentiment of this news? Please choose an answer from {negative/neutral/positive}.
Input: The most interesting export markets will be Russia , the Baltic countries and Scandinavia .
Answer: ",neutral,neutral
1409,The price for logs has clearly improved from 2009 and also the price of pulpwood has gone up .,positive,What is the sentiment of this news? Please choose an answer from {negative/neutral/positive}.,"Instruction: What is the sentiment of this news? Please choose an answer from {negative/neutral/positive}.
Input: The price for logs has clearly improved from 2009 and also the price of pulpwood has gone up .
Answer: ",positive,neutral
1430,"The subsidiary will be responsible for filter sales , local assembly of filters and after market services in China .",neutral,What is the sentiment of this news? Please choose an answer from {negative/neutral/positive}.,"Instruction: What is the sentiment of this news? Please choose an answer from {negative/neutral/positive}.
Input: The subsidiary will be responsible for filter sales , local assembly of filters and after market services in China .
Answer: ",neutral,neutral
1445,Tracker G400 is a GPS collar for hunting dogs allowing to monitor the dog 's position and movements with a map application for mobile phones .,neutral,What is the sentiment of this news? Please choose an answer from {negative/neutral/positive}.,"Instruction: What is the sentiment of this news? Please choose an answer from {negative/neutral/positive}.
Input: Tracker G400 is a GPS collar for hunting dogs allowing to monitor the dog 's position and movements with a map application for mobile phones .
Answer: ",neutral,neutral
1460,"www.countryelements.co.uk Designed by Patricia Burt , this is just one of a selection of distinctive hooked rugs created with recycled materials and dyed natural dyes .",neutral,What is the sentiment of this news? Please choose an answer from {negative/neutral/positive}.,"Instruction: What is the sentiment of this news? Please choose an answer from {negative/neutral/positive}.
Input: www.countryelements.co.uk Designed by Patricia Burt , this is just one of a selection of distinctive hooked rugs created with recycled materials and dyed natural dyes .
Answer: ",neutral,neutral
1470,`` Nokia is just interested in bring Nokia to the market . '',neutral,What is the sentiment of this news? Please choose an answer from {negative/neutral/positive}.,"Instruction: What is the sentiment of this news? Please choose an answer from {negative/neutral/positive}.
Input: `` Nokia is just interested in bring Nokia to the market . ''
Answer: ",neutral,neutral
1471,`` Our aim is to understand different traffic patterns based on the use of each building .,neutral,What is the sentiment of this news? Please choose an answer from {negative/neutral/positive}.,"Instruction: What is the sentiment of this news? Please choose an answer from {negative/neutral/positive}.
Input: `` Our aim is to understand different traffic patterns based on the use of each building .
Answer: ",neutral,neutral
1478,"`` The bond gathered subscriptions from some 400 investors and the issued amount can be considered substantial taking into account the main target group -- retail investors , '' Citycon CFO Eero Sihvonen said .",neutral,What is the sentiment of this news? Please choose an answer from {negative/neutral/positive}.,"Instruction: What is the sentiment of this news? Please choose an answer from {negative/neutral/positive}.
Input: `` The bond gathered subscriptions from some 400 investors and the issued amount can be considered substantial taking into account the main target group -- retail investors , '' Citycon CFO Eero Sihvonen said .
Answer: ",neutral,neutral
1484,"`` We have significant experience in smartphone functionality , in the development of mobile Internet services , and in uniting the two into a smooth user experience .",positive,What is the sentiment of this news? Please choose an answer from {negative/neutral/positive}.,"Instruction: What is the sentiment of this news? Please choose an answer from {negative/neutral/positive}.
Input: `` We have significant experience in smartphone functionality , in the development of mobile Internet services , and in uniting the two into a smooth user experience .
Answer: ",positive,neutral
1493,A realignment of interests in the sector is clearly under way .,positive,What is the sentiment of this news? Please choose an answer from {negative/neutral/positive}.,"Instruction: What is the sentiment of this news? Please choose an answer from {negative/neutral/positive}.
Input: A realignment of interests in the sector is clearly under way .
Answer: ",positive,neutral
1495,Estimations indicate that even up to 170 different tablet computers or reading devices will be available in 2011 .,neutral,What is the sentiment of this news? Please choose an answer from {negative/neutral/positive}.,"Instruction: What is the sentiment of this news? Please choose an answer from {negative/neutral/positive}.
Input: Estimations indicate that even up to 170 different tablet computers or reading devices will be available in 2011 .
Answer: ",neutral,neutral
1500,As an overall effect of the above-mentioned measures Glaston will recognize non-recurring expenses of EUR 12 million in the fourth quarter of 2008 .,neutral,What is the sentiment of this news? Please choose an answer from {negative/neutral/positive}.,"Instruction: What is the sentiment of this news? Please choose an answer from {negative/neutral/positive}.
Input: As an overall effect of the above-mentioned measures Glaston will recognize non-recurring expenses of EUR 12 million in the fourth quarter of 2008 .
Answer: ",neutral,neutral
1516,"Demonstrations of the broad capabilities of the Mobility Business Suite will be organized during the 3GSM World Congress in Barcelona , from February 12th to 15th .",neutral,What is the sentiment of this news? Please choose an answer from {negative/neutral/positive}.,"Instruction: What is the sentiment of this news? Please choose an answer from {negative/neutral/positive}.
Input: Demonstrations of the broad capabilities of the Mobility Business Suite will be organized during the 3GSM World Congress in Barcelona , from February 12th to 15th .
Answer: ",neutral,neutral
1527,From Merisatama to the far corners of the world Asfaltti Osakeyhti+Â Lemmink+ñinen was established in 1910 by a group of master builders in Helsinki as a specialist business and subcontractor .,neutral,What is the sentiment of this news? Please choose an answer from {negative/neutral/positive}.,"Instruction: What is the sentiment of this news? Please choose an answer from {negative/neutral/positive}.
Input: From Merisatama to the far corners of the world Asfaltti Osakeyhti+Â Lemmink+ñinen was established in 1910 by a group of master builders in Helsinki as a specialist business and subcontractor .
Answer: ",neutral,neutral
1528,"F-Secure , a developer of security solutions as a service through Internet Service Providers and mobile operators , announced results from its annual Online Wellbeing Survey .",neutral,What is the sentiment of this news? Please choose an answer from {negative/neutral/positive}.,"Instruction: What is the sentiment of this news? Please choose an answer from {negative/neutral/positive}.
Input: F-Secure , a developer of security solutions as a service through Internet Service Providers and mobile operators , announced results from its annual Online Wellbeing Survey .
Answer: ",neutral,neutral
1529,"Further concrete cooperation is also carried out through various projects , doctoral theses and diploma dissertations .",neutral,What is the sentiment of this news? Please choose an answer from {negative/neutral/positive}.,"Instruction: What is the sentiment of this news? Please choose an answer from {negative/neutral/positive}.
Input: Further concrete cooperation is also carried out through various projects , doctoral theses and diploma dissertations .
Answer: ",neutral,neutral
1531,"Handelsbanken ranked before Local Cooperative Banks and Aktia in customer loyalty this time too , however .",positive,What is the sentiment of this news? Please choose an answer from {negative/neutral/positive}.,"Instruction: What is the sentiment of this news? Please choose an answer from {negative/neutral/positive}.
Input: Handelsbanken ranked before Local Cooperative Banks and Aktia in customer loyalty this time too , however .
Answer: ",positive,neutral
1540,"In recent months , Capman has taken significant steps to simplify its operations , CEO Lennart Simonsen said .",positive,What is the sentiment of this news? Please choose an answer from {negative/neutral/positive}.,"Instruction: What is the sentiment of this news? Please choose an answer from {negative/neutral/positive}.
Input: In recent months , Capman has taken significant steps to simplify its operations , CEO Lennart Simonsen said .
Answer: ",positive,neutral
1542,"In the Baltics , the merger of the businesses of the two is expected to be completed in early 2008 .",neutral,What is the sentiment of this news? Please choose an answer from {negative/neutral/positive}.,"Instruction: What is the sentiment of this news? Please choose an answer from {negative/neutral/positive}.
Input: In the Baltics , the merger of the businesses of the two is expected to be completed in early 2008 .
Answer: ",neutral,neutral
1568,Nokian Tyres ' tyres are considered genuine winter tyres in Russia .,neutral,What is the sentiment of this news? Please choose an answer from {negative/neutral/positive}.,"Instruction: What is the sentiment of this news? Please choose an answer from {negative/neutral/positive}.
Input: Nokian Tyres ' tyres are considered genuine winter tyres in Russia .
Answer: ",neutral,neutral
1570,"On the other hand , Finnish sawmills ' production has decreased even more .",negative,What is the sentiment of this news? Please choose an answer from {negative/neutral/positive}.,"Instruction: What is the sentiment of this news? Please choose an answer from {negative/neutral/positive}.
Input: On the other hand , Finnish sawmills ' production has decreased even more .
Answer: ",negative,neutral
1571,"One of the installed elevators will be a double-deck elevator , which enables more efficient use of the building 's core space .",positive,What is the sentiment of this news? Please choose an answer from {negative/neutral/positive}.,"Instruction: What is the sentiment of this news? Please choose an answer from {negative/neutral/positive}.
Input: One of the installed elevators will be a double-deck elevator , which enables more efficient use of the building 's core space .
Answer: ",positive,neutral
1573,"Outotec 's scope of delivery covers the engineering , supply of special equipment and services for a calcination plant with two circulating fluid bed calciners .",neutral,What is the sentiment of this news? Please choose an answer from {negative/neutral/positive}.,"Instruction: What is the sentiment of this news? Please choose an answer from {negative/neutral/positive}.
Input: Outotec 's scope of delivery covers the engineering , supply of special equipment and services for a calcination plant with two circulating fluid bed calciners .
Answer: ",neutral,neutral
1574,"Outotec 's scope of delivery includes design , basic engineering and supply of proprietary equipment for a sinter plant with a grate area of 496 square meters .",neutral,What is the sentiment of this news? Please choose an answer from {negative/neutral/positive}.,"Instruction: What is the sentiment of this news? Please choose an answer from {negative/neutral/positive}.
Input: Outotec 's scope of delivery includes design , basic engineering and supply of proprietary equipment for a sinter plant with a grate area of 496 square meters .
Answer: ",neutral,neutral
1581,Pharmaceuticals - Poland This brand-new market analysis gives a clear overview of the actual situation and future outlook of the pharmaceutical market in Poland .,neutral,What is the sentiment of this news? Please choose an answer from {negative/neutral/positive}.,"Instruction: What is the sentiment of this news? Please choose an answer from {negative/neutral/positive}.
Input: Pharmaceuticals - Poland This brand-new market analysis gives a clear overview of the actual situation and future outlook of the pharmaceutical market in Poland .
Answer: ",neutral,neutral
1585,Quality chargers under CHARGZ brand are sold in selected retail stores and other sales locations world-wide .,neutral,What is the sentiment of this news? Please choose an answer from {negative/neutral/positive}.,"Instruction: What is the sentiment of this news? Please choose an answer from {negative/neutral/positive}.
Input: Quality chargers under CHARGZ brand are sold in selected retail stores and other sales locations world-wide .
Answer: ",neutral,neutral
1597,"Stora Enso Oyj said Friday it will sell its North American unit to NewPage , in a deal valued at euro1 .82 billion US$ 2.52 million .",neutral,What is the sentiment of this news? Please choose an answer from {negative/neutral/positive}.,"Instruction: What is the sentiment of this news? Please choose an answer from {negative/neutral/positive}.
Input: Stora Enso Oyj said Friday it will sell its North American unit to NewPage , in a deal valued at euro1 .82 billion US$ 2.52 million .
Answer: ",neutral,neutral
1603,"Tekla will organize an information meeting for analysts and media at WTC Helsinki Marski meeting room , Aleksanterinkatu 17 , the same day at 12:30 - 1:30 p.m. Light lunch will be served .",neutral,What is the sentiment of this news? Please choose an answer from {negative/neutral/positive}.,"Instruction: What is the sentiment of this news? Please choose an answer from {negative/neutral/positive}.
Input: Tekla will organize an information meeting for analysts and media at WTC Helsinki Marski meeting room , Aleksanterinkatu 17 , the same day at 12:30 - 1:30 p.m. Light lunch will be served .
Answer: ",neutral,neutral
1604,The aim is to convert the plants into flexible manufacturers of new and technologically demanding products .,positive,What is the sentiment of this news? Please choose an answer from {negative/neutral/positive}.,"Instruction: What is the sentiment of this news? Please choose an answer from {negative/neutral/positive}.
Input: The aim is to convert the plants into flexible manufacturers of new and technologically demanding products .
Answer: ",positive,neutral
1605,The aim is to develop open-source application solutions .,neutral,What is the sentiment of this news? Please choose an answer from {negative/neutral/positive}.,"Instruction: What is the sentiment of this news? Please choose an answer from {negative/neutral/positive}.
Input: The aim is to develop open-source application solutions .
Answer: ",neutral,neutral
1619,"The company said Offshore segment represented 43 % of the total marine engines orders for the July-September 2010 period , Merchant 33 % , Special vessels 18 % , and Cruise and Ferry , and Ship Design -- 2 % and 3 % , respectively .",neutral,What is the sentiment of this news? Please choose an answer from {negative/neutral/positive}.,"Instruction: What is the sentiment of this news? Please choose an answer from {negative/neutral/positive}.
Input: The company said Offshore segment represented 43 % of the total marine engines orders for the July-September 2010 period , Merchant 33 % , Special vessels 18 % , and Cruise and Ferry , and Ship Design -- 2 % and 3 % , respectively .
Answer: ",neutral,neutral
1625,"The contracts awarded to date , in connection with the system , amount to a total EUR 36 million .",neutral,What is the sentiment of this news? Please choose an answer from {negative/neutral/positive}.,"Instruction: What is the sentiment of this news? Please choose an answer from {negative/neutral/positive}.
Input: The contracts awarded to date , in connection with the system , amount to a total EUR 36 million .
Answer: ",neutral,neutral
1631,The event can also be viewed as a live audio webcast at www.ahlstrom.com .,neutral,What is the sentiment of this news? Please choose an answer from {negative/neutral/positive}.,"Instruction: What is the sentiment of this news? Please choose an answer from {negative/neutral/positive}.
Input: The event can also be viewed as a live audio webcast at www.ahlstrom.com .
Answer: ",neutral,neutral
1633,The first charging stations will be made available already in 2008 and a whole network is to be ready in 2010 .,neutral,What is the sentiment of this news? Please choose an answer from {negative/neutral/positive}.,"Instruction: What is the sentiment of this news? Please choose an answer from {negative/neutral/positive}.
Input: The first charging stations will be made available already in 2008 and a whole network is to be ready in 2010 .
Answer: ",neutral,neutral
1635,The investment will be worth approximately EUR 100mn .,neutral,What is the sentiment of this news? Please choose an answer from {negative/neutral/positive}.,"Instruction: What is the sentiment of this news? Please choose an answer from {negative/neutral/positive}.
Input: The investment will be worth approximately EUR 100mn .
Answer: ",neutral,neutral
1636,The mill is concentrating on getting the supercalendered line running satisfactorily before restarting its older newsprint line .,neutral,What is the sentiment of this news? Please choose an answer from {negative/neutral/positive}.,"Instruction: What is the sentiment of this news? Please choose an answer from {negative/neutral/positive}.
Input: The mill is concentrating on getting the supercalendered line running satisfactorily before restarting its older newsprint line .
Answer: ",neutral,neutral
1639,"The new system , which will include 60 MC3090 PDAs from Motorola , to be used by 60 Poundstretcher operatives across 3 shifts , will integrate in real-time with the company s existing Warehouse Management System , Aldata G.O.L.D Stock , which went live in May 2008 .",neutral,What is the sentiment of this news? Please choose an answer from {negative/neutral/positive}.,"Instruction: What is the sentiment of this news? Please choose an answer from {negative/neutral/positive}.
Input: The new system , which will include 60 MC3090 PDAs from Motorola , to be used by 60 Poundstretcher operatives across 3 shifts , will integrate in real-time with the company s existing Warehouse Management System , Aldata G.O.L.D Stock , which went live in May 2008 .
Answer: ",neutral,neutral
1645,The organization that is a member of the Russian auto sector union MPRA has become active since Tikkurila acquired Russian paint company Kraski Teks in 2006 .,neutral,What is the sentiment of this news? Please choose an answer from {negative/neutral/positive}.,"Instruction: What is the sentiment of this news? Please choose an answer from {negative/neutral/positive}.
Input: The organization that is a member of the Russian auto sector union MPRA has become active since Tikkurila acquired Russian paint company Kraski Teks in 2006 .
Answer: ",neutral,neutral
1646,"The outsourced Scan and Capture solutions transfer paper invoices into electronic format , and Basware Business Transactions Service allows the customer to receive and send invoices in an electronic format .",neutral,What is the sentiment of this news? Please choose an answer from {negative/neutral/positive}.,"Instruction: What is the sentiment of this news? Please choose an answer from {negative/neutral/positive}.
Input: The outsourced Scan and Capture solutions transfer paper invoices into electronic format , and Basware Business Transactions Service allows the customer to receive and send invoices in an electronic format .
Answer: ",neutral,neutral
1648,The pipeline is strong .,positive,What is the sentiment of this news? Please choose an answer from {negative/neutral/positive}.,"Instruction: What is the sentiment of this news? Please choose an answer from {negative/neutral/positive}.
Input: The pipeline is strong .
Answer: ",positive,neutral
1658,"The terms of the financing were approved by the Annual General Meeting of the Company held on June 30 , 2010 .",positive,What is the sentiment of this news? Please choose an answer from {negative/neutral/positive}.,"Instruction: What is the sentiment of this news? Please choose an answer from {negative/neutral/positive}.
Input: The terms of the financing were approved by the Annual General Meeting of the Company held on June 30 , 2010 .
Answer: ",positive,neutral
1663,"The transaction , which includes US$ 1.5 billion euro1 billion in cash , vendor notes and share purchases , is expected to be completed in the first quarter of 2008 , the Finnish-Swedish paper maker said .",neutral,What is the sentiment of this news? Please choose an answer from {negative/neutral/positive}.,"Instruction: What is the sentiment of this news? Please choose an answer from {negative/neutral/positive}.
Input: The transaction , which includes US$ 1.5 billion euro1 billion in cash , vendor notes and share purchases , is expected to be completed in the first quarter of 2008 , the Finnish-Swedish paper maker said .
Answer: ",neutral,neutral
1664,The upgraded factory is scheduled to come on stream in the summer of 2008 .,neutral,What is the sentiment of this news? Please choose an answer from {negative/neutral/positive}.,"Instruction: What is the sentiment of this news? Please choose an answer from {negative/neutral/positive}.
Input: The upgraded factory is scheduled to come on stream in the summer of 2008 .
Answer: ",neutral,neutral
1668,This allows devices such as mobile phones to become a few millimetres thinner .,neutral,What is the sentiment of this news? Please choose an answer from {negative/neutral/positive}.,"Instruction: What is the sentiment of this news? Please choose an answer from {negative/neutral/positive}.
Input: This allows devices such as mobile phones to become a few millimetres thinner .
Answer: ",neutral,neutral
1669,"This implementation is very important to the operator , since it is about to launch its Fixed-to-Mobile convergence service in Brazil see Brazil : 8 May 2006 : .",neutral,What is the sentiment of this news? Please choose an answer from {negative/neutral/positive}.,"Instruction: What is the sentiment of this news? Please choose an answer from {negative/neutral/positive}.
Input: This implementation is very important to the operator , since it is about to launch its Fixed-to-Mobile convergence service in Brazil see Brazil : 8 May 2006 : .
Answer: ",neutral,neutral
1673,Three students from Universiti Sains Malaysia have won a study trip to Helsinki .,neutral,What is the sentiment of this news? Please choose an answer from {negative/neutral/positive}.,"Instruction: What is the sentiment of this news? Please choose an answer from {negative/neutral/positive}.
Input: Three students from Universiti Sains Malaysia have won a study trip to Helsinki .
Answer: ",neutral,neutral
1678,To raise consumer awareness and encourage people to recycle their old mobile devices Nokia runs regular recycling campaigns around the world .,neutral,What is the sentiment of this news? Please choose an answer from {negative/neutral/positive}.,"Instruction: What is the sentiment of this news? Please choose an answer from {negative/neutral/positive}.
Input: To raise consumer awareness and encourage people to recycle their old mobile devices Nokia runs regular recycling campaigns around the world .
Answer: ",neutral,neutral
1679,"To see more of New Haven Register , or to subscribe to the newspaper .",neutral,What is the sentiment of this news? Please choose an answer from {negative/neutral/positive}.,"Instruction: What is the sentiment of this news? Please choose an answer from {negative/neutral/positive}.
Input: To see more of New Haven Register , or to subscribe to the newspaper .
Answer: ",neutral,neutral
1680,"To showcase our end-to-end capabilities at the Mobile World Congress , we arranged an internal MeeGo application development competition to entice developers to create new applications .",neutral,What is the sentiment of this news? Please choose an answer from {negative/neutral/positive}.,"Instruction: What is the sentiment of this news? Please choose an answer from {negative/neutral/positive}.
Input: To showcase our end-to-end capabilities at the Mobile World Congress , we arranged an internal MeeGo application development competition to entice developers to create new applications .
Answer: ",neutral,neutral
1682,Together they generate Aspo 's goodwill .,neutral,What is the sentiment of this news? Please choose an answer from {negative/neutral/positive}.,"Instruction: What is the sentiment of this news? Please choose an answer from {negative/neutral/positive}.
Input: Together they generate Aspo 's goodwill .
Answer: ",neutral,neutral
1683,"Trading in the new shares , which have right to dividends and other distributions of funds , will start on the exchange in Helsinki tomorrow .",neutral,What is the sentiment of this news? Please choose an answer from {negative/neutral/positive}.,"Instruction: What is the sentiment of this news? Please choose an answer from {negative/neutral/positive}.
Input: Trading in the new shares , which have right to dividends and other distributions of funds , will start on the exchange in Helsinki tomorrow .
Answer: ",neutral,neutral
1685,UPM-Kymmene has generated four consecutive quarters of positive Free Cash Flow .,positive,What is the sentiment of this news? Please choose an answer from {negative/neutral/positive}.,"Instruction: What is the sentiment of this news? Please choose an answer from {negative/neutral/positive}.
Input: UPM-Kymmene has generated four consecutive quarters of positive Free Cash Flow .
Answer: ",positive,neutral
1686,UPM-Kymmene has generated seventeen consecutive quarters of positive Cash Flow from Operations .,positive,What is the sentiment of this news? Please choose an answer from {negative/neutral/positive}.,"Instruction: What is the sentiment of this news? Please choose an answer from {negative/neutral/positive}.
Input: UPM-Kymmene has generated seventeen consecutive quarters of positive Cash Flow from Operations .
Answer: ",positive,neutral
1687,UPM-Kymmene has generated thirty-one consecutive quarters of positive EBITDA .,positive,What is the sentiment of this news? Please choose an answer from {negative/neutral/positive}.,"Instruction: What is the sentiment of this news? Please choose an answer from {negative/neutral/positive}.
Input: UPM-Kymmene has generated thirty-one consecutive quarters of positive EBITDA .
Answer: ",positive,neutral
1692,We make available the following brand-new market analyses : Cement - UK Cement - Poland Cement - Belgium These analyses give a clear overview of the actual situation and future outlook of the cement industry in some European countries .,neutral,What is the sentiment of this news? Please choose an answer from {negative/neutral/positive}.,"Instruction: What is the sentiment of this news? Please choose an answer from {negative/neutral/positive}.
Input: We make available the following brand-new market analyses : Cement - UK Cement - Poland Cement - Belgium These analyses give a clear overview of the actual situation and future outlook of the cement industry in some European countries .
Answer: ",neutral,neutral
1693,We make available the following brand-new market analyses Cement - Pakistan Cement - Malaysia Cement - Taiwan Cement - Philippines These analyses give a clear overview of the actual situation and future outlook of the cement industry in some Asian countries .,neutral,What is the sentiment of this news? Please choose an answer from {negative/neutral/positive}.,"Instruction: What is the sentiment of this news? Please choose an answer from {negative/neutral/positive}.
Input: We make available the following brand-new market analyses Cement - Pakistan Cement - Malaysia Cement - Taiwan Cement - Philippines These analyses give a clear overview of the actual situation and future outlook of the cement industry in some Asian countries .
Answer: ",neutral,neutral
1696,"Vehvilainen , who is currently the chief operating officer at Nokia Siemens Networks , will join Finnair on 5 January 2010 and take over as CEO effective 1 February 2010 .",neutral,What is the sentiment of this news? Please choose an answer from {negative/neutral/positive}.,"Instruction: What is the sentiment of this news? Please choose an answer from {negative/neutral/positive}.
Input: Vehvilainen , who is currently the chief operating officer at Nokia Siemens Networks , will join Finnair on 5 January 2010 and take over as CEO effective 1 February 2010 .
Answer: ",neutral,neutral
1707,"JP Morgan expects that Scala will lower Nobel Biocare 's growth forecast for 2007 from the current guidance of 23-25 pct , as well as the operating margin target from the current 34-35 pct .",negative,What is the sentiment of this news? Please choose an answer from {negative/neutral/positive}.,"Instruction: What is the sentiment of this news? Please choose an answer from {negative/neutral/positive}.
Input: JP Morgan expects that Scala will lower Nobel Biocare 's growth forecast for 2007 from the current guidance of 23-25 pct , as well as the operating margin target from the current 34-35 pct .
Answer: ",negative,neutral
1715,Aspocomp has repaid its interest bearing liability to Standard Chartered Bank and will use the rest of the consideration to partially repay its interest bearing liabilities in Finland and to improve its liquidity .,positive,What is the sentiment of this news? Please choose an answer from {negative/neutral/positive}.,"Instruction: What is the sentiment of this news? Please choose an answer from {negative/neutral/positive}.
Input: Aspocomp has repaid its interest bearing liability to Standard Chartered Bank and will use the rest of the consideration to partially repay its interest bearing liabilities in Finland and to improve its liquidity .
Answer: ",positive,neutral
1719,I thank Jarmo Ukonaho warmly for his contribution and wish him all the best in the future challenges . '',neutral,What is the sentiment of this news? Please choose an answer from {negative/neutral/positive}.,"Instruction: What is the sentiment of this news? Please choose an answer from {negative/neutral/positive}.
Input: I thank Jarmo Ukonaho warmly for his contribution and wish him all the best in the future challenges . ''
Answer: ",neutral,neutral
1722,"`` Following last year 's good profit development , we have entered the current year in a good position .",positive,What is the sentiment of this news? Please choose an answer from {negative/neutral/positive}.,"Instruction: What is the sentiment of this news? Please choose an answer from {negative/neutral/positive}.
Input: `` Following last year 's good profit development , we have entered the current year in a good position .
Answer: ",positive,neutral
1733,"The GeoSolutions technology will leverage Benefon 's GPS solutions by providing Location Based Search Technology , a Communities Platform , location relevant multimedia content and a new and powerful commercial model .",positive,What is the sentiment of this news? Please choose an answer from {negative/neutral/positive}.,"Instruction: What is the sentiment of this news? Please choose an answer from {negative/neutral/positive}.
Input: The GeoSolutions technology will leverage Benefon 's GPS solutions by providing Location Based Search Technology , a Communities Platform , location relevant multimedia content and a new and powerful commercial model .
Answer: ",positive,neutral
1734,"The stock is trading above both its MAPs and the 50-day MAP of SEK72 .983 is higher than the 200-day MAP of SEK70 .283 , a bullish indicator .",positive,What is the sentiment of this news? Please choose an answer from {negative/neutral/positive}.,"Instruction: What is the sentiment of this news? Please choose an answer from {negative/neutral/positive}.
Input: The stock is trading above both its MAPs and the 50-day MAP of SEK72 .983 is higher than the 200-day MAP of SEK70 .283 , a bullish indicator .
Answer: ",positive,neutral
1753,Merrill Lynch analyst Campbell Morgan upgraded his recommendation on PaperlinX from `` neutral '' to `` buy '' in May .,positive,What is the sentiment of this news? Please choose an answer from {negative/neutral/positive}.,"Instruction: What is the sentiment of this news? Please choose an answer from {negative/neutral/positive}.
Input: Merrill Lynch analyst Campbell Morgan upgraded his recommendation on PaperlinX from `` neutral '' to `` buy '' in May .
Answer: ",positive,neutral
1757,President and CEO Mika Vehvil+ñinen says the positive signs are first and foremost emerging outside Finland .,positive,What is the sentiment of this news? Please choose an answer from {negative/neutral/positive}.,"Instruction: What is the sentiment of this news? Please choose an answer from {negative/neutral/positive}.
Input: President and CEO Mika Vehvil+ñinen says the positive signs are first and foremost emerging outside Finland .
Answer: ",positive,neutral
1761,"SysOpen Digia Plc , Press release , 7 February 2006 IBM Finland has rewarded its most distinguished partner companies for 2005 .",positive,What is the sentiment of this news? Please choose an answer from {negative/neutral/positive}.,"Instruction: What is the sentiment of this news? Please choose an answer from {negative/neutral/positive}.
Input: SysOpen Digia Plc , Press release , 7 February 2006 IBM Finland has rewarded its most distinguished partner companies for 2005 .
Answer: ",positive,neutral
1772,"`` These patronage refunds reward members that use the fee-based services that make a positive contribution to CenCorp 's operating results , '' said Bill Walby , CenCorp CEO .",neutral,What is the sentiment of this news? Please choose an answer from {negative/neutral/positive}.,"Instruction: What is the sentiment of this news? Please choose an answer from {negative/neutral/positive}.
Input: `` These patronage refunds reward members that use the fee-based services that make a positive contribution to CenCorp 's operating results , '' said Bill Walby , CenCorp CEO .
Answer: ",neutral,neutral
1792,"We are very pleased with the fine co-operation between the two countries in recent times , he said .",positive,What is the sentiment of this news? Please choose an answer from {negative/neutral/positive}.,"Instruction: What is the sentiment of this news? Please choose an answer from {negative/neutral/positive}.
Input: We are very pleased with the fine co-operation between the two countries in recent times , he said .
Answer: ",positive,neutral
1794,"Neste Oil Corporation is a refining and marketing company concentrating on clean , high-quality traffic fuels .",neutral,What is the sentiment of this news? Please choose an answer from {negative/neutral/positive}.,"Instruction: What is the sentiment of this news? Please choose an answer from {negative/neutral/positive}.
Input: Neste Oil Corporation is a refining and marketing company concentrating on clean , high-quality traffic fuels .
Answer: ",neutral,neutral
1802,And that 's exactly what happened on a recent weekday when an East Haven baker was brought in to remind residents about the Easter tradition of making wheat and rice pies .,neutral,What is the sentiment of this news? Please choose an answer from {negative/neutral/positive}.,"Instruction: What is the sentiment of this news? Please choose an answer from {negative/neutral/positive}.
Input: And that 's exactly what happened on a recent weekday when an East Haven baker was brought in to remind residents about the Easter tradition of making wheat and rice pies .
Answer: ",neutral,neutral
1806,It helps our stakeholders get a better understanding of our operations and the challenges in stainless steel business .,neutral,What is the sentiment of this news? Please choose an answer from {negative/neutral/positive}.,"Instruction: What is the sentiment of this news? Please choose an answer from {negative/neutral/positive}.
Input: It helps our stakeholders get a better understanding of our operations and the challenges in stainless steel business .
Answer: ",neutral,neutral
1810,"One can even receive on the spot alerts as soon as jobs are posted , putting you at the front of the queue for opportunities .",neutral,What is the sentiment of this news? Please choose an answer from {negative/neutral/positive}.,"Instruction: What is the sentiment of this news? Please choose an answer from {negative/neutral/positive}.
Input: One can even receive on the spot alerts as soon as jobs are posted , putting you at the front of the queue for opportunities .
Answer: ",neutral,neutral
1816,"The CL51 is designed to measure cloud base height and vertical visibility in all weather conditions , which makes it an ideal instrument for meteorological applications that rely on reliable cloud height detection .",positive,What is the sentiment of this news? Please choose an answer from {negative/neutral/positive}.,"Instruction: What is the sentiment of this news? Please choose an answer from {negative/neutral/positive}.
Input: The CL51 is designed to measure cloud base height and vertical visibility in all weather conditions , which makes it an ideal instrument for meteorological applications that rely on reliable cloud height detection .
Answer: ",positive,neutral
1819,"The paper industry 's de-inking sludge , which is produced in mills that use recycled fiber when printing ink is removed from recovered paper , is also a suitable raw material .",neutral,What is the sentiment of this news? Please choose an answer from {negative/neutral/positive}.,"Instruction: What is the sentiment of this news? Please choose an answer from {negative/neutral/positive}.
Input: The paper industry 's de-inking sludge , which is produced in mills that use recycled fiber when printing ink is removed from recovered paper , is also a suitable raw material .
Answer: ",neutral,neutral
1823,- I am pleased that Bjorn Wahlroos has accepted the nomination .,positive,What is the sentiment of this news? Please choose an answer from {negative/neutral/positive}.,"Instruction: What is the sentiment of this news? Please choose an answer from {negative/neutral/positive}.
Input: - I am pleased that Bjorn Wahlroos has accepted the nomination .
Answer: ",positive,neutral
1824,"`` Korean consumers are tech-savvy and leading the pack in terms of design , '' Gill Hyun-chang , president of Motorola Korea Inc. , told Dow Jones Newswires in an interview .",neutral,What is the sentiment of this news? Please choose an answer from {negative/neutral/positive}.,"Instruction: What is the sentiment of this news? Please choose an answer from {negative/neutral/positive}.
Input: `` Korean consumers are tech-savvy and leading the pack in terms of design , '' Gill Hyun-chang , president of Motorola Korea Inc. , told Dow Jones Newswires in an interview .
Answer: ",neutral,neutral
1827,`` We want to serve K-citymarket customers by offering them interesting and topical selections .,neutral,What is the sentiment of this news? Please choose an answer from {negative/neutral/positive}.,"Instruction: What is the sentiment of this news? Please choose an answer from {negative/neutral/positive}.
Input: `` We want to serve K-citymarket customers by offering them interesting and topical selections .
Answer: ",neutral,neutral
1828,Finnish food industry companies are interested in the opportunities provided by Ukraine .,neutral,What is the sentiment of this news? Please choose an answer from {negative/neutral/positive}.,"Instruction: What is the sentiment of this news? Please choose an answer from {negative/neutral/positive}.
Input: Finnish food industry companies are interested in the opportunities provided by Ukraine .
Answer: ",neutral,neutral
1834,Active shipping is essential for Finland .,neutral,What is the sentiment of this news? Please choose an answer from {negative/neutral/positive}.,"Instruction: What is the sentiment of this news? Please choose an answer from {negative/neutral/positive}.
Input: Active shipping is essential for Finland .
Answer: ",neutral,neutral
1838,"Chic and cheerful , Finnish design house Marimekko has been sending its geometric textiles out into the world for the past 60 years .",neutral,What is the sentiment of this news? Please choose an answer from {negative/neutral/positive}.,"Instruction: What is the sentiment of this news? Please choose an answer from {negative/neutral/positive}.
Input: Chic and cheerful , Finnish design house Marimekko has been sending its geometric textiles out into the world for the past 60 years .
Answer: ",neutral,neutral
1841,"Finland 's Neste Oil has been awarded the Chemical Industry Federation of Finland 's Innovation Award for its NExBTL technology , which enables biodiesel to be produced from vegetable oil and animal fat .",positive,What is the sentiment of this news? Please choose an answer from {negative/neutral/positive}.,"Instruction: What is the sentiment of this news? Please choose an answer from {negative/neutral/positive}.
Input: Finland 's Neste Oil has been awarded the Chemical Industry Federation of Finland 's Innovation Award for its NExBTL technology , which enables biodiesel to be produced from vegetable oil and animal fat .
Answer: ",positive,neutral
1843,Forest certification is a voluntary system aimed at promoting sustainable forest management in commercial forests .,neutral,What is the sentiment of this news? Please choose an answer from {negative/neutral/positive}.,"Instruction: What is the sentiment of this news? Please choose an answer from {negative/neutral/positive}.
Input: Forest certification is a voluntary system aimed at promoting sustainable forest management in commercial forests .
Answer: ",neutral,neutral
1848,Honkarakenne Oyj - a world-leading manufacturer of genuine wooden homes - will be sponsoring Finnish crosscountry skier Virpi Kuitunen for the next three years .,neutral,What is the sentiment of this news? Please choose an answer from {negative/neutral/positive}.,"Instruction: What is the sentiment of this news? Please choose an answer from {negative/neutral/positive}.
Input: Honkarakenne Oyj - a world-leading manufacturer of genuine wooden homes - will be sponsoring Finnish crosscountry skier Virpi Kuitunen for the next three years .
Answer: ",neutral,neutral
1851,"It combines a perfect price performance with sophisticated management facilities , the company said .",positive,What is the sentiment of this news? Please choose an answer from {negative/neutral/positive}.,"Instruction: What is the sentiment of this news? Please choose an answer from {negative/neutral/positive}.
Input: It combines a perfect price performance with sophisticated management facilities , the company said .
Answer: ",positive,neutral
1852,"It provides customers with industry-leading elevators , escalators and innovative solutions for maintenance and modernization .",positive,What is the sentiment of this news? Please choose an answer from {negative/neutral/positive}.,"Instruction: What is the sentiment of this news? Please choose an answer from {negative/neutral/positive}.
Input: It provides customers with industry-leading elevators , escalators and innovative solutions for maintenance and modernization .
Answer: ",positive,neutral
1853,It said Comptel delivers reliable provisioning and activation solutions which improve fulfilment processes for operators .,neutral,What is the sentiment of this news? Please choose an answer from {negative/neutral/positive}.,"Instruction: What is the sentiment of this news? Please choose an answer from {negative/neutral/positive}.
Input: It said Comptel delivers reliable provisioning and activation solutions which improve fulfilment processes for operators .
Answer: ",neutral,neutral
1854,"Kemira Coatings is the leading supplier of paints in Northern and Eastern Europe , providing consumers and professionals with branded products in approx .",positive,What is the sentiment of this news? Please choose an answer from {negative/neutral/positive}.,"Instruction: What is the sentiment of this news? Please choose an answer from {negative/neutral/positive}.
Input: Kemira Coatings is the leading supplier of paints in Northern and Eastern Europe , providing consumers and professionals with branded products in approx .
Answer: ",positive,neutral
1855,L&T has also made a commitment to redeem the remaining shares by the end of 2011 .,neutral,What is the sentiment of this news? Please choose an answer from {negative/neutral/positive}.,"Instruction: What is the sentiment of this news? Please choose an answer from {negative/neutral/positive}.
Input: L&T has also made a commitment to redeem the remaining shares by the end of 2011 .
Answer: ",neutral,neutral
1856,Proline Plus is a mechanical liquid handling device with a robust design suitable for all types of applications .,neutral,What is the sentiment of this news? Please choose an answer from {negative/neutral/positive}.,"Instruction: What is the sentiment of this news? Please choose an answer from {negative/neutral/positive}.
Input: Proline Plus is a mechanical liquid handling device with a robust design suitable for all types of applications .
Answer: ",neutral,neutral
1857,"Nokia said that its next generation mobile gaming platform makes it easy for people to find , buy , play and share rich and immersive games on a range of Nokia devices .",neutral,What is the sentiment of this news? Please choose an answer from {negative/neutral/positive}.,"Instruction: What is the sentiment of this news? Please choose an answer from {negative/neutral/positive}.
Input: Nokia said that its next generation mobile gaming platform makes it easy for people to find , buy , play and share rich and immersive games on a range of Nokia devices .
Answer: ",neutral,neutral
1863,"Supported Nokia phones include : N96 , N95-8GB , N95 , N93-N931 , N92 , N85 , N82 , N81 , N80 , N79 , N78 , N77 , N76 , N75 , N73 , N72 , N71 , E90 , E71 , E70 , E66 , E65 , E62 , E61-E61i , E60 , E51 , E50 , Touch Xpress 5800 , 6220 Classic , 6210 Navigator , 6120 Classic , 6110 Navigator , 5700 , 5500 , 5320XM .",neutral,What is the sentiment of this news? Please choose an answer from {negative/neutral/positive}.,"Instruction: What is the sentiment of this news? Please choose an answer from {negative/neutral/positive}.
Input: Supported Nokia phones include : N96 , N95-8GB , N95 , N93-N931 , N92 , N85 , N82 , N81 , N80 , N79 , N78 , N77 , N76 , N75 , N73 , N72 , N71 , E90 , E71 , E70 , E66 , E65 , E62 , E61-E61i , E60 , E51 , E50 , Touch Xpress 5800 , 6220 Classic , 6210 Navigator , 6120 Classic , 6110 Navigator , 5700 , 5500 , 5320XM .
Answer: ",neutral,neutral
1865,The company 's main shareholders Lihakunta and Itikka Osuuskunta have both made a commitment to acquire shares worth EUR 20mn .,neutral,What is the sentiment of this news? Please choose an answer from {negative/neutral/positive}.,"Instruction: What is the sentiment of this news? Please choose an answer from {negative/neutral/positive}.
Input: The company 's main shareholders Lihakunta and Itikka Osuuskunta have both made a commitment to acquire shares worth EUR 20mn .
Answer: ",neutral,neutral
1887,"`` We are happy to be working with Rapala to encourage boaters and anglers to introduce newcomers to the sport , '' said RBFF President & CEO Frank Peterson .",positive,What is the sentiment of this news? Please choose an answer from {negative/neutral/positive}.,"Instruction: What is the sentiment of this news? Please choose an answer from {negative/neutral/positive}.
Input: `` We are happy to be working with Rapala to encourage boaters and anglers to introduce newcomers to the sport , '' said RBFF President & CEO Frank Peterson .
Answer: ",positive,neutral
1888,`` We are pleased to welcome Tapeks Noma into Cramo group .,positive,What is the sentiment of this news? Please choose an answer from {negative/neutral/positive}.,"Instruction: What is the sentiment of this news? Please choose an answer from {negative/neutral/positive}.
Input: `` We are pleased to welcome Tapeks Noma into Cramo group .
Answer: ",positive,neutral
1895,City CU Welcomes DART Members DALLAS-City CU welcomes the members of DART FCU as they merge with City CU .,neutral,What is the sentiment of this news? Please choose an answer from {negative/neutral/positive}.,"Instruction: What is the sentiment of this news? Please choose an answer from {negative/neutral/positive}.
Input: City CU Welcomes DART Members DALLAS-City CU welcomes the members of DART FCU as they merge with City CU .
Answer: ",neutral,neutral
1899,"Founded in 1994 , the company uses a six-step , time-focused , collaborative project approach to improve financial institutions ' revenue streams .",neutral,What is the sentiment of this news? Please choose an answer from {negative/neutral/positive}.,"Instruction: What is the sentiment of this news? Please choose an answer from {negative/neutral/positive}.
Input: Founded in 1994 , the company uses a six-step , time-focused , collaborative project approach to improve financial institutions ' revenue streams .
Answer: ",neutral,neutral
1900,Homeowners across North America have green experiences to share from cost savings to clean and eco-friendly heating .,neutral,What is the sentiment of this news? Please choose an answer from {negative/neutral/positive}.,"Instruction: What is the sentiment of this news? Please choose an answer from {negative/neutral/positive}.
Input: Homeowners across North America have green experiences to share from cost savings to clean and eco-friendly heating .
Answer: ",neutral,neutral
1906,Nokia said the outcome was a `` fair and responsible social plan . '',neutral,What is the sentiment of this news? Please choose an answer from {negative/neutral/positive}.,"Instruction: What is the sentiment of this news? Please choose an answer from {negative/neutral/positive}.
Input: Nokia said the outcome was a `` fair and responsible social plan . ''
Answer: ",neutral,neutral
1908,"Panostaja treats its negotiating partners , such as entrepreneurs selling their life s work and newcomer entrepreneurs seeking a career , fairly , justly and according to the law .",neutral,What is the sentiment of this news? Please choose an answer from {negative/neutral/positive}.,"Instruction: What is the sentiment of this news? Please choose an answer from {negative/neutral/positive}.
Input: Panostaja treats its negotiating partners , such as entrepreneurs selling their life s work and newcomer entrepreneurs seeking a career , fairly , justly and according to the law .
Answer: ",neutral,neutral
1917,The contract covers new energy-efficient AC drives that have been designed in cooperation between the companies .,neutral,What is the sentiment of this news? Please choose an answer from {negative/neutral/positive}.,"Instruction: What is the sentiment of this news? Please choose an answer from {negative/neutral/positive}.
Input: The contract covers new energy-efficient AC drives that have been designed in cooperation between the companies .
Answer: ",neutral,neutral
1928,The tool is a patent pending design that allows consumers to lay out their entire project on a removable plate using multiple clear stamps of any kind .,neutral,What is the sentiment of this news? Please choose an answer from {negative/neutral/positive}.,"Instruction: What is the sentiment of this news? Please choose an answer from {negative/neutral/positive}.
Input: The tool is a patent pending design that allows consumers to lay out their entire project on a removable plate using multiple clear stamps of any kind .
Answer: ",neutral,neutral
1930,"The vessels also have to be environmentally friendly , fast , and have all modern conveniences .",neutral,What is the sentiment of this news? Please choose an answer from {negative/neutral/positive}.,"Instruction: What is the sentiment of this news? Please choose an answer from {negative/neutral/positive}.
Input: The vessels also have to be environmentally friendly , fast , and have all modern conveniences .
Answer: ",neutral,neutral
1931,"Thus , SysOpen Digia has , in accordance with Chapter 14 Section 21 of the Finnish Companies Act 29.9.1978 - 734 , obtained title to all the shares of Sentera that are to be redeemed .",neutral,What is the sentiment of this news? Please choose an answer from {negative/neutral/positive}.,"Instruction: What is the sentiment of this news? Please choose an answer from {negative/neutral/positive}.
Input: Thus , SysOpen Digia has , in accordance with Chapter 14 Section 21 of the Finnish Companies Act 29.9.1978 - 734 , obtained title to all the shares of Sentera that are to be redeemed .
Answer: ",neutral,neutral
1932,Today the orange scissors are the iconic symbol of the excellent ergonomic design and superior quality associated with every product from Fiskars .,neutral,What is the sentiment of this news? Please choose an answer from {negative/neutral/positive}.,"Instruction: What is the sentiment of this news? Please choose an answer from {negative/neutral/positive}.
Input: Today the orange scissors are the iconic symbol of the excellent ergonomic design and superior quality associated with every product from Fiskars .
Answer: ",neutral,neutral
1934,"Weber convinced his friend Ray Ostrom , who owned a Lake Street sporting goods store , to sell the lures .",neutral,What is the sentiment of this news? Please choose an answer from {negative/neutral/positive}.,"Instruction: What is the sentiment of this news? Please choose an answer from {negative/neutral/positive}.
Input: Weber convinced his friend Ray Ostrom , who owned a Lake Street sporting goods store , to sell the lures .
Answer: ",neutral,neutral
1943,Business boomed after Ostrom helped plant a small story about Rapala lures in a Life magazine issue that featured Marilyn Monroe on the cover .,positive,What is the sentiment of this news? Please choose an answer from {negative/neutral/positive}.,"Instruction: What is the sentiment of this news? Please choose an answer from {negative/neutral/positive}.
Input: Business boomed after Ostrom helped plant a small story about Rapala lures in a Life magazine issue that featured Marilyn Monroe on the cover .
Answer: ",positive,neutral
1944,Finnish OKO bank has signed a cooperation agreement with Raiffeisen concerning Finnish companies ' investments in Russia .,positive,What is the sentiment of this news? Please choose an answer from {negative/neutral/positive}.,"Instruction: What is the sentiment of this news? Please choose an answer from {negative/neutral/positive}.
Input: Finnish OKO bank has signed a cooperation agreement with Raiffeisen concerning Finnish companies ' investments in Russia .
Answer: ",positive,neutral
1955,"Swedish telco TeliaSonera is teaming up with Friends , a Swedish organization against bullying , to fight bullying of children and teenagers via electronic channels .",neutral,What is the sentiment of this news? Please choose an answer from {negative/neutral/positive}.,"Instruction: What is the sentiment of this news? Please choose an answer from {negative/neutral/positive}.
Input: Swedish telco TeliaSonera is teaming up with Friends , a Swedish organization against bullying , to fight bullying of children and teenagers via electronic channels .
Answer: ",neutral,neutral
1958,"`` We will continue to make it easier for users to explore services on their handsets and will work towards bringing Internet to a wider range of devices including mid and low-end devices , '' said Kallasvuo .",neutral,What is the sentiment of this news? Please choose an answer from {negative/neutral/positive}.,"Instruction: What is the sentiment of this news? Please choose an answer from {negative/neutral/positive}.
Input: `` We will continue to make it easier for users to explore services on their handsets and will work towards bringing Internet to a wider range of devices including mid and low-end devices , '' said Kallasvuo .
Answer: ",neutral,neutral
1959,Finland 's dominating rail company VR is planning to set the infected passengers for long-distance trip in a separate carriage .,neutral,What is the sentiment of this news? Please choose an answer from {negative/neutral/positive}.,"Instruction: What is the sentiment of this news? Please choose an answer from {negative/neutral/positive}.
Input: Finland 's dominating rail company VR is planning to set the infected passengers for long-distance trip in a separate carriage .
Answer: ",neutral,neutral
1968,"It started with software that was capable of retrieving the data typed into the computer keyboard ( `` keyloggers '' ) , and then more complex mechanisms arrived on the scene , such as phishing and pharming .",neutral,What is the sentiment of this news? Please choose an answer from {negative/neutral/positive}.,"Instruction: What is the sentiment of this news? Please choose an answer from {negative/neutral/positive}.
Input: It started with software that was capable of retrieving the data typed into the computer keyboard ( `` keyloggers '' ) , and then more complex mechanisms arrived on the scene , such as phishing and pharming .
Answer: ",neutral,neutral
1969,More than a third of the original participants dropped out due to nausea and other side effects .,negative,What is the sentiment of this news? Please choose an answer from {negative/neutral/positive}.,"Instruction: What is the sentiment of this news? Please choose an answer from {negative/neutral/positive}.
Input: More than a third of the original participants dropped out due to nausea and other side effects .
Answer: ",negative,neutral
1970,Mr Skogster currently serves as the manager responsible for ABB Oy 's system modules for low voltage drives .,neutral,What is the sentiment of this news? Please choose an answer from {negative/neutral/positive}.,"Instruction: What is the sentiment of this news? Please choose an answer from {negative/neutral/positive}.
Input: Mr Skogster currently serves as the manager responsible for ABB Oy 's system modules for low voltage drives .
Answer: ",neutral,neutral
1975,Aspocomp has a large factory in China and a factory building project in India that was halted due to financing problems .,negative,What is the sentiment of this news? Please choose an answer from {negative/neutral/positive}.,"Instruction: What is the sentiment of this news? Please choose an answer from {negative/neutral/positive}.
Input: Aspocomp has a large factory in China and a factory building project in India that was halted due to financing problems .
Answer: ",negative,neutral
1976,"Founded in 2000 , BioView automates laboratory tests , especially diagnostic tests for cancer .",neutral,What is the sentiment of this news? Please choose an answer from {negative/neutral/positive}.,"Instruction: What is the sentiment of this news? Please choose an answer from {negative/neutral/positive}.
Input: Founded in 2000 , BioView automates laboratory tests , especially diagnostic tests for cancer .
Answer: ",neutral,neutral
1981,"Key reasons to read this report : - Report contains only relevant information , leaving out excessive data .",neutral,What is the sentiment of this news? Please choose an answer from {negative/neutral/positive}.,"Instruction: What is the sentiment of this news? Please choose an answer from {negative/neutral/positive}.
Input: Key reasons to read this report : - Report contains only relevant information , leaving out excessive data .
Answer: ",neutral,neutral
1982,The completion of the recycling plant is an important link in the chain of creating a waste management system in the Dubna region that meets the EU standards .,positive,What is the sentiment of this news? Please choose an answer from {negative/neutral/positive}.,"Instruction: What is the sentiment of this news? Please choose an answer from {negative/neutral/positive}.
Input: The completion of the recycling plant is an important link in the chain of creating a waste management system in the Dubna region that meets the EU standards .
Answer: ",positive,neutral
1984,"The five-storey , eco-efficient building will have a gross floor area of about 15,000 sq m. It will also include apartments .",neutral,What is the sentiment of this news? Please choose an answer from {negative/neutral/positive}.,"Instruction: What is the sentiment of this news? Please choose an answer from {negative/neutral/positive}.
Input: The five-storey , eco-efficient building will have a gross floor area of about 15,000 sq m. It will also include apartments .
Answer: ",neutral,neutral
1986,The SeaWind that was en route from the Finnish port of Turku to Stockholm got stuck in ice already around 4 p.m. on Wednesday and the Regal Star 's journey from the Swedish port of Kapellskar to Paldiski in northwestern Estonia was cut short at 2 a.m. on Thursday .,negative,What is the sentiment of this news? Please choose an answer from {negative/neutral/positive}.,"Instruction: What is the sentiment of this news? Please choose an answer from {negative/neutral/positive}.
Input: The SeaWind that was en route from the Finnish port of Turku to Stockholm got stuck in ice already around 4 p.m. on Wednesday and the Regal Star 's journey from the Swedish port of Kapellskar to Paldiski in northwestern Estonia was cut short at 2 a.m. on Thursday .
Answer: ",negative,neutral
1994,"According to Finnish insurance companies Tapiola , Local Insurance Group ( L+ñhivakuutus ) , and Pohjola the two fierce storms at the end of July and in the beginning of August 2010 that felled trees around Finland have speeded up sales of forest insurance .",positive,What is the sentiment of this news? Please choose an answer from {negative/neutral/positive}.,"Instruction: What is the sentiment of this news? Please choose an answer from {negative/neutral/positive}.
Input: According to Finnish insurance companies Tapiola , Local Insurance Group ( L+ñhivakuutus ) , and Pohjola the two fierce storms at the end of July and in the beginning of August 2010 that felled trees around Finland have speeded up sales of forest insurance .
Answer: ",positive,neutral
1996,"As a result of the cancellation , the maximum increase of Citycon 's share capital on the basis of the convertible bonds decreased from EUR 23,383,927.80 to EUR 22,901,784.75 .",neutral,What is the sentiment of this news? Please choose an answer from {negative/neutral/positive}.,"Instruction: What is the sentiment of this news? Please choose an answer from {negative/neutral/positive}.
Input: As a result of the cancellation , the maximum increase of Citycon 's share capital on the basis of the convertible bonds decreased from EUR 23,383,927.80 to EUR 22,901,784.75 .
Answer: ",neutral,neutral
1997,"ADP News - Feb 13 , 2009 - Finnish retailer Kesko Oyj HEL : KESBV said today its total sales , excluding value added tax VAT , stood at EUR 661.3 million USD 853.1 m in January 2009 , down 15.2 % year-on-yea",negative,What is the sentiment of this news? Please choose an answer from {negative/neutral/positive}.,"Instruction: What is the sentiment of this news? Please choose an answer from {negative/neutral/positive}.
Input: ADP News - Feb 13 , 2009 - Finnish retailer Kesko Oyj HEL : KESBV said today its total sales , excluding value added tax VAT , stood at EUR 661.3 million USD 853.1 m in January 2009 , down 15.2 % year-on-yea
Answer: ",negative,neutral
1998,The low capacity utilisation rate in steel production considerably increases the fixed costs per unit of steel produced .,negative,What is the sentiment of this news? Please choose an answer from {negative/neutral/positive}.,"Instruction: What is the sentiment of this news? Please choose an answer from {negative/neutral/positive}.
Input: The low capacity utilisation rate in steel production considerably increases the fixed costs per unit of steel produced .
Answer: ",negative,neutral
2000,"`` In the newly formed company YIT Stavo the local contact network , expertise and market know how of Euro Stavokonsult will be combined with YIT 's housing concept , '' said Juha Kostiainen , Yit 's Vice President , Corporate Communications and Business Development .",positive,What is the sentiment of this news? Please choose an answer from {negative/neutral/positive}.,"Instruction: What is the sentiment of this news? Please choose an answer from {negative/neutral/positive}.
Input: `` In the newly formed company YIT Stavo the local contact network , expertise and market know how of Euro Stavokonsult will be combined with YIT 's housing concept , '' said Juha Kostiainen , Yit 's Vice President , Corporate Communications and Business Development .
Answer: ",positive,neutral
2017,"In 2009 , KONE had annual net sales of EUR 4.7 billion and approximately 34,000 employees .",neutral,What is the sentiment of this news? Please choose an answer from {negative/neutral/positive}.,"Instruction: What is the sentiment of this news? Please choose an answer from {negative/neutral/positive}.
Input: In 2009 , KONE had annual net sales of EUR 4.7 billion and approximately 34,000 employees .
Answer: ",neutral,neutral
2026,"Lithuanian beer makers sold 256.88 million liters of beer in 2005 , a rise of 4.5 per cent from the year-earlier figure of 245.92 million liters .",positive,What is the sentiment of this news? Please choose an answer from {negative/neutral/positive}.,"Instruction: What is the sentiment of this news? Please choose an answer from {negative/neutral/positive}.
Input: Lithuanian beer makers sold 256.88 million liters of beer in 2005 , a rise of 4.5 per cent from the year-earlier figure of 245.92 million liters .
Answer: ",positive,neutral
2027,Loss after taxes amounted to EUR 1.2 mn compared to a loss of 2.6 mn .,positive,What is the sentiment of this news? Please choose an answer from {negative/neutral/positive}.,"Instruction: What is the sentiment of this news? Please choose an answer from {negative/neutral/positive}.
Input: Loss after taxes amounted to EUR 1.2 mn compared to a loss of 2.6 mn .
Answer: ",positive,neutral
2035,Roshan 's net sales in 2006 were $ 191 million and EBITDA was $ 66.5 million .,neutral,What is the sentiment of this news? Please choose an answer from {negative/neutral/positive}.,"Instruction: What is the sentiment of this news? Please choose an answer from {negative/neutral/positive}.
Input: Roshan 's net sales in 2006 were $ 191 million and EBITDA was $ 66.5 million .
Answer: ",neutral,neutral
2038,"The company , employing 6,400 , reported net sales of 620 mln euro $ 823.2 mln for 2006 .",neutral,What is the sentiment of this news? Please choose an answer from {negative/neutral/positive}.,"Instruction: What is the sentiment of this news? Please choose an answer from {negative/neutral/positive}.
Input: The company , employing 6,400 , reported net sales of 620 mln euro $ 823.2 mln for 2006 .
Answer: ",neutral,neutral
2039,The company moved to an operating profit of EUR10 .9 m versus an operating loss of EUR15 .3 m. It also turned to EPS of EUR0 .08 versus loss per share of EUR0 .04 .,positive,What is the sentiment of this news? Please choose an answer from {negative/neutral/positive}.,"Instruction: What is the sentiment of this news? Please choose an answer from {negative/neutral/positive}.
Input: The company moved to an operating profit of EUR10 .9 m versus an operating loss of EUR15 .3 m. It also turned to EPS of EUR0 .08 versus loss per share of EUR0 .04 .
Answer: ",positive,neutral
2041,The company 's net sales in 2010 totalled MEUR 311.4 with an operating margin of 13.9 per cent .,neutral,What is the sentiment of this news? Please choose an answer from {negative/neutral/positive}.,"Instruction: What is the sentiment of this news? Please choose an answer from {negative/neutral/positive}.
Input: The company 's net sales in 2010 totalled MEUR 311.4 with an operating margin of 13.9 per cent .
Answer: ",neutral,neutral
2047,"The Group , with net sales of EUR 235 million in 2009 , employs more than 2 000 people in 33 countries .",neutral,What is the sentiment of this news? Please choose an answer from {negative/neutral/positive}.,"Instruction: What is the sentiment of this news? Please choose an answer from {negative/neutral/positive}.
Input: The Group , with net sales of EUR 235 million in 2009 , employs more than 2 000 people in 33 countries .
Answer: ",neutral,neutral
2048,The group had an order book of EUR 7.74 mn at the end of 2007 .,neutral,What is the sentiment of this news? Please choose an answer from {negative/neutral/positive}.,"Instruction: What is the sentiment of this news? Please choose an answer from {negative/neutral/positive}.
Input: The group had an order book of EUR 7.74 mn at the end of 2007 .
Answer: ",neutral,neutral
2049,The insurer anticipates its share in Nordea 's net profit to be significant .,positive,What is the sentiment of this news? Please choose an answer from {negative/neutral/positive}.,"Instruction: What is the sentiment of this news? Please choose an answer from {negative/neutral/positive}.
Input: The insurer anticipates its share in Nordea 's net profit to be significant .
Answer: ",positive,neutral
2052,"The price of raw material aluminium went up at the end of 2005 , but the company considers its outlook for 2006 favourable .",positive,What is the sentiment of this news? Please choose an answer from {negative/neutral/positive}.,"Instruction: What is the sentiment of this news? Please choose an answer from {negative/neutral/positive}.
Input: The price of raw material aluminium went up at the end of 2005 , but the company considers its outlook for 2006 favourable .
Answer: ",positive,neutral
2055,"The subdivision made sales revenues last year of EUR 480.7 million EUR 414.9 million in 2008 , and operating profits of EUR 44.5 million EUR 7.4 million .",positive,What is the sentiment of this news? Please choose an answer from {negative/neutral/positive}.,"Instruction: What is the sentiment of this news? Please choose an answer from {negative/neutral/positive}.
Input: The subdivision made sales revenues last year of EUR 480.7 million EUR 414.9 million in 2008 , and operating profits of EUR 44.5 million EUR 7.4 million .
Answer: ",positive,neutral
2056,The value of orders on hand totaled EUR 237.1 mn .,neutral,What is the sentiment of this news? Please choose an answer from {negative/neutral/positive}.,"Instruction: What is the sentiment of this news? Please choose an answer from {negative/neutral/positive}.
Input: The value of orders on hand totaled EUR 237.1 mn .
Answer: ",neutral,neutral
2060,Viking Line manages well with its current ferries .,positive,What is the sentiment of this news? Please choose an answer from {negative/neutral/positive}.,"Instruction: What is the sentiment of this news? Please choose an answer from {negative/neutral/positive}.
Input: Viking Line manages well with its current ferries .
Answer: ",positive,neutral
2061,SCANIA Morgan Stanley lifted the share target on Swedish heavy-duty truck and bus maker Scania AB to 330 crowns ( $ 42.4 - 35.2 euro ) from 310 crowns ( $ 39.8 - 33.1 euro ) .,positive,What is the sentiment of this news? Please choose an answer from {negative/neutral/positive}.,"Instruction: What is the sentiment of this news? Please choose an answer from {negative/neutral/positive}.
Input: SCANIA Morgan Stanley lifted the share target on Swedish heavy-duty truck and bus maker Scania AB to 330 crowns ( $ 42.4 - 35.2 euro ) from 310 crowns ( $ 39.8 - 33.1 euro ) .
Answer: ",positive,neutral
2062,` Very recommendable ' is the Nokian Z G2 according to the ` ADAC judgement ' in the latest summer tyre test of the German automobile association ADAC .,positive,What is the sentiment of this news? Please choose an answer from {negative/neutral/positive}.,"Instruction: What is the sentiment of this news? Please choose an answer from {negative/neutral/positive}.
Input: ` Very recommendable ' is the Nokian Z G2 according to the ` ADAC judgement ' in the latest summer tyre test of the German automobile association ADAC .
Answer: ",positive,neutral
2065,`` The announced investment of the carmaker Hyundai for example sounds optimistically for us as of course new cars mean new tires . '',positive,What is the sentiment of this news? Please choose an answer from {negative/neutral/positive}.,"Instruction: What is the sentiment of this news? Please choose an answer from {negative/neutral/positive}.
Input: `` The announced investment of the carmaker Hyundai for example sounds optimistically for us as of course new cars mean new tires . ''
Answer: ",positive,neutral
2070,Finnish navigation device manufacturer Benefon that is changing its name to GeoSentric reports net sales of about EUR 1.1 mn in the second quarter of 2007 .,neutral,What is the sentiment of this news? Please choose an answer from {negative/neutral/positive}.,"Instruction: What is the sentiment of this news? Please choose an answer from {negative/neutral/positive}.
Input: Finnish navigation device manufacturer Benefon that is changing its name to GeoSentric reports net sales of about EUR 1.1 mn in the second quarter of 2007 .
Answer: ",neutral,neutral
2075,"According to M-real 's CEO , Mikko Helander , this transaction will enable the company to proceed swiftly with its restructuring program .",positive,What is the sentiment of this news? Please choose an answer from {negative/neutral/positive}.,"Instruction: What is the sentiment of this news? Please choose an answer from {negative/neutral/positive}.
Input: According to M-real 's CEO , Mikko Helander , this transaction will enable the company to proceed swiftly with its restructuring program .
Answer: ",positive,neutral
2081,"Auburn 's sales in 2007 were CAD 41 million ( approximately EUR 27 million ) , and the company employs some 150 people .",neutral,What is the sentiment of this news? Please choose an answer from {negative/neutral/positive}.,"Instruction: What is the sentiment of this news? Please choose an answer from {negative/neutral/positive}.
Input: Auburn 's sales in 2007 were CAD 41 million ( approximately EUR 27 million ) , and the company employs some 150 people .
Answer: ",neutral,neutral
2082,Brazilian mobile player Telemig Celular yesterday announced that it has selected Finnish software developer Tecnomen Oyj to expand its prepaid billing system .,positive,What is the sentiment of this news? Please choose an answer from {negative/neutral/positive}.,"Instruction: What is the sentiment of this news? Please choose an answer from {negative/neutral/positive}.
Input: Brazilian mobile player Telemig Celular yesterday announced that it has selected Finnish software developer Tecnomen Oyj to expand its prepaid billing system .
Answer: ",positive,neutral
2094,Elektrobit ( EB ) has renewed its IT infrastructure contract with ICT services provider Fujitsu Services for EB 's Patja service .,positive,What is the sentiment of this news? Please choose an answer from {negative/neutral/positive}.,"Instruction: What is the sentiment of this news? Please choose an answer from {negative/neutral/positive}.
Input: Elektrobit ( EB ) has renewed its IT infrastructure contract with ICT services provider Fujitsu Services for EB 's Patja service .
Answer: ",positive,neutral
2105,"Finnish software company QPR Software Plc ( OMX Helsinki : QPR1V ) reported on Thursday ( 23 October ) an operating profit of EUR63 ,000 on net sales of EUR1 .5 m for the third quarter 2008 .",neutral,What is the sentiment of this news? Please choose an answer from {negative/neutral/positive}.,"Instruction: What is the sentiment of this news? Please choose an answer from {negative/neutral/positive}.
Input: Finnish software company QPR Software Plc ( OMX Helsinki : QPR1V ) reported on Thursday ( 23 October ) an operating profit of EUR63 ,000 on net sales of EUR1 .5 m for the third quarter 2008 .
Answer: ",neutral,neutral
2116,"In 2007 , Alma Media 's operating profit was about EUR 53mn .",neutral,What is the sentiment of this news? Please choose an answer from {negative/neutral/positive}.,"Instruction: What is the sentiment of this news? Please choose an answer from {negative/neutral/positive}.
Input: In 2007 , Alma Media 's operating profit was about EUR 53mn .
Answer: ",neutral,neutral
2122,"In 2009 , it reported net sales of approximately EUR 6mn .",neutral,What is the sentiment of this news? Please choose an answer from {negative/neutral/positive}.,"Instruction: What is the sentiment of this news? Please choose an answer from {negative/neutral/positive}.
Input: In 2009 , it reported net sales of approximately EUR 6mn .
Answer: ",neutral,neutral
2125,"In January-September 2007 , operating profit totaled EUR 20.5 mn .",neutral,What is the sentiment of this news? Please choose an answer from {negative/neutral/positive}.,"Instruction: What is the sentiment of this news? Please choose an answer from {negative/neutral/positive}.
Input: In January-September 2007 , operating profit totaled EUR 20.5 mn .
Answer: ",neutral,neutral
2128,"In the end of 2006 , the number of outlets will rise to 60-70 .",positive,What is the sentiment of this news? Please choose an answer from {negative/neutral/positive}.,"Instruction: What is the sentiment of this news? Please choose an answer from {negative/neutral/positive}.
Input: In the end of 2006 , the number of outlets will rise to 60-70 .
Answer: ",positive,neutral
2136,It is in line with its plans to focus on selected growth segments and streamline corporate structure .,positive,What is the sentiment of this news? Please choose an answer from {negative/neutral/positive}.,"Instruction: What is the sentiment of this news? Please choose an answer from {negative/neutral/positive}.
Input: It is in line with its plans to focus on selected growth segments and streamline corporate structure .
Answer: ",positive,neutral
2141,"Juha Jordan , chief engineer at Glaston , said one of the reasons for choosing Vacon as a global AC drives supplier is that it has service and support centres in the same countries where Glaston operates .",positive,What is the sentiment of this news? Please choose an answer from {negative/neutral/positive}.,"Instruction: What is the sentiment of this news? Please choose an answer from {negative/neutral/positive}.
Input: Juha Jordan , chief engineer at Glaston , said one of the reasons for choosing Vacon as a global AC drives supplier is that it has service and support centres in the same countries where Glaston operates .
Answer: ",positive,neutral
2143,"Kemira will supply the additional volumes of iron coagulants from the company 's plant at Helsingborg , Sweden .",neutral,What is the sentiment of this news? Please choose an answer from {negative/neutral/positive}.,"Instruction: What is the sentiment of this news? Please choose an answer from {negative/neutral/positive}.
Input: Kemira will supply the additional volumes of iron coagulants from the company 's plant at Helsingborg , Sweden .
Answer: ",neutral,neutral
2150,M-real 's sales are expected to have increased by 4 % year-on-year to EUR609m in the second quarter of 2010 .,positive,What is the sentiment of this news? Please choose an answer from {negative/neutral/positive}.,"Instruction: What is the sentiment of this news? Please choose an answer from {negative/neutral/positive}.
Input: M-real 's sales are expected to have increased by 4 % year-on-year to EUR609m in the second quarter of 2010 .
Answer: ",positive,neutral
2151,"NAVTEQ has a commanding lead in installed map data systems in North American vehicles and may be the leader in turn-by-turn navigation data offered by services such as OnStar in North America , said analyst Phil Magney of Telematics Research Group in Minnetonka , Minn. .",positive,What is the sentiment of this news? Please choose an answer from {negative/neutral/positive}.,"Instruction: What is the sentiment of this news? Please choose an answer from {negative/neutral/positive}.
Input: NAVTEQ has a commanding lead in installed map data systems in North American vehicles and may be the leader in turn-by-turn navigation data offered by services such as OnStar in North America , said analyst Phil Magney of Telematics Research Group in Minnetonka , Minn. .
Answer: ",positive,neutral
2152,"Neste oil 's board proposed 1.00 eur dividend for the full-year 2007 , compared with 0.90 eur a year ago .",positive,What is the sentiment of this news? Please choose an answer from {negative/neutral/positive}.,"Instruction: What is the sentiment of this news? Please choose an answer from {negative/neutral/positive}.
Input: Neste oil 's board proposed 1.00 eur dividend for the full-year 2007 , compared with 0.90 eur a year ago .
Answer: ",positive,neutral
2156,Net profit in the same period in 2006 was (  x20ac ) 172 million .,neutral,What is the sentiment of this news? Please choose an answer from {negative/neutral/positive}.,"Instruction: What is the sentiment of this news? Please choose an answer from {negative/neutral/positive}.
Input: Net profit in the same period in 2006 was (  x20ac ) 172 million .
Answer: ",neutral,neutral
2158,Net sales are expected to remain on the same level as in 2007 .,neutral,What is the sentiment of this news? Please choose an answer from {negative/neutral/positive}.,"Instruction: What is the sentiment of this news? Please choose an answer from {negative/neutral/positive}.
Input: Net sales are expected to remain on the same level as in 2007 .
Answer: ",neutral,neutral
2160,Net sales in 2006 totaled EUR 302 million and the operating margin was 16 % .,neutral,What is the sentiment of this news? Please choose an answer from {negative/neutral/positive}.,"Instruction: What is the sentiment of this news? Please choose an answer from {negative/neutral/positive}.
Input: Net sales in 2006 totaled EUR 302 million and the operating margin was 16 % .
Answer: ",neutral,neutral
2165,"Nokia bought Chicago-based Navteq in 2008 , acquiring a maps database to compete with Google s maps as well as with navigation device companies such as TomTom NV and Garmin Ltd. .",positive,What is the sentiment of this news? Please choose an answer from {negative/neutral/positive}.,"Instruction: What is the sentiment of this news? Please choose an answer from {negative/neutral/positive}.
Input: Nokia bought Chicago-based Navteq in 2008 , acquiring a maps database to compete with Google s maps as well as with navigation device companies such as TomTom NV and Garmin Ltd. .
Answer: ",positive,neutral
2180,Profit of the accounting period was EUR 0.3 mn .,neutral,What is the sentiment of this news? Please choose an answer from {negative/neutral/positive}.,"Instruction: What is the sentiment of this news? Please choose an answer from {negative/neutral/positive}.
Input: Profit of the accounting period was EUR 0.3 mn .
Answer: ",neutral,neutral
2188,"So , at the present time Nokian tires had the contract of tires production in China .",neutral,What is the sentiment of this news? Please choose an answer from {negative/neutral/positive}.,"Instruction: What is the sentiment of this news? Please choose an answer from {negative/neutral/positive}.
Input: So , at the present time Nokian tires had the contract of tires production in China .
Answer: ",neutral,neutral
2190,"SOUTHFIELD , Mich. -- Central Corporate Credit Union will again distribute patronage dividends to members by waiving all service fees incurred during the months of July and November 2008 , to the tune of an estimated $ 1 million .",positive,What is the sentiment of this news? Please choose an answer from {negative/neutral/positive}.,"Instruction: What is the sentiment of this news? Please choose an answer from {negative/neutral/positive}.
Input: SOUTHFIELD , Mich. -- Central Corporate Credit Union will again distribute patronage dividends to members by waiving all service fees incurred during the months of July and November 2008 , to the tune of an estimated $ 1 million .
Answer: ",positive,neutral
2192,"Systeemitiimi 's sales and project resources will also be strengthened , director Paul Skogberg said .",positive,What is the sentiment of this news? Please choose an answer from {negative/neutral/positive}.,"Instruction: What is the sentiment of this news? Please choose an answer from {negative/neutral/positive}.
Input: Systeemitiimi 's sales and project resources will also be strengthened , director Paul Skogberg said .
Answer: ",positive,neutral
2193,"Tallink claims the watertight doors of both Vana Tallinn and Regina Baltica , including their electrical systems , are fully in working order .",positive,What is the sentiment of this news? Please choose an answer from {negative/neutral/positive}.,"Instruction: What is the sentiment of this news? Please choose an answer from {negative/neutral/positive}.
Input: Tallink claims the watertight doors of both Vana Tallinn and Regina Baltica , including their electrical systems , are fully in working order .
Answer: ",positive,neutral
2200,"The agreement , which will cover monitoring , maintenance , server capacity service and backups , has a one-year extension option .",neutral,What is the sentiment of this news? Please choose an answer from {negative/neutral/positive}.,"Instruction: What is the sentiment of this news? Please choose an answer from {negative/neutral/positive}.
Input: The agreement , which will cover monitoring , maintenance , server capacity service and backups , has a one-year extension option .
Answer: ",neutral,neutral
2204,The company also expects to sell its products in other Russian region .,positive,What is the sentiment of this news? Please choose an answer from {negative/neutral/positive}.,"Instruction: What is the sentiment of this news? Please choose an answer from {negative/neutral/positive}.
Input: The company also expects to sell its products in other Russian region .
Answer: ",positive,neutral
2205,The company also said that its board of directors has proposed a profit distribution of EUR0 .92 per share .,neutral,What is the sentiment of this news? Please choose an answer from {negative/neutral/positive}.,"Instruction: What is the sentiment of this news? Please choose an answer from {negative/neutral/positive}.
Input: The company also said that its board of directors has proposed a profit distribution of EUR0 .92 per share .
Answer: ",neutral,neutral
2214,The company 's operating profit for 2006 stood at 39.6 mln euro ( $ 57.9 mln ) .,neutral,What is the sentiment of this news? Please choose an answer from {negative/neutral/positive}.,"Instruction: What is the sentiment of this news? Please choose an answer from {negative/neutral/positive}.
Input: The company 's operating profit for 2006 stood at 39.6 mln euro ( $ 57.9 mln ) .
Answer: ",neutral,neutral
2219,The diesel margin has remained high .,positive,What is the sentiment of this news? Please choose an answer from {negative/neutral/positive}.,"Instruction: What is the sentiment of this news? Please choose an answer from {negative/neutral/positive}.
Input: The diesel margin has remained high .
Answer: ",positive,neutral
2237,The offer represents a premium of 24 % over the stock 's closing price on Friday .,positive,What is the sentiment of this news? Please choose an answer from {negative/neutral/positive}.,"Instruction: What is the sentiment of this news? Please choose an answer from {negative/neutral/positive}.
Input: The offer represents a premium of 24 % over the stock 's closing price on Friday .
Answer: ",positive,neutral
2243,The soapstone deposits in the Medvezhyegorsk area are expected to increase Tulikivi 's current reserves considerably .,positive,What is the sentiment of this news? Please choose an answer from {negative/neutral/positive}.,"Instruction: What is the sentiment of this news? Please choose an answer from {negative/neutral/positive}.
Input: The soapstone deposits in the Medvezhyegorsk area are expected to increase Tulikivi 's current reserves considerably .
Answer: ",positive,neutral
2255,We can capitalize on our experience from a number of similar bridge projects in the Nordic countries .,positive,What is the sentiment of this news? Please choose an answer from {negative/neutral/positive}.,"Instruction: What is the sentiment of this news? Please choose an answer from {negative/neutral/positive}.
Input: We can capitalize on our experience from a number of similar bridge projects in the Nordic countries .
Answer: ",positive,neutral
2261,`` Leipurin is a growing and rapidly internationalizing Group .,positive,What is the sentiment of this news? Please choose an answer from {negative/neutral/positive}.,"Instruction: What is the sentiment of this news? Please choose an answer from {negative/neutral/positive}.
Input: `` Leipurin is a growing and rapidly internationalizing Group .
Answer: ",positive,neutral
2263,"`` Several growth initiatives in the chosen geographic areas are already ongoing , '' it continued , noting Lindex opened its first store in the Czech Republic this autumn in Brno .",positive,What is the sentiment of this news? Please choose an answer from {negative/neutral/positive}.,"Instruction: What is the sentiment of this news? Please choose an answer from {negative/neutral/positive}.
Input: `` Several growth initiatives in the chosen geographic areas are already ongoing , '' it continued , noting Lindex opened its first store in the Czech Republic this autumn in Brno .
Answer: ",positive,neutral
2265,"2010 16 July 2010 - Finnish steel maker Rautaruukki Oyj HEL : RTRKS , or Ruukki , said today it turned to a net profit of EUR20m in the second quarter of 2010 from a net loss of EUR94m in the corresponding period last year .",positive,What is the sentiment of this news? Please choose an answer from {negative/neutral/positive}.,"Instruction: What is the sentiment of this news? Please choose an answer from {negative/neutral/positive}.
Input: 2010 16 July 2010 - Finnish steel maker Rautaruukki Oyj HEL : RTRKS , or Ruukki , said today it turned to a net profit of EUR20m in the second quarter of 2010 from a net loss of EUR94m in the corresponding period last year .
Answer: ",positive,neutral
2275,Finnish construction company Lemminkainen Oyj HEL : LEM1S said yesterday that it would build a plastic film extrusion plant for packaging materials supplier Ab Rani Plast Oy at Lemminkainen 's Kaluga industrial park in Russia .,neutral,What is the sentiment of this news? Please choose an answer from {negative/neutral/positive}.,"Instruction: What is the sentiment of this news? Please choose an answer from {negative/neutral/positive}.
Input: Finnish construction company Lemminkainen Oyj HEL : LEM1S said yesterday that it would build a plastic film extrusion plant for packaging materials supplier Ab Rani Plast Oy at Lemminkainen 's Kaluga industrial park in Russia .
Answer: ",neutral,neutral
2278,"Finnish IT consultancy Satama Interactive Oyj posted a net profit of 1.4 mln euro $ 2.0 mln for the first nine months of 2007 , compared to a net loss of 462,000 euro $ 664,000 for the same period of 2006 .",positive,What is the sentiment of this news? Please choose an answer from {negative/neutral/positive}.,"Instruction: What is the sentiment of this news? Please choose an answer from {negative/neutral/positive}.
Input: Finnish IT consultancy Satama Interactive Oyj posted a net profit of 1.4 mln euro $ 2.0 mln for the first nine months of 2007 , compared to a net loss of 462,000 euro $ 664,000 for the same period of 2006 .
Answer: ",positive,neutral
2286,"ADP News - Feb 25 , 2009 - Finnish printed circuit board PCB maker Aspocomp Group Oyj HEL : ACG1V said today it swung to a net profit of EUR 300,000 USD 385,000 for 2008 versus a net loss of EUR 65.3 million",positive,What is the sentiment of this news? Please choose an answer from {negative/neutral/positive}.,"Instruction: What is the sentiment of this news? Please choose an answer from {negative/neutral/positive}.
Input: ADP News - Feb 25 , 2009 - Finnish printed circuit board PCB maker Aspocomp Group Oyj HEL : ACG1V said today it swung to a net profit of EUR 300,000 USD 385,000 for 2008 versus a net loss of EUR 65.3 million
Answer: ",positive,neutral
2294,"Outokumpu of Finland , stainless steel manufacturer , plans to enter into a supply agreement with the Indian Railways .",positive,What is the sentiment of this news? Please choose an answer from {negative/neutral/positive}.,"Instruction: What is the sentiment of this news? Please choose an answer from {negative/neutral/positive}.
Input: Outokumpu of Finland , stainless steel manufacturer , plans to enter into a supply agreement with the Indian Railways .
Answer: ",positive,neutral
2296,Profit for the period was EUR 15.6 mn compared to EUR 14.1 mn in 2007 .,positive,What is the sentiment of this news? Please choose an answer from {negative/neutral/positive}.,"Instruction: What is the sentiment of this news? Please choose an answer from {negative/neutral/positive}.
Input: Profit for the period was EUR 15.6 mn compared to EUR 14.1 mn in 2007 .
Answer: ",positive,neutral
2300,Return on equity stood at 18.3 % compared to 15.4 % in the third quarter of 2005 .,positive,What is the sentiment of this news? Please choose an answer from {negative/neutral/positive}.,"Instruction: What is the sentiment of this news? Please choose an answer from {negative/neutral/positive}.
Input: Return on equity stood at 18.3 % compared to 15.4 % in the third quarter of 2005 .
Answer: ",positive,neutral
2317,This new partnership agreement represents a significant milestone for both parties .,positive,What is the sentiment of this news? Please choose an answer from {negative/neutral/positive}.,"Instruction: What is the sentiment of this news? Please choose an answer from {negative/neutral/positive}.
Input: This new partnership agreement represents a significant milestone for both parties .
Answer: ",positive,neutral
2324,"The share capital of Alma Media Corporation (business ID 1944757-4)is EUR 45,031,513.80 and it is divided into 75,052,523 shares .",neutral,What is the sentiment of this news? Please choose an answer from {negative/neutral/positive}.,"Instruction: What is the sentiment of this news? Please choose an answer from {negative/neutral/positive}.
Input: The share capital of Alma Media Corporation (business ID 1944757-4)is EUR 45,031,513.80 and it is divided into 75,052,523 shares .
Answer: ",neutral,neutral
2326,"Incap Contract Manufacturing will carry out the manufacturing for these agreements at its factory in Tumkur , near Bangalore .",neutral,What is the sentiment of this news? Please choose an answer from {negative/neutral/positive}.,"Instruction: What is the sentiment of this news? Please choose an answer from {negative/neutral/positive}.
Input: Incap Contract Manufacturing will carry out the manufacturing for these agreements at its factory in Tumkur , near Bangalore .
Answer: ",neutral,neutral
2327,"It will be operated by Nokia , and supported by its Nokia NetAct network and service management system .",neutral,What is the sentiment of this news? Please choose an answer from {negative/neutral/positive}.,"Instruction: What is the sentiment of this news? Please choose an answer from {negative/neutral/positive}.
Input: It will be operated by Nokia , and supported by its Nokia NetAct network and service management system .
Answer: ",neutral,neutral
2336,"BasWare is headquartered in Espoo , Finland .",neutral,What is the sentiment of this news? Please choose an answer from {negative/neutral/positive}.,"Instruction: What is the sentiment of this news? Please choose an answer from {negative/neutral/positive}.
Input: BasWare is headquartered in Espoo , Finland .
Answer: ",neutral,neutral
2343,"Raute , headquartered in Nastola , Finland , is a technology company serving the wood products industry worldwide .",neutral,What is the sentiment of this news? Please choose an answer from {negative/neutral/positive}.,"Instruction: What is the sentiment of this news? Please choose an answer from {negative/neutral/positive}.
Input: Raute , headquartered in Nastola , Finland , is a technology company serving the wood products industry worldwide .
Answer: ",neutral,neutral
2349,The price will be specified at the completion date .,neutral,What is the sentiment of this news? Please choose an answer from {negative/neutral/positive}.,"Instruction: What is the sentiment of this news? Please choose an answer from {negative/neutral/positive}.
Input: The price will be specified at the completion date .
Answer: ",neutral,neutral
2362,"A meeting for the media and analysts will be held on the same day at 10:30 a.m. at Stonesoft Headquarters in Helsinki , Italahdenkatu 22 A. The Interim report will be presented by Stonesoft 's CEO Ilkka Hiidenheimo .",neutral,What is the sentiment of this news? Please choose an answer from {negative/neutral/positive}.,"Instruction: What is the sentiment of this news? Please choose an answer from {negative/neutral/positive}.
Input: A meeting for the media and analysts will be held on the same day at 10:30 a.m. at Stonesoft Headquarters in Helsinki , Italahdenkatu 22 A. The Interim report will be presented by Stonesoft 's CEO Ilkka Hiidenheimo .
Answer: ",neutral,neutral
2363,A meeting of Glisten shareholders to vote on the bid will be held on 12 March .,neutral,What is the sentiment of this news? Please choose an answer from {negative/neutral/positive}.,"Instruction: What is the sentiment of this news? Please choose an answer from {negative/neutral/positive}.
Input: A meeting of Glisten shareholders to vote on the bid will be held on 12 March .
Answer: ",neutral,neutral
2365,"A spokesman said : `` The food store center , subject to council and local support , could comprise a supermarket or smaller store and other niche outlets , and this will be firmed up following consultation with the council and local community regarding appropriate uses and occupiers . ''",neutral,What is the sentiment of this news? Please choose an answer from {negative/neutral/positive}.,"Instruction: What is the sentiment of this news? Please choose an answer from {negative/neutral/positive}.
Input: A spokesman said : `` The food store center , subject to council and local support , could comprise a supermarket or smaller store and other niche outlets , and this will be firmed up following consultation with the council and local community regarding appropriate uses and occupiers . ''
Answer: ",neutral,neutral
2368,"About 36 % of this came from Aspo Chemicals , 39 % from Aspo Shipping and 25 % from Aspo Systems .",neutral,What is the sentiment of this news? Please choose an answer from {negative/neutral/positive}.,"Instruction: What is the sentiment of this news? Please choose an answer from {negative/neutral/positive}.
Input: About 36 % of this came from Aspo Chemicals , 39 % from Aspo Shipping and 25 % from Aspo Systems .
Answer: ",neutral,neutral
2371,Aker Yards Finland will begin using Chinese subcontractors at its Finnish shipyards .,neutral,What is the sentiment of this news? Please choose an answer from {negative/neutral/positive}.,"Instruction: What is the sentiment of this news? Please choose an answer from {negative/neutral/positive}.
Input: Aker Yards Finland will begin using Chinese subcontractors at its Finnish shipyards .
Answer: ",neutral,neutral
2376,"In Finland , Hamina Cargo Terminal , of Finnish Nurminen Logistics , has purchased a warehouse with ground lease rights in the Port of Hamina .",neutral,What is the sentiment of this news? Please choose an answer from {negative/neutral/positive}.,"Instruction: What is the sentiment of this news? Please choose an answer from {negative/neutral/positive}.
Input: In Finland , Hamina Cargo Terminal , of Finnish Nurminen Logistics , has purchased a warehouse with ground lease rights in the Port of Hamina .
Answer: ",neutral,neutral
2385,"According to Soosalu , particular attention was paid to residents privacy and security in the design of the Aleksandri Street building .",neutral,What is the sentiment of this news? Please choose an answer from {negative/neutral/positive}.,"Instruction: What is the sentiment of this news? Please choose an answer from {negative/neutral/positive}.
Input: According to Soosalu , particular attention was paid to residents privacy and security in the design of the Aleksandri Street building .
Answer: ",neutral,neutral
2386,"According to statistics by the Finnish Maritime Administration , shipping did not increase much in January-August 2009 , however .",neutral,What is the sentiment of this news? Please choose an answer from {negative/neutral/positive}.,"Instruction: What is the sentiment of this news? Please choose an answer from {negative/neutral/positive}.
Input: According to statistics by the Finnish Maritime Administration , shipping did not increase much in January-August 2009 , however .
Answer: ",neutral,neutral
2391,"According to the report , Elisa 's and DNA 's joint market share of Finland 's telecom market is 59 % .",neutral,What is the sentiment of this news? Please choose an answer from {negative/neutral/positive}.,"Instruction: What is the sentiment of this news? Please choose an answer from {negative/neutral/positive}.
Input: According to the report , Elisa 's and DNA 's joint market share of Finland 's telecom market is 59 % .
Answer: ",neutral,neutral
2393,"After the sale , Savcor Group Ltd will comprise Savcor ART , a corporate function and an investment in Cencorp Corporation .",neutral,What is the sentiment of this news? Please choose an answer from {negative/neutral/positive}.,"Instruction: What is the sentiment of this news? Please choose an answer from {negative/neutral/positive}.
Input: After the sale , Savcor Group Ltd will comprise Savcor ART , a corporate function and an investment in Cencorp Corporation .
Answer: ",neutral,neutral
2397,Airbus will attempt to evacuate up to 873 people within 90 seconds .,neutral,What is the sentiment of this news? Please choose an answer from {negative/neutral/positive}.,"Instruction: What is the sentiment of this news? Please choose an answer from {negative/neutral/positive}.
Input: Airbus will attempt to evacuate up to 873 people within 90 seconds .
Answer: ",neutral,neutral
2418,"Because the application can be considered as a hacking application , it is classified by F-Secure as riskware .",neutral,What is the sentiment of this news? Please choose an answer from {negative/neutral/positive}.,"Instruction: What is the sentiment of this news? Please choose an answer from {negative/neutral/positive}.
Input: Because the application can be considered as a hacking application , it is classified by F-Secure as riskware .
Answer: ",neutral,neutral
2427,"Comptel Corporation Sami Ervio President and CEO , Distribution : NASDAQ OMX Helsinki Major media Comptel Dynamic OSS solutions enable telecom service providers to deliver services flexibly and charge them effectively .",neutral,What is the sentiment of this news? Please choose an answer from {negative/neutral/positive}.,"Instruction: What is the sentiment of this news? Please choose an answer from {negative/neutral/positive}.
Input: Comptel Corporation Sami Ervio President and CEO , Distribution : NASDAQ OMX Helsinki Major media Comptel Dynamic OSS solutions enable telecom service providers to deliver services flexibly and charge them effectively .
Answer: ",neutral,neutral
2433,"Currently the Terminator lures are produced in a subcontract facility in Mexico but the manufacturing will be transferred to Rapala 's factory in Shenzhen , China .",neutral,What is the sentiment of this news? Please choose an answer from {negative/neutral/positive}.,"Instruction: What is the sentiment of this news? Please choose an answer from {negative/neutral/positive}.
Input: Currently the Terminator lures are produced in a subcontract facility in Mexico but the manufacturing will be transferred to Rapala 's factory in Shenzhen , China .
Answer: ",neutral,neutral
2435,"Digia will also set up two subsidiaries , Digia Norway AS and Digia USA Inc. .",neutral,What is the sentiment of this news? Please choose an answer from {negative/neutral/positive}.,"Instruction: What is the sentiment of this news? Please choose an answer from {negative/neutral/positive}.
Input: Digia will also set up two subsidiaries , Digia Norway AS and Digia USA Inc. .
Answer: ",neutral,neutral
2438,Each year the dividend is deducted from the subscription price .,neutral,What is the sentiment of this news? Please choose an answer from {negative/neutral/positive}.,"Instruction: What is the sentiment of this news? Please choose an answer from {negative/neutral/positive}.
Input: Each year the dividend is deducted from the subscription price .
Answer: ",neutral,neutral
2443,Electronic versions require 24-48 hours as each copy is customized to the client with digital controls and custom watermarks .,neutral,What is the sentiment of this news? Please choose an answer from {negative/neutral/positive}.,"Instruction: What is the sentiment of this news? Please choose an answer from {negative/neutral/positive}.
Input: Electronic versions require 24-48 hours as each copy is customized to the client with digital controls and custom watermarks .
Answer: ",neutral,neutral
2444,"Elisa Corporation will disclose its financial statements for 2006 on Thursday , 8 February 2007 .",neutral,What is the sentiment of this news? Please choose an answer from {negative/neutral/positive}.,"Instruction: What is the sentiment of this news? Please choose an answer from {negative/neutral/positive}.
Input: Elisa Corporation will disclose its financial statements for 2006 on Thursday , 8 February 2007 .
Answer: ",neutral,neutral
2449,Exel is headquartered in Mantyharju in Finland .,neutral,What is the sentiment of this news? Please choose an answer from {negative/neutral/positive}.,"Instruction: What is the sentiment of this news? Please choose an answer from {negative/neutral/positive}.
Input: Exel is headquartered in Mantyharju in Finland .
Answer: ",neutral,neutral
2454,"Finnair expands : Finnair plans to add more flights on routes to Hong Kong , India and Russia .",positive,What is the sentiment of this news? Please choose an answer from {negative/neutral/positive}.,"Instruction: What is the sentiment of this news? Please choose an answer from {negative/neutral/positive}.
Input: Finnair expands : Finnair plans to add more flights on routes to Hong Kong , India and Russia .
Answer: ",positive,neutral
2455,Finnish Bank of +àland will launch its long-term pension savings account at the beginning of June 2010 .,neutral,What is the sentiment of this news? Please choose an answer from {negative/neutral/positive}.,"Instruction: What is the sentiment of this news? Please choose an answer from {negative/neutral/positive}.
Input: Finnish Bank of +àland will launch its long-term pension savings account at the beginning of June 2010 .
Answer: ",neutral,neutral
2467,"Glaston 's share GLA1V is listed on the NASDAQ OMX Helsinki , Mid Cap List .",neutral,What is the sentiment of this news? Please choose an answer from {negative/neutral/positive}.,"Instruction: What is the sentiment of this news? Please choose an answer from {negative/neutral/positive}.
Input: Glaston 's share GLA1V is listed on the NASDAQ OMX Helsinki , Mid Cap List .
Answer: ",neutral,neutral
2469,Growth is expected to continue in 2008 .,positive,What is the sentiment of this news? Please choose an answer from {negative/neutral/positive}.,"Instruction: What is the sentiment of this news? Please choose an answer from {negative/neutral/positive}.
Input: Growth is expected to continue in 2008 .
Answer: ",positive,neutral
2472,He is a member of the Board of numerous com-panies and a shareholder of the Boardman Ltd board specialist net-work .,neutral,What is the sentiment of this news? Please choose an answer from {negative/neutral/positive}.,"Instruction: What is the sentiment of this news? Please choose an answer from {negative/neutral/positive}.
Input: He is a member of the Board of numerous com-panies and a shareholder of the Boardman Ltd board specialist net-work .
Answer: ",neutral,neutral
2479,"If Honkarakenne starts production there , it will need a partner for sawmill operations .",neutral,What is the sentiment of this news? Please choose an answer from {negative/neutral/positive}.,"Instruction: What is the sentiment of this news? Please choose an answer from {negative/neutral/positive}.
Input: If Honkarakenne starts production there , it will need a partner for sawmill operations .
Answer: ",neutral,neutral
2482,"In addition a reduction of nine persons will be made through pension or other arrangements , the company added .",neutral,What is the sentiment of this news? Please choose an answer from {negative/neutral/positive}.,"Instruction: What is the sentiment of this news? Please choose an answer from {negative/neutral/positive}.
Input: In addition a reduction of nine persons will be made through pension or other arrangements , the company added .
Answer: ",neutral,neutral
2485,In return the New York-based private equity firm will receive a 51 % stake in the Latvian IT and telecom group .,neutral,What is the sentiment of this news? Please choose an answer from {negative/neutral/positive}.,"Instruction: What is the sentiment of this news? Please choose an answer from {negative/neutral/positive}.
Input: In return the New York-based private equity firm will receive a 51 % stake in the Latvian IT and telecom group .
Answer: ",neutral,neutral
2489,IonPhasE 's second major owner is venture capital firm Aura Capital .,neutral,What is the sentiment of this news? Please choose an answer from {negative/neutral/positive}.,"Instruction: What is the sentiment of this news? Please choose an answer from {negative/neutral/positive}.
Input: IonPhasE 's second major owner is venture capital firm Aura Capital .
Answer: ",neutral,neutral
2491,It moved into the No. 2 spot in 2000 when it merged steel operations with Avesta Sheffield to form AvestaPolarit .,neutral,What is the sentiment of this news? Please choose an answer from {negative/neutral/positive}.,"Instruction: What is the sentiment of this news? Please choose an answer from {negative/neutral/positive}.
Input: It moved into the No. 2 spot in 2000 when it merged steel operations with Avesta Sheffield to form AvestaPolarit .
Answer: ",neutral,neutral
2502,"Last week , however , Nokia announced that it will pursue a long-term relationship with Microsoft , and make the Windows Phone 7 operating system the foundation for Nokia mobile phones .",neutral,What is the sentiment of this news? Please choose an answer from {negative/neutral/positive}.,"Instruction: What is the sentiment of this news? Please choose an answer from {negative/neutral/positive}.
Input: Last week , however , Nokia announced that it will pursue a long-term relationship with Microsoft , and make the Windows Phone 7 operating system the foundation for Nokia mobile phones .
Answer: ",neutral,neutral
2504,"LEED is an internationally recognized green building certification system , developed by the U.S. Green Building Council .",neutral,What is the sentiment of this news? Please choose an answer from {negative/neutral/positive}.,"Instruction: What is the sentiment of this news? Please choose an answer from {negative/neutral/positive}.
Input: LEED is an internationally recognized green building certification system , developed by the U.S. Green Building Council .
Answer: ",neutral,neutral
2508,Measures will be launched immediately and are due to be finalized in the first quarter of 2010 .,neutral,What is the sentiment of this news? Please choose an answer from {negative/neutral/positive}.,"Instruction: What is the sentiment of this news? Please choose an answer from {negative/neutral/positive}.
Input: Measures will be launched immediately and are due to be finalized in the first quarter of 2010 .
Answer: ",neutral,neutral
2511,Mobile data transfer is expected to increase explosively in the LTE era .,neutral,What is the sentiment of this news? Please choose an answer from {negative/neutral/positive}.,"Instruction: What is the sentiment of this news? Please choose an answer from {negative/neutral/positive}.
Input: Mobile data transfer is expected to increase explosively in the LTE era .
Answer: ",neutral,neutral
2524,No more waste-burning facilities should be built .,neutral,What is the sentiment of this news? Please choose an answer from {negative/neutral/positive}.,"Instruction: What is the sentiment of this news? Please choose an answer from {negative/neutral/positive}.
Input: No more waste-burning facilities should be built .
Answer: ",neutral,neutral
2537,"Our customers come from the following countries : UK , USA , Spain , France , Italy , Germany , China , Sweden , Norway , Netherlands , Austria , Belgium , Switzerland , Czech Republic , Serbia , Finland , Canada , Russia , Ukraine , Portugal , Denmark , Ireland , South Korea , Estonia and Liechtenstein .",neutral,What is the sentiment of this news? Please choose an answer from {negative/neutral/positive}.,"Instruction: What is the sentiment of this news? Please choose an answer from {negative/neutral/positive}.
Input: Our customers come from the following countries : UK , USA , Spain , France , Italy , Germany , China , Sweden , Norway , Netherlands , Austria , Belgium , Switzerland , Czech Republic , Serbia , Finland , Canada , Russia , Ukraine , Portugal , Denmark , Ireland , South Korea , Estonia and Liechtenstein .
Answer: ",neutral,neutral
2539,"Particular attention is being paid to energy efficiency in the construction of the building , as it is designed to meet the requirements of energy class B , and LEED certification will be applied for .",neutral,What is the sentiment of this news? Please choose an answer from {negative/neutral/positive}.,"Instruction: What is the sentiment of this news? Please choose an answer from {negative/neutral/positive}.
Input: Particular attention is being paid to energy efficiency in the construction of the building , as it is designed to meet the requirements of energy class B , and LEED certification will be applied for .
Answer: ",neutral,neutral
2546,Price talk is in the Euribor plus 2 bps area and the sole lead is Citigroup .,neutral,What is the sentiment of this news? Please choose an answer from {negative/neutral/positive}.,"Instruction: What is the sentiment of this news? Please choose an answer from {negative/neutral/positive}.
Input: Price talk is in the Euribor plus 2 bps area and the sole lead is Citigroup .
Answer: ",neutral,neutral
2551,"Published by Globes online , Israel business news - www.globes-online.com - on November 16 , 2009 -® Copyright of Globes Publisher Itonut 1983 Ltd. 2009",neutral,What is the sentiment of this news? Please choose an answer from {negative/neutral/positive}.,"Instruction: What is the sentiment of this news? Please choose an answer from {negative/neutral/positive}.
Input: Published by Globes online , Israel business news - www.globes-online.com - on November 16 , 2009 -® Copyright of Globes Publisher Itonut 1983 Ltd. 2009
Answer: ",neutral,neutral
2556,"rosendal at outotec.com Eila Paatela , Vice President - Corporate Communications tel. +358 20 529 2004 , +358 400 817198 e-mail eila .",neutral,What is the sentiment of this news? Please choose an answer from {negative/neutral/positive}.,"Instruction: What is the sentiment of this news? Please choose an answer from {negative/neutral/positive}.
Input: rosendal at outotec.com Eila Paatela , Vice President - Corporate Communications tel. +358 20 529 2004 , +358 400 817198 e-mail eila .
Answer: ",neutral,neutral
2557,Runway Visual Range is a calculated assessment of the distance that a pilot can see down a runway .,neutral,What is the sentiment of this news? Please choose an answer from {negative/neutral/positive}.,"Instruction: What is the sentiment of this news? Please choose an answer from {negative/neutral/positive}.
Input: Runway Visual Range is a calculated assessment of the distance that a pilot can see down a runway .
Answer: ",neutral,neutral
2558,"Salcomp 's charger manufacturing plant in India is located in the Nokia Telecom Park in the state of Tamil Nadu , in the eastern part of India .",neutral,What is the sentiment of this news? Please choose an answer from {negative/neutral/positive}.,"Instruction: What is the sentiment of this news? Please choose an answer from {negative/neutral/positive}.
Input: Salcomp 's charger manufacturing plant in India is located in the Nokia Telecom Park in the state of Tamil Nadu , in the eastern part of India .
Answer: ",neutral,neutral
2560,"says Brian Burton , Head of IT Security , Vodafone UK .",neutral,What is the sentiment of this news? Please choose an answer from {negative/neutral/positive}.,"Instruction: What is the sentiment of this news? Please choose an answer from {negative/neutral/positive}.
Input: says Brian Burton , Head of IT Security , Vodafone UK .
Answer: ",neutral,neutral
2563,"Some of the most recent technology deliveries include refinery technology to Anrak Aluminium , an iron ore pelletizing plant to Tata Steel and iron ore sintering plants to Bhushan Steel .",neutral,What is the sentiment of this news? Please choose an answer from {negative/neutral/positive}.,"Instruction: What is the sentiment of this news? Please choose an answer from {negative/neutral/positive}.
Input: Some of the most recent technology deliveries include refinery technology to Anrak Aluminium , an iron ore pelletizing plant to Tata Steel and iron ore sintering plants to Bhushan Steel .
Answer: ",neutral,neutral
2565,"SRV will also build an aqua park with wellness area , a restaurant and a multifunctional ice arena .",neutral,What is the sentiment of this news? Please choose an answer from {negative/neutral/positive}.,"Instruction: What is the sentiment of this news? Please choose an answer from {negative/neutral/positive}.
Input: SRV will also build an aqua park with wellness area , a restaurant and a multifunctional ice arena .
Answer: ",neutral,neutral
2568,SSH Establishes New Global Sales and Marketing Group to be led by George Adams ; Adams Establishes Global Sales and Marketing Group to Drive Worldwide Programs Supporting SSH Tectia Enterprise Security Solutions,neutral,What is the sentiment of this news? Please choose an answer from {negative/neutral/positive}.,"Instruction: What is the sentiment of this news? Please choose an answer from {negative/neutral/positive}.
Input: SSH Establishes New Global Sales and Marketing Group to be led by George Adams ; Adams Establishes Global Sales and Marketing Group to Drive Worldwide Programs Supporting SSH Tectia Enterprise Security Solutions
Answer: ",neutral,neutral
2590,"The business area has operations in Finland , Sweden , Denmark , Estonia , Latvia and Lithuania .",neutral,What is the sentiment of this news? Please choose an answer from {negative/neutral/positive}.,"Instruction: What is the sentiment of this news? Please choose an answer from {negative/neutral/positive}.
Input: The business area has operations in Finland , Sweden , Denmark , Estonia , Latvia and Lithuania .
Answer: ",neutral,neutral
2593,The category was marked by maturity and the recession .,neutral,What is the sentiment of this news? Please choose an answer from {negative/neutral/positive}.,"Instruction: What is the sentiment of this news? Please choose an answer from {negative/neutral/positive}.
Input: The category was marked by maturity and the recession .
Answer: ",neutral,neutral
2595,The company has some 410 employees and an annual turnover of EUR65 .4 m. Vaahto Group is listed on the Nordic Exchange in Helsinki .,neutral,What is the sentiment of this news? Please choose an answer from {negative/neutral/positive}.,"Instruction: What is the sentiment of this news? Please choose an answer from {negative/neutral/positive}.
Input: The company has some 410 employees and an annual turnover of EUR65 .4 m. Vaahto Group is listed on the Nordic Exchange in Helsinki .
Answer: ",neutral,neutral
2597,"The company offers payroll services , including payroll processing , payroll tax administration , and employee pay services , including direct deposit , check signing , and Readychex .",neutral,What is the sentiment of this news? Please choose an answer from {negative/neutral/positive}.,"Instruction: What is the sentiment of this news? Please choose an answer from {negative/neutral/positive}.
Input: The company offers payroll services , including payroll processing , payroll tax administration , and employee pay services , including direct deposit , check signing , and Readychex .
Answer: ",neutral,neutral
2601,"The company 's plant in Russia will continue to make tyres for its near markets , while the plant in Nokia in Finland will manufacture tyres for other markets .",neutral,What is the sentiment of this news? Please choose an answer from {negative/neutral/positive}.,"Instruction: What is the sentiment of this news? Please choose an answer from {negative/neutral/positive}.
Input: The company 's plant in Russia will continue to make tyres for its near markets , while the plant in Nokia in Finland will manufacture tyres for other markets .
Answer: ",neutral,neutral
2612,"The company will use the money for product development and research activities through 2013 in its key markets Finland , Germany , Italy and France .",neutral,What is the sentiment of this news? Please choose an answer from {negative/neutral/positive}.,"Instruction: What is the sentiment of this news? Please choose an answer from {negative/neutral/positive}.
Input: The company will use the money for product development and research activities through 2013 in its key markets Finland , Germany , Italy and France .
Answer: ",neutral,neutral
2613,The continued operations mean the structure after the restructuring of the Aspocomp group including Aspocomp Oulu and the headquarter operations .,neutral,What is the sentiment of this news? Please choose an answer from {negative/neutral/positive}.,"Instruction: What is the sentiment of this news? Please choose an answer from {negative/neutral/positive}.
Input: The continued operations mean the structure after the restructuring of the Aspocomp group including Aspocomp Oulu and the headquarter operations .
Answer: ",neutral,neutral
2616,The contract involves refurbishing the bathrooms of 189 units as well as re-plumbing their water and sewer pipes .,neutral,What is the sentiment of this news? Please choose an answer from {negative/neutral/positive}.,"Instruction: What is the sentiment of this news? Please choose an answer from {negative/neutral/positive}.
Input: The contract involves refurbishing the bathrooms of 189 units as well as re-plumbing their water and sewer pipes .
Answer: ",neutral,neutral
2621,The deal is subject to approval by the Norwegian competition authorities .,neutral,What is the sentiment of this news? Please choose an answer from {negative/neutral/positive}.,"Instruction: What is the sentiment of this news? Please choose an answer from {negative/neutral/positive}.
Input: The deal is subject to approval by the Norwegian competition authorities .
Answer: ",neutral,neutral
2625,"The development of the technological park , which will specialize in telecommunications and information technologies , is part of the state program for the formation of technoparks for hi-tech sectors in Russia .",neutral,What is the sentiment of this news? Please choose an answer from {negative/neutral/positive}.,"Instruction: What is the sentiment of this news? Please choose an answer from {negative/neutral/positive}.
Input: The development of the technological park , which will specialize in telecommunications and information technologies , is part of the state program for the formation of technoparks for hi-tech sectors in Russia .
Answer: ",neutral,neutral
2626,"The e-commerce site and flagship will be managed by Marimekko North America Retail LLC , a subsidiary established in the U.S. last year .",neutral,What is the sentiment of this news? Please choose an answer from {negative/neutral/positive}.,"Instruction: What is the sentiment of this news? Please choose an answer from {negative/neutral/positive}.
Input: The e-commerce site and flagship will be managed by Marimekko North America Retail LLC , a subsidiary established in the U.S. last year .
Answer: ",neutral,neutral
2635,The following information was released by Comptel : Tomorrow the Chairman of the Federal Communications Commission is scheduled to deliver the National Broadband Plan to Congress .,neutral,What is the sentiment of this news? Please choose an answer from {negative/neutral/positive}.,"Instruction: What is the sentiment of this news? Please choose an answer from {negative/neutral/positive}.
Input: The following information was released by Comptel : Tomorrow the Chairman of the Federal Communications Commission is scheduled to deliver the National Broadband Plan to Congress .
Answer: ",neutral,neutral
2645,The Line 4 will run fully underground and will comprise 10 stations which will be executed in two implementation stages .,neutral,What is the sentiment of this news? Please choose an answer from {negative/neutral/positive}.,"Instruction: What is the sentiment of this news? Please choose an answer from {negative/neutral/positive}.
Input: The Line 4 will run fully underground and will comprise 10 stations which will be executed in two implementation stages .
Answer: ",neutral,neutral
2660,"The order comprises four ball mills , which will be organized in two different streams for treating ore in the Pilanesberg platinum mine .",neutral,What is the sentiment of this news? Please choose an answer from {negative/neutral/positive}.,"Instruction: What is the sentiment of this news? Please choose an answer from {negative/neutral/positive}.
Input: The order comprises four ball mills , which will be organized in two different streams for treating ore in the Pilanesberg platinum mine .
Answer: ",neutral,neutral
2674,The restructuring measures will not affect the production of packaging printing material .,neutral,What is the sentiment of this news? Please choose an answer from {negative/neutral/positive}.,"Instruction: What is the sentiment of this news? Please choose an answer from {negative/neutral/positive}.
Input: The restructuring measures will not affect the production of packaging printing material .
Answer: ",neutral,neutral
2675,"The sale , comprising the margarine business in Finland and Poland , follows the approval of the Polish competition authorities earlier in October .",neutral,What is the sentiment of this news? Please choose an answer from {negative/neutral/positive}.,"Instruction: What is the sentiment of this news? Please choose an answer from {negative/neutral/positive}.
Input: The sale , comprising the margarine business in Finland and Poland , follows the approval of the Polish competition authorities earlier in October .
Answer: ",neutral,neutral
2681,The ship unloader is totally enclosed along the entire conveying line to the storage facilities .,neutral,What is the sentiment of this news? Please choose an answer from {negative/neutral/positive}.,"Instruction: What is the sentiment of this news? Please choose an answer from {negative/neutral/positive}.
Input: The ship unloader is totally enclosed along the entire conveying line to the storage facilities .
Answer: ",neutral,neutral
2690,They both will report to Oriola-KD 's chief executive officer Eero Hautaniemi .,neutral,What is the sentiment of this news? Please choose an answer from {negative/neutral/positive}.,"Instruction: What is the sentiment of this news? Please choose an answer from {negative/neutral/positive}.
Input: They both will report to Oriola-KD 's chief executive officer Eero Hautaniemi .
Answer: ",neutral,neutral
2693,This solution is an extension to the existing online mediation solution delivered earlier by Comptel and IBM .,neutral,What is the sentiment of this news? Please choose an answer from {negative/neutral/positive}.,"Instruction: What is the sentiment of this news? Please choose an answer from {negative/neutral/positive}.
Input: This solution is an extension to the existing online mediation solution delivered earlier by Comptel and IBM .
Answer: ",neutral,neutral
2695,"Tieto in Latvia is represented by IT services companies TietoEnator Alise and TietoEnator , which has operations in the industries of Financial Services Cards , Retail and Logistics and IT Outsourcing and Managed Services .",neutral,What is the sentiment of this news? Please choose an answer from {negative/neutral/positive}.,"Instruction: What is the sentiment of this news? Please choose an answer from {negative/neutral/positive}.
Input: Tieto in Latvia is represented by IT services companies TietoEnator Alise and TietoEnator , which has operations in the industries of Financial Services Cards , Retail and Logistics and IT Outsourcing and Managed Services .
Answer: ",neutral,neutral
2701,W+ñrtsil+ñ 's aim is to serve the rapidly growing number of vessels and increasing marine activity in the Barents Sea region .,neutral,What is the sentiment of this news? Please choose an answer from {negative/neutral/positive}.,"Instruction: What is the sentiment of this news? Please choose an answer from {negative/neutral/positive}.
Input: W+ñrtsil+ñ 's aim is to serve the rapidly growing number of vessels and increasing marine activity in the Barents Sea region .
Answer: ",neutral,neutral
2703,"We know that it exists , '' Artemyev said .",neutral,What is the sentiment of this news? Please choose an answer from {negative/neutral/positive}.,"Instruction: What is the sentiment of this news? Please choose an answer from {negative/neutral/positive}.
Input: We know that it exists , '' Artemyev said .
Answer: ",neutral,neutral
2708,Yvonne Jones is owner of Chameleon Interiors .,neutral,What is the sentiment of this news? Please choose an answer from {negative/neutral/positive}.,"Instruction: What is the sentiment of this news? Please choose an answer from {negative/neutral/positive}.
Input: Yvonne Jones is owner of Chameleon Interiors .
Answer: ",neutral,neutral
2709,ZAO YIT Moskovia builds housing in Moscow and its surrounding cities .,neutral,What is the sentiment of this news? Please choose an answer from {negative/neutral/positive}.,"Instruction: What is the sentiment of this news? Please choose an answer from {negative/neutral/positive}.
Input: ZAO YIT Moskovia builds housing in Moscow and its surrounding cities .
Answer: ",neutral,neutral
2712,"Swedbank Hypotek - Is to issue a benchmark , fixed rate covered deal in Euros , maturing January 2010 .",neutral,What is the sentiment of this news? Please choose an answer from {negative/neutral/positive}.,"Instruction: What is the sentiment of this news? Please choose an answer from {negative/neutral/positive}.
Input: Swedbank Hypotek - Is to issue a benchmark , fixed rate covered deal in Euros , maturing January 2010 .
Answer: ",neutral,neutral
2724,`` We know there are some of our own people out there . '',neutral,What is the sentiment of this news? Please choose an answer from {negative/neutral/positive}.,"Instruction: What is the sentiment of this news? Please choose an answer from {negative/neutral/positive}.
Input: `` We know there are some of our own people out there . ''
Answer: ",neutral,neutral
2729,26 November 2010 - Finnish sports-equipment maker Amer Sports Oyj ( HEL : AMEAS ) said today it has obtained a EUR30m Schuldschein note loan from a pool of international investors .,neutral,What is the sentiment of this news? Please choose an answer from {negative/neutral/positive}.,"Instruction: What is the sentiment of this news? Please choose an answer from {negative/neutral/positive}.
Input: 26 November 2010 - Finnish sports-equipment maker Amer Sports Oyj ( HEL : AMEAS ) said today it has obtained a EUR30m Schuldschein note loan from a pool of international investors .
Answer: ",neutral,neutral
2730,"3 January 2011 - Scandinavian lenders Sampo Bank ( HEL : SAMAS ) , Pohjola Bank ( HEL : POH1S ) and Svenska Handelsbanken ( STO : SHB A ) have provided a EUR160m ( USD213m ) line of credit to Lemminkainen Oyj ( HEL : LEM1S ) , the Finnish construction firm said on Friday .",neutral,What is the sentiment of this news? Please choose an answer from {negative/neutral/positive}.,"Instruction: What is the sentiment of this news? Please choose an answer from {negative/neutral/positive}.
Input: 3 January 2011 - Scandinavian lenders Sampo Bank ( HEL : SAMAS ) , Pohjola Bank ( HEL : POH1S ) and Svenska Handelsbanken ( STO : SHB A ) have provided a EUR160m ( USD213m ) line of credit to Lemminkainen Oyj ( HEL : LEM1S ) , the Finnish construction firm said on Friday .
Answer: ",neutral,neutral
2731,55 workers in +àm+Ñl will be affected by the close-down .,negative,What is the sentiment of this news? Please choose an answer from {negative/neutral/positive}.,"Instruction: What is the sentiment of this news? Please choose an answer from {negative/neutral/positive}.
Input: 55 workers in +àm+Ñl will be affected by the close-down .
Answer: ",negative,neutral
2733,A few employees would remain at the Oulu plant in support functions for other group units .,neutral,What is the sentiment of this news? Please choose an answer from {negative/neutral/positive}.,"Instruction: What is the sentiment of this news? Please choose an answer from {negative/neutral/positive}.
Input: A few employees would remain at the Oulu plant in support functions for other group units .
Answer: ",neutral,neutral
2734,A huge issue for us is the button placement .,neutral,What is the sentiment of this news? Please choose an answer from {negative/neutral/positive}.,"Instruction: What is the sentiment of this news? Please choose an answer from {negative/neutral/positive}.
Input: A huge issue for us is the button placement .
Answer: ",neutral,neutral
2735,A merger between UPM and Finnish-Swedish Stora Enso is not likely either .,neutral,What is the sentiment of this news? Please choose an answer from {negative/neutral/positive}.,"Instruction: What is the sentiment of this news? Please choose an answer from {negative/neutral/positive}.
Input: A merger between UPM and Finnish-Swedish Stora Enso is not likely either .
Answer: ",neutral,neutral
2738,"A total of 131000 Talvivaara Mining Company Plc 's new shares were subscribed for during the period between May 1 , 2010 and June 30 , 2010 under the company 's stock option rights 2007A .",neutral,What is the sentiment of this news? Please choose an answer from {negative/neutral/positive}.,"Instruction: What is the sentiment of this news? Please choose an answer from {negative/neutral/positive}.
Input: A total of 131000 Talvivaara Mining Company Plc 's new shares were subscribed for during the period between May 1 , 2010 and June 30 , 2010 under the company 's stock option rights 2007A .
Answer: ",neutral,neutral
2739,"A total of 38,244 new Citycon shares with a nominal value of EUR 1.35 per share were subscribed on 19 April exercising the A-B-C options based on the company 's stock option plan 1999 .",neutral,What is the sentiment of this news? Please choose an answer from {negative/neutral/positive}.,"Instruction: What is the sentiment of this news? Please choose an answer from {negative/neutral/positive}.
Input: A total of 38,244 new Citycon shares with a nominal value of EUR 1.35 per share were subscribed on 19 April exercising the A-B-C options based on the company 's stock option plan 1999 .
Answer: ",neutral,neutral
2744,"Finnish AC drives manufacturer Vacon is acquiring the AC drives business of TB Wood 's , part of the US group Altra Holdings .",neutral,What is the sentiment of this news? Please choose an answer from {negative/neutral/positive}.,"Instruction: What is the sentiment of this news? Please choose an answer from {negative/neutral/positive}.
Input: Finnish AC drives manufacturer Vacon is acquiring the AC drives business of TB Wood 's , part of the US group Altra Holdings .
Answer: ",neutral,neutral
2745,Finnish beverage company Olvi is one of the last listed companies in Finland that has not yet published its financial result for the second quarter of 2009 .,neutral,What is the sentiment of this news? Please choose an answer from {negative/neutral/positive}.,"Instruction: What is the sentiment of this news? Please choose an answer from {negative/neutral/positive}.
Input: Finnish beverage company Olvi is one of the last listed companies in Finland that has not yet published its financial result for the second quarter of 2009 .
Answer: ",neutral,neutral
2747,"Finnish Kemira Group 's CEO , Lasse Kurkilahti , says the Group 's structural reorganisation will continue for at least a year .",neutral,What is the sentiment of this news? Please choose an answer from {negative/neutral/positive}.,"Instruction: What is the sentiment of this news? Please choose an answer from {negative/neutral/positive}.
Input: Finnish Kemira Group 's CEO , Lasse Kurkilahti , says the Group 's structural reorganisation will continue for at least a year .
Answer: ",neutral,neutral
2756,"Scanfil , a systems supplier and contract manufacturer to the communications sector , will start personnel negotiations in Oulu , in Finland , to lay off staff temporarily .",negative,What is the sentiment of this news? Please choose an answer from {negative/neutral/positive}.,"Instruction: What is the sentiment of this news? Please choose an answer from {negative/neutral/positive}.
Input: Scanfil , a systems supplier and contract manufacturer to the communications sector , will start personnel negotiations in Oulu , in Finland , to lay off staff temporarily .
Answer: ",negative,neutral
2762,"According to L+ñnnen Tehtaat 's CEO Matti Karppinen , the company aims to deliver fish products to its customers a day earlier than it currently does .",neutral,What is the sentiment of this news? Please choose an answer from {negative/neutral/positive}.,"Instruction: What is the sentiment of this news? Please choose an answer from {negative/neutral/positive}.
Input: According to L+ñnnen Tehtaat 's CEO Matti Karppinen , the company aims to deliver fish products to its customers a day earlier than it currently does .
Answer: ",neutral,neutral
2766,Activities range from the development of natural resources to the retailed marketing of finished products .,neutral,What is the sentiment of this news? Please choose an answer from {negative/neutral/positive}.,"Instruction: What is the sentiment of this news? Please choose an answer from {negative/neutral/positive}.
Input: Activities range from the development of natural resources to the retailed marketing of finished products .
Answer: ",neutral,neutral
2773,After 1 April 2007 Cencorp will not have any own employees in the territory .,neutral,What is the sentiment of this news? Please choose an answer from {negative/neutral/positive}.,"Instruction: What is the sentiment of this news? Please choose an answer from {negative/neutral/positive}.
Input: After 1 April 2007 Cencorp will not have any own employees in the territory .
Answer: ",neutral,neutral
2774,"After buying Eukor Car Carriers 50 percent stake , Grimaldi Group is now the sole owner of the Swedish roll-on , roll-off port of Wallhamn .",neutral,What is the sentiment of this news? Please choose an answer from {negative/neutral/positive}.,"Instruction: What is the sentiment of this news? Please choose an answer from {negative/neutral/positive}.
Input: After buying Eukor Car Carriers 50 percent stake , Grimaldi Group is now the sole owner of the Swedish roll-on , roll-off port of Wallhamn .
Answer: ",neutral,neutral
2777,"After the transaction , M-real will own 30 % in Metsa-Botnia and UPM -- 17 % .",neutral,What is the sentiment of this news? Please choose an answer from {negative/neutral/positive}.,"Instruction: What is the sentiment of this news? Please choose an answer from {negative/neutral/positive}.
Input: After the transaction , M-real will own 30 % in Metsa-Botnia and UPM -- 17 % .
Answer: ",neutral,neutral
2779,"Ahlstrom Corporation STOCK EXCHANGE ANNOUNCEMENT 23.4.2007 Ahlstrom Corporation will publish its first quarter financial results 2007 on Friday , April 27 , 2007 approximately at 8.30 a.m. Finnish time .",neutral,What is the sentiment of this news? Please choose an answer from {negative/neutral/positive}.,"Instruction: What is the sentiment of this news? Please choose an answer from {negative/neutral/positive}.
Input: Ahlstrom Corporation STOCK EXCHANGE ANNOUNCEMENT 23.4.2007 Ahlstrom Corporation will publish its first quarter financial results 2007 on Friday , April 27 , 2007 approximately at 8.30 a.m. Finnish time .
Answer: ",neutral,neutral
2782,Aldata noted that its Voice Supply Chain Technology approach enables VDW to integrate with warehouse management systems .,neutral,What is the sentiment of this news? Please choose an answer from {negative/neutral/positive}.,"Instruction: What is the sentiment of this news? Please choose an answer from {negative/neutral/positive}.
Input: Aldata noted that its Voice Supply Chain Technology approach enables VDW to integrate with warehouse management systems .
Answer: ",neutral,neutral
2783,"Aldata Solution Oyj Stock Exchange Release 11 August 2006 , at 11.00 am ALDATA SHARES SUBSCRIBED FOR WITH 2003 STOCK OPTIONS A total of 95,000 new shares of Aldata Solution Oyj have been subscribed for with the company 's 2003A stock options .",neutral,What is the sentiment of this news? Please choose an answer from {negative/neutral/positive}.,"Instruction: What is the sentiment of this news? Please choose an answer from {negative/neutral/positive}.
Input: Aldata Solution Oyj Stock Exchange Release 11 August 2006 , at 11.00 am ALDATA SHARES SUBSCRIBED FOR WITH 2003 STOCK OPTIONS A total of 95,000 new shares of Aldata Solution Oyj have been subscribed for with the company 's 2003A stock options .
Answer: ",neutral,neutral
2786,"ALEXANDRIA , Va. , Dec. 22 -- United States Patent no. 7,854,608 , issued on Dec. 21 , was assigned to Outotec Oyj ( Espoo , Finland ) .",neutral,What is the sentiment of this news? Please choose an answer from {negative/neutral/positive}.,"Instruction: What is the sentiment of this news? Please choose an answer from {negative/neutral/positive}.
Input: ALEXANDRIA , Va. , Dec. 22 -- United States Patent no. 7,854,608 , issued on Dec. 21 , was assigned to Outotec Oyj ( Espoo , Finland ) .
Answer: ",neutral,neutral
2790,"ALEXANDRIA , Va. , Oct. 23 -- Hans-Otto Scheck of Espoo , Finland , has developed a method of identifying remote radio units in a communication system .",neutral,What is the sentiment of this news? Please choose an answer from {negative/neutral/positive}.,"Instruction: What is the sentiment of this news? Please choose an answer from {negative/neutral/positive}.
Input: ALEXANDRIA , Va. , Oct. 23 -- Hans-Otto Scheck of Espoo , Finland , has developed a method of identifying remote radio units in a communication system .
Answer: ",neutral,neutral
2797,"Also the city 's insurance company , If P & C Insurance , has said it will not pay compensation .",negative,What is the sentiment of this news? Please choose an answer from {negative/neutral/positive}.,"Instruction: What is the sentiment of this news? Please choose an answer from {negative/neutral/positive}.
Input: Also the city 's insurance company , If P & C Insurance , has said it will not pay compensation .
Answer: ",negative,neutral
2802,An EU law on the issue may be introduced around 2010 .,neutral,What is the sentiment of this news? Please choose an answer from {negative/neutral/positive}.,"Instruction: What is the sentiment of this news? Please choose an answer from {negative/neutral/positive}.
Input: An EU law on the issue may be introduced around 2010 .
Answer: ",neutral,neutral
2806,"Approximately SEK 166 million in repayments has been demanded for overcharging in the Stockholm area , with the remaining SEK 87 million taken from the Western coast , the inspectorate said .",neutral,What is the sentiment of this news? Please choose an answer from {negative/neutral/positive}.,"Instruction: What is the sentiment of this news? Please choose an answer from {negative/neutral/positive}.
Input: Approximately SEK 166 million in repayments has been demanded for overcharging in the Stockholm area , with the remaining SEK 87 million taken from the Western coast , the inspectorate said .
Answer: ",neutral,neutral
2808,"As a condition to the deal , Savcor Alfa has to have bought Photonium and Akseli Lahtinen Inc. 's business operations prior to the deal .",neutral,What is the sentiment of this news? Please choose an answer from {negative/neutral/positive}.,"Instruction: What is the sentiment of this news? Please choose an answer from {negative/neutral/positive}.
Input: As a condition to the deal , Savcor Alfa has to have bought Photonium and Akseli Lahtinen Inc. 's business operations prior to the deal .
Answer: ",neutral,neutral
2811,"As a result of the negotiations , the amount of employment contracts to be terminated is 13 .",negative,What is the sentiment of this news? Please choose an answer from {negative/neutral/positive}.,"Instruction: What is the sentiment of this news? Please choose an answer from {negative/neutral/positive}.
Input: As a result of the negotiations , the amount of employment contracts to be terminated is 13 .
Answer: ",negative,neutral
2814,"As part of the agreement , Aspocomp will also give Meadville a 10 pct slice of a subsidiary operating in Oulu , Finland .",neutral,What is the sentiment of this news? Please choose an answer from {negative/neutral/positive}.,"Instruction: What is the sentiment of this news? Please choose an answer from {negative/neutral/positive}.
Input: As part of the agreement , Aspocomp will also give Meadville a 10 pct slice of a subsidiary operating in Oulu , Finland .
Answer: ",neutral,neutral
2816,"As part of the reorganization , Kauko-Telko Ltd will be divided into Telko Ltd , Leipurin Ltd , Hamina Terminal Services Ltd and Kaukomarkkinat Ltd. .",neutral,What is the sentiment of this news? Please choose an answer from {negative/neutral/positive}.,"Instruction: What is the sentiment of this news? Please choose an answer from {negative/neutral/positive}.
Input: As part of the reorganization , Kauko-Telko Ltd will be divided into Telko Ltd , Leipurin Ltd , Hamina Terminal Services Ltd and Kaukomarkkinat Ltd. .
Answer: ",neutral,neutral
2824,Automation makes it possible to conduct several tests simultaneously .,neutral,What is the sentiment of this news? Please choose an answer from {negative/neutral/positive}.,"Instruction: What is the sentiment of this news? Please choose an answer from {negative/neutral/positive}.
Input: Automation makes it possible to conduct several tests simultaneously .
Answer: ",neutral,neutral
2826,"Based on the design of previous handsets , the Nokia E72 and Nokia E63 this Symbian-based model is promised to offer direct access to over 90 per cent of the world s corporate email through Mail for Exchange and IBM Lotus Notes Traveler .",neutral,What is the sentiment of this news? Please choose an answer from {negative/neutral/positive}.,"Instruction: What is the sentiment of this news? Please choose an answer from {negative/neutral/positive}.
Input: Based on the design of previous handsets , the Nokia E72 and Nokia E63 this Symbian-based model is promised to offer direct access to over 90 per cent of the world s corporate email through Mail for Exchange and IBM Lotus Notes Traveler .
Answer: ",neutral,neutral
2831,Basware offers full support for all SAP versions starting from SAP 4.5 .,neutral,What is the sentiment of this news? Please choose an answer from {negative/neutral/positive}.,"Instruction: What is the sentiment of this news? Please choose an answer from {negative/neutral/positive}.
Input: Basware offers full support for all SAP versions starting from SAP 4.5 .
Answer: ",neutral,neutral
2832,"Beef imports fell slightly from 2006 , to 14mn kilos .",neutral,What is the sentiment of this news? Please choose an answer from {negative/neutral/positive}.,"Instruction: What is the sentiment of this news? Please choose an answer from {negative/neutral/positive}.
Input: Beef imports fell slightly from 2006 , to 14mn kilos .
Answer: ",neutral,neutral
2838,Both sources said Nokia would unveil its new phone code-named `` Tube '' on Oct. 2 at an analyst and media event in London .,neutral,What is the sentiment of this news? Please choose an answer from {negative/neutral/positive}.,"Instruction: What is the sentiment of this news? Please choose an answer from {negative/neutral/positive}.
Input: Both sources said Nokia would unveil its new phone code-named `` Tube '' on Oct. 2 at an analyst and media event in London .
Answer: ",neutral,neutral
2839,"Byline : Tim Moran Cellular phone giant Nokia Corp. is offering $ 8.1 billion for digital map supplier NAVTEQ Corp. , of Chicago .",neutral,What is the sentiment of this news? Please choose an answer from {negative/neutral/positive}.,"Instruction: What is the sentiment of this news? Please choose an answer from {negative/neutral/positive}.
Input: Byline : Tim Moran Cellular phone giant Nokia Corp. is offering $ 8.1 billion for digital map supplier NAVTEQ Corp. , of Chicago .
Answer: ",neutral,neutral
2845,"Cencorp would focus on the development , manufacture and marketing of standard products for production automation .",neutral,What is the sentiment of this news? Please choose an answer from {negative/neutral/positive}.,"Instruction: What is the sentiment of this news? Please choose an answer from {negative/neutral/positive}.
Input: Cencorp would focus on the development , manufacture and marketing of standard products for production automation .
Answer: ",neutral,neutral
2847,Choose from a Giant Countdown with red head or rainbow trout -- or the Giant Shad Rap in perch color .,neutral,What is the sentiment of this news? Please choose an answer from {negative/neutral/positive}.,"Instruction: What is the sentiment of this news? Please choose an answer from {negative/neutral/positive}.
Input: Choose from a Giant Countdown with red head or rainbow trout -- or the Giant Shad Rap in perch color .
Answer: ",neutral,neutral
2849,"Cohen & Steers , Inc. : 5 534 530 shares representing 4.985 % of the share capital and voting rights .",neutral,What is the sentiment of this news? Please choose an answer from {negative/neutral/positive}.,"Instruction: What is the sentiment of this news? Please choose an answer from {negative/neutral/positive}.
Input: Cohen & Steers , Inc. : 5 534 530 shares representing 4.985 % of the share capital and voting rights .
Answer: ",neutral,neutral
2853,COMPTEL CORPORATION Sami Ervio President and CEO Distribution : NASDAQ OMX Helsinki Major media Comptel Dynamic OSS solutions enable telecom service providers to deliver services flexibly and charge them effectively .,neutral,What is the sentiment of this news? Please choose an answer from {negative/neutral/positive}.,"Instruction: What is the sentiment of this news? Please choose an answer from {negative/neutral/positive}.
Input: COMPTEL CORPORATION Sami Ervio President and CEO Distribution : NASDAQ OMX Helsinki Major media Comptel Dynamic OSS solutions enable telecom service providers to deliver services flexibly and charge them effectively .
Answer: ",neutral,neutral
2861,credit 20 November 2009 - Finnish glass technology company Glaston Oyj Abp ( HEL : GLA1V ) said today it concluded a EUR74m revolving credit facility agreement with its core banks .,positive,What is the sentiment of this news? Please choose an answer from {negative/neutral/positive}.,"Instruction: What is the sentiment of this news? Please choose an answer from {negative/neutral/positive}.
Input: credit 20 November 2009 - Finnish glass technology company Glaston Oyj Abp ( HEL : GLA1V ) said today it concluded a EUR74m revolving credit facility agreement with its core banks .
Answer: ",positive,neutral
2869,"Den Bosch-based TomTom is Europe 's largest maker of automotive navigation devices , while Cayman Islands-based Garmin is larger in the U.S. and overall .",neutral,What is the sentiment of this news? Please choose an answer from {negative/neutral/positive}.,"Instruction: What is the sentiment of this news? Please choose an answer from {negative/neutral/positive}.
Input: Den Bosch-based TomTom is Europe 's largest maker of automotive navigation devices , while Cayman Islands-based Garmin is larger in the U.S. and overall .
Answer: ",neutral,neutral
2870,"Depending on the market situation , such projects are sold after 1 to 3 years after completion .",neutral,What is the sentiment of this news? Please choose an answer from {negative/neutral/positive}.,"Instruction: What is the sentiment of this news? Please choose an answer from {negative/neutral/positive}.
Input: Depending on the market situation , such projects are sold after 1 to 3 years after completion .
Answer: ",neutral,neutral
2871,"Dubbed Nokia Money Solutions , company officials say the initiative would seek to bridge the gap between the banked and unbanked in developing countries .",positive,What is the sentiment of this news? Please choose an answer from {negative/neutral/positive}.,"Instruction: What is the sentiment of this news? Please choose an answer from {negative/neutral/positive}.
Input: Dubbed Nokia Money Solutions , company officials say the initiative would seek to bridge the gap between the banked and unbanked in developing countries .
Answer: ",positive,neutral
2872,"Due to market conditions , the company will also temporarily lay off about 3,200 people at different sites .",negative,What is the sentiment of this news? Please choose an answer from {negative/neutral/positive}.,"Instruction: What is the sentiment of this news? Please choose an answer from {negative/neutral/positive}.
Input: Due to market conditions , the company will also temporarily lay off about 3,200 people at different sites .
Answer: ",negative,neutral
2878,Electricity consumption grows with higher frequencies .,neutral,What is the sentiment of this news? Please choose an answer from {negative/neutral/positive}.,"Instruction: What is the sentiment of this news? Please choose an answer from {negative/neutral/positive}.
Input: Electricity consumption grows with higher frequencies .
Answer: ",neutral,neutral
2888,"Financial , strategic and operational factors are considered .",neutral,What is the sentiment of this news? Please choose an answer from {negative/neutral/positive}.,"Instruction: What is the sentiment of this news? Please choose an answer from {negative/neutral/positive}.
Input: Financial , strategic and operational factors are considered .
Answer: ",neutral,neutral
2891,Financial terms were not disclosed .,neutral,What is the sentiment of this news? Please choose an answer from {negative/neutral/positive}.,"Instruction: What is the sentiment of this news? Please choose an answer from {negative/neutral/positive}.
Input: Financial terms were not disclosed .
Answer: ",neutral,neutral
2896,"Finnish construction machinery and equipment rental group Cramo Oyj said on March 21 , 2007 its Swedish sector subsidiary Cramo AB will sell its Dutch subsidiary Cramo Nederland B.V. ( CNL ) to Dutch rental and scaffolding company Jaston Groep B.V. for an undisclosed sum .",neutral,What is the sentiment of this news? Please choose an answer from {negative/neutral/positive}.,"Instruction: What is the sentiment of this news? Please choose an answer from {negative/neutral/positive}.
Input: Finnish construction machinery and equipment rental group Cramo Oyj said on March 21 , 2007 its Swedish sector subsidiary Cramo AB will sell its Dutch subsidiary Cramo Nederland B.V. ( CNL ) to Dutch rental and scaffolding company Jaston Groep B.V. for an undisclosed sum .
Answer: ",neutral,neutral
2898,"Finnish electronics contract maker Incap Oyj said on January 3 , 2008 it sold its manufacturing facilities in Helsinki to local real estate company Sponda Oyj for 5.3 mln euro ( $ 7.8 mln ) .",neutral,What is the sentiment of this news? Please choose an answer from {negative/neutral/positive}.,"Instruction: What is the sentiment of this news? Please choose an answer from {negative/neutral/positive}.
Input: Finnish electronics contract maker Incap Oyj said on January 3 , 2008 it sold its manufacturing facilities in Helsinki to local real estate company Sponda Oyj for 5.3 mln euro ( $ 7.8 mln ) .
Answer: ",neutral,neutral
2901,"Finnish investment group Neomarkka Oyj ( HEL : NEMBV ) said today that it will buy the former production facilities of Kuitu Finland Ltd , as part of negotiations on the option to invest in specialty cellulose fiber business .",neutral,What is the sentiment of this news? Please choose an answer from {negative/neutral/positive}.,"Instruction: What is the sentiment of this news? Please choose an answer from {negative/neutral/positive}.
Input: Finnish investment group Neomarkka Oyj ( HEL : NEMBV ) said today that it will buy the former production facilities of Kuitu Finland Ltd , as part of negotiations on the option to invest in specialty cellulose fiber business .
Answer: ",neutral,neutral
2904,"Finnish property investor Sponda said it has agreed a 100 mln eur , five-year mln credit facility with Swedbank and a 50 mln eur , seven-year facility with OKO Bank .",neutral,What is the sentiment of this news? Please choose an answer from {negative/neutral/positive}.,"Instruction: What is the sentiment of this news? Please choose an answer from {negative/neutral/positive}.
Input: Finnish property investor Sponda said it has agreed a 100 mln eur , five-year mln credit facility with Swedbank and a 50 mln eur , seven-year facility with OKO Bank .
Answer: ",neutral,neutral
2911,"Foodservice and consumer goods markets are served by approximately 13,000 people in 54 manufacturing units and several sales offices in 33 countries .",neutral,What is the sentiment of this news? Please choose an answer from {negative/neutral/positive}.,"Instruction: What is the sentiment of this news? Please choose an answer from {negative/neutral/positive}.
Input: Foodservice and consumer goods markets are served by approximately 13,000 people in 54 manufacturing units and several sales offices in 33 countries .
Answer: ",neutral,neutral
2912,For the new shares subscribed with stock options all shareholder rights commence from the date on which they are entered into the Trade Register .,neutral,What is the sentiment of this news? Please choose an answer from {negative/neutral/positive}.,"Instruction: What is the sentiment of this news? Please choose an answer from {negative/neutral/positive}.
Input: For the new shares subscribed with stock options all shareholder rights commence from the date on which they are entered into the Trade Register .
Answer: ",neutral,neutral
2914,Fortum had intended to spend as much as ( EURO ) 2.7 bn to become the sole owner of TGK-10 .,neutral,What is the sentiment of this news? Please choose an answer from {negative/neutral/positive}.,"Instruction: What is the sentiment of this news? Please choose an answer from {negative/neutral/positive}.
Input: Fortum had intended to spend as much as ( EURO ) 2.7 bn to become the sole owner of TGK-10 .
Answer: ",neutral,neutral
2919,"F-Secure reported that : - The first half of 2008 has seen a growing number of targeted malware attacks on individuals , companies , and organizations .",neutral,What is the sentiment of this news? Please choose an answer from {negative/neutral/positive}.,"Instruction: What is the sentiment of this news? Please choose an answer from {negative/neutral/positive}.
Input: F-Secure reported that : - The first half of 2008 has seen a growing number of targeted malware attacks on individuals , companies , and organizations .
Answer: ",neutral,neutral
2923,"Germany 's innovational centers are united in focusing at companies , which aim at use of technologies and development of new kinds of activity , through supporting the beginner companies with the entire spectrum of their services .",neutral,What is the sentiment of this news? Please choose an answer from {negative/neutral/positive}.,"Instruction: What is the sentiment of this news? Please choose an answer from {negative/neutral/positive}.
Input: Germany 's innovational centers are united in focusing at companies , which aim at use of technologies and development of new kinds of activity , through supporting the beginner companies with the entire spectrum of their services .
Answer: ",neutral,neutral
2928,GSK announced in November 2008 that it would close its operations in Dartford .,negative,What is the sentiment of this news? Please choose an answer from {negative/neutral/positive}.,"Instruction: What is the sentiment of this news? Please choose an answer from {negative/neutral/positive}.
Input: GSK announced in November 2008 that it would close its operations in Dartford .
Answer: ",negative,neutral
2931,"Headline of release dated March 26 , 2008 should read : Acacia Subsidiary Enters into Settlement Agreement for Rule Based Monitoring Technology with F-Secure ( sted Acacia Technologies Licenses Rule Based Monitoring Technology to F-Secure ) .",neutral,What is the sentiment of this news? Please choose an answer from {negative/neutral/positive}.,"Instruction: What is the sentiment of this news? Please choose an answer from {negative/neutral/positive}.
Input: Headline of release dated March 26 , 2008 should read : Acacia Subsidiary Enters into Settlement Agreement for Rule Based Monitoring Technology with F-Secure ( sted Acacia Technologies Licenses Rule Based Monitoring Technology to F-Secure ) .
Answer: ",neutral,neutral
2933,"Helsinki 19 May 2010 - Finnish company Lemminkainen Oyj ( HEL : LEM1S ) said today that it will construct an office building at Toolonlahti in downtown Helsinki , without disclosing financial details .",neutral,What is the sentiment of this news? Please choose an answer from {negative/neutral/positive}.,"Instruction: What is the sentiment of this news? Please choose an answer from {negative/neutral/positive}.
Input: Helsinki 19 May 2010 - Finnish company Lemminkainen Oyj ( HEL : LEM1S ) said today that it will construct an office building at Toolonlahti in downtown Helsinki , without disclosing financial details .
Answer: ",neutral,neutral
2935,Her last position in Nokia Siemens Networks was head of Business Human Resources NSN global IT .,neutral,What is the sentiment of this news? Please choose an answer from {negative/neutral/positive}.,"Instruction: What is the sentiment of this news? Please choose an answer from {negative/neutral/positive}.
Input: Her last position in Nokia Siemens Networks was head of Business Human Resources NSN global IT .
Answer: ",neutral,neutral
2938,"Honkarakenne also decided yesterday to sell 88,500 of its B series shares to key staff members for EUR2 .9 per share .",neutral,What is the sentiment of this news? Please choose an answer from {negative/neutral/positive}.,"Instruction: What is the sentiment of this news? Please choose an answer from {negative/neutral/positive}.
Input: Honkarakenne also decided yesterday to sell 88,500 of its B series shares to key staff members for EUR2 .9 per share .
Answer: ",neutral,neutral
2947,"In 2008 , the steel industry accounted for 64 percent of the cargo volumes transported , whereas the energy industry accounted for 28 percent and other industries for 8 percent .",neutral,What is the sentiment of this news? Please choose an answer from {negative/neutral/positive}.,"Instruction: What is the sentiment of this news? Please choose an answer from {negative/neutral/positive}.
Input: In 2008 , the steel industry accounted for 64 percent of the cargo volumes transported , whereas the energy industry accounted for 28 percent and other industries for 8 percent .
Answer: ",neutral,neutral
2950,"In a release on Oct. 28 , Peab said the two businesses will continue to be conducted under the brands Cliffton and Stockholm Entreprenad , both part of the Peab Group .",neutral,What is the sentiment of this news? Please choose an answer from {negative/neutral/positive}.,"Instruction: What is the sentiment of this news? Please choose an answer from {negative/neutral/positive}.
Input: In a release on Oct. 28 , Peab said the two businesses will continue to be conducted under the brands Cliffton and Stockholm Entreprenad , both part of the Peab Group .
Answer: ",neutral,neutral
2956,"In his current position , Manty has worked since 1996 .",neutral,What is the sentiment of this news? Please choose an answer from {negative/neutral/positive}.,"Instruction: What is the sentiment of this news? Please choose an answer from {negative/neutral/positive}.
Input: In his current position , Manty has worked since 1996 .
Answer: ",neutral,neutral
2958,"In the financial statement for the first quarter of 2010 , Tikkurila is reported under discontinued operations .",neutral,What is the sentiment of this news? Please choose an answer from {negative/neutral/positive}.,"Instruction: What is the sentiment of this news? Please choose an answer from {negative/neutral/positive}.
Input: In the financial statement for the first quarter of 2010 , Tikkurila is reported under discontinued operations .
Answer: ",neutral,neutral
2959,"In the fourth quarter of 2006 , OKO Banks expects the operating environment for Banking and Investment Services to remain similar to that in January-September 2006 .",neutral,What is the sentiment of this news? Please choose an answer from {negative/neutral/positive}.,"Instruction: What is the sentiment of this news? Please choose an answer from {negative/neutral/positive}.
Input: In the fourth quarter of 2006 , OKO Banks expects the operating environment for Banking and Investment Services to remain similar to that in January-September 2006 .
Answer: ",neutral,neutral
2961,"In the sinter plant , limestone and coke breeze are mixed with the iron ore concentrate and sintered into lump form or sinter for use in the blast furnaces as a raw material for iron-making .",neutral,What is the sentiment of this news? Please choose an answer from {negative/neutral/positive}.,"Instruction: What is the sentiment of this news? Please choose an answer from {negative/neutral/positive}.
Input: In the sinter plant , limestone and coke breeze are mixed with the iron ore concentrate and sintered into lump form or sinter for use in the blast furnaces as a raw material for iron-making .
Answer: ",neutral,neutral
2965,"Incap , headquartered in Oulu , Finland , is a electronics contract manufacturer with some 750 employees in Finland , Estonia and India .",neutral,What is the sentiment of this news? Please choose an answer from {negative/neutral/positive}.,"Instruction: What is the sentiment of this news? Please choose an answer from {negative/neutral/positive}.
Input: Incap , headquartered in Oulu , Finland , is a electronics contract manufacturer with some 750 employees in Finland , Estonia and India .
Answer: ",neutral,neutral
2967,"Includes company and brand share data by category , as well as distribution channel data .",neutral,What is the sentiment of this news? Please choose an answer from {negative/neutral/positive}.,"Instruction: What is the sentiment of this news? Please choose an answer from {negative/neutral/positive}.
Input: Includes company and brand share data by category , as well as distribution channel data .
Answer: ",neutral,neutral
2975,"It also includes the installation of new equipment , training and start-up services , as well as service work of the shoe press delivered by Vaahto in 2001 .",neutral,What is the sentiment of this news? Please choose an answer from {negative/neutral/positive}.,"Instruction: What is the sentiment of this news? Please choose an answer from {negative/neutral/positive}.
Input: It also includes the installation of new equipment , training and start-up services , as well as service work of the shoe press delivered by Vaahto in 2001 .
Answer: ",neutral,neutral
2976,"It currently employs about 750 people and expects headcount to reach 1,000 by end of 2007 .",positive,What is the sentiment of this news? Please choose an answer from {negative/neutral/positive}.,"Instruction: What is the sentiment of this news? Please choose an answer from {negative/neutral/positive}.
Input: It currently employs about 750 people and expects headcount to reach 1,000 by end of 2007 .
Answer: ",positive,neutral
2982,"It rose by 15.7 % and by 24.8 % in Finland and abroad , respectively , to EUR 7 million and EUR 4.2 million , due to a 40 % growth in Russia .",positive,What is the sentiment of this news? Please choose an answer from {negative/neutral/positive}.,"Instruction: What is the sentiment of this news? Please choose an answer from {negative/neutral/positive}.
Input: It rose by 15.7 % and by 24.8 % in Finland and abroad , respectively , to EUR 7 million and EUR 4.2 million , due to a 40 % growth in Russia .
Answer: ",positive,neutral
2993,Joint procurement will be later extended to the factories in the Baltic countries .,neutral,What is the sentiment of this news? Please choose an answer from {negative/neutral/positive}.,"Instruction: What is the sentiment of this news? Please choose an answer from {negative/neutral/positive}.
Input: Joint procurement will be later extended to the factories in the Baltic countries .
Answer: ",neutral,neutral
2995,"Kaleva Kustannus Oy ( business ID 0187274-0 ) has , according to its notice , on 10 August 2009 acquired 4,458,000 Alma Media shares .",neutral,What is the sentiment of this news? Please choose an answer from {negative/neutral/positive}.,"Instruction: What is the sentiment of this news? Please choose an answer from {negative/neutral/positive}.
Input: Kaleva Kustannus Oy ( business ID 0187274-0 ) has , according to its notice , on 10 August 2009 acquired 4,458,000 Alma Media shares .
Answer: ",neutral,neutral
2999,Kemira shares closed at (  x20ac ) 16.66 ( $ 22US .71 ) .,neutral,What is the sentiment of this news? Please choose an answer from {negative/neutral/positive}.,"Instruction: What is the sentiment of this news? Please choose an answer from {negative/neutral/positive}.
Input: Kemira shares closed at (  x20ac ) 16.66 ( $ 22US .71 ) .
Answer: ",neutral,neutral
3005,"L+ñnnen Tehtaat 's Food Division was reorganised into two strategic business units , Apetit Frozen Foods and Jams , and Apetit Fish .",neutral,What is the sentiment of this news? Please choose an answer from {negative/neutral/positive}.,"Instruction: What is the sentiment of this news? Please choose an answer from {negative/neutral/positive}.
Input: L+ñnnen Tehtaat 's Food Division was reorganised into two strategic business units , Apetit Frozen Foods and Jams , and Apetit Fish .
Answer: ",neutral,neutral
3009,"Like all other mechanical pipettors from Biohit , also Proline Plus is CE-IVD marked and comes with a 3-year warranty .",neutral,What is the sentiment of this news? Please choose an answer from {negative/neutral/positive}.,"Instruction: What is the sentiment of this news? Please choose an answer from {negative/neutral/positive}.
Input: Like all other mechanical pipettors from Biohit , also Proline Plus is CE-IVD marked and comes with a 3-year warranty .
Answer: ",neutral,neutral
3016,"( ADP News ) - Nov 3 , 2008 - Finnish paper , packaging and forest products company Stora Enso Oyj ( OMX : STERV ) said today that it would invest EUR 137 million ( USD 176.6 m ) in the building of a power plant at its Ostroleka Mi",neutral,What is the sentiment of this news? Please choose an answer from {negative/neutral/positive}.,"Instruction: What is the sentiment of this news? Please choose an answer from {negative/neutral/positive}.
Input: ( ADP News ) - Nov 3 , 2008 - Finnish paper , packaging and forest products company Stora Enso Oyj ( OMX : STERV ) said today that it would invest EUR 137 million ( USD 176.6 m ) in the building of a power plant at its Ostroleka Mi
Answer: ",neutral,neutral
3019,"Luna took fifth place on six-under 207 , a shot behind Spain 's Beatriz Recari and Germany 's Martina Eberl , while Welsh player Becky Brewerton was the highest-placed British finisher , sharing seventh place on three-under 210 after shooting 71 .",neutral,What is the sentiment of this news? Please choose an answer from {negative/neutral/positive}.,"Instruction: What is the sentiment of this news? Please choose an answer from {negative/neutral/positive}.
Input: Luna took fifth place on six-under 207 , a shot behind Spain 's Beatriz Recari and Germany 's Martina Eberl , while Welsh player Becky Brewerton was the highest-placed British finisher , sharing seventh place on three-under 210 after shooting 71 .
Answer: ",neutral,neutral
3030,"Metso Foundries Jyvaskyla Oy will discontinue production on this line by 30 September 2008 , the company said .",neutral,What is the sentiment of this news? Please choose an answer from {negative/neutral/positive}.,"Instruction: What is the sentiment of this news? Please choose an answer from {negative/neutral/positive}.
Input: Metso Foundries Jyvaskyla Oy will discontinue production on this line by 30 September 2008 , the company said .
Answer: ",neutral,neutral
3031,Metso Foundries Jyvaskyla Oy will discontinue production on this line by 30 September 2008 .,neutral,What is the sentiment of this news? Please choose an answer from {negative/neutral/positive}.,"Instruction: What is the sentiment of this news? Please choose an answer from {negative/neutral/positive}.
Input: Metso Foundries Jyvaskyla Oy will discontinue production on this line by 30 September 2008 .
Answer: ",neutral,neutral
3037,"M-real Corporation Stock Exchange Release 27 August 2009 at 3.15 pm M-real has received the EUR 190 million cash payment from Sappi M-real Corporation , a part of Mets+ñliitto Group , divested its Graphic Papers business to Sappi Limited at the end of 2008 for EUR 750 million .",neutral,What is the sentiment of this news? Please choose an answer from {negative/neutral/positive}.,"Instruction: What is the sentiment of this news? Please choose an answer from {negative/neutral/positive}.
Input: M-real Corporation Stock Exchange Release 27 August 2009 at 3.15 pm M-real has received the EUR 190 million cash payment from Sappi M-real Corporation , a part of Mets+ñliitto Group , divested its Graphic Papers business to Sappi Limited at the end of 2008 for EUR 750 million .
Answer: ",neutral,neutral
3040,ND = Not disclosed .,neutral,What is the sentiment of this news? Please choose an answer from {negative/neutral/positive}.,"Instruction: What is the sentiment of this news? Please choose an answer from {negative/neutral/positive}.
Input: ND = Not disclosed .
Answer: ",neutral,neutral
3044,"New Delhi , Feb. 12 -- Korteniemi Anneli , Helokunnas Tuija , Peltola Marjo , Keskinen Jukka , Salminen Jussi , Tusa Kia and Janhonen Risto of Nokia Telecommunications Oy , Espoo , Finland have developed cable adjustment device .",neutral,What is the sentiment of this news? Please choose an answer from {negative/neutral/positive}.,"Instruction: What is the sentiment of this news? Please choose an answer from {negative/neutral/positive}.
Input: New Delhi , Feb. 12 -- Korteniemi Anneli , Helokunnas Tuija , Peltola Marjo , Keskinen Jukka , Salminen Jussi , Tusa Kia and Janhonen Risto of Nokia Telecommunications Oy , Espoo , Finland have developed cable adjustment device .
Answer: ",neutral,neutral
3051,No financial details were revealed .,neutral,What is the sentiment of this news? Please choose an answer from {negative/neutral/positive}.,"Instruction: What is the sentiment of this news? Please choose an answer from {negative/neutral/positive}.
Input: No financial details were revealed .
Answer: ",neutral,neutral
3054,Nokia is also negotiating the product portfolio of the new company .,neutral,What is the sentiment of this news? Please choose an answer from {negative/neutral/positive}.,"Instruction: What is the sentiment of this news? Please choose an answer from {negative/neutral/positive}.
Input: Nokia is also negotiating the product portfolio of the new company .
Answer: ",neutral,neutral
3055,"Nordea Pankki Suomi Oyj , according to previously announced , has made forward contracts on Alma Media Corporation shares .",neutral,What is the sentiment of this news? Please choose an answer from {negative/neutral/positive}.,"Instruction: What is the sentiment of this news? Please choose an answer from {negative/neutral/positive}.
Input: Nordea Pankki Suomi Oyj , according to previously announced , has made forward contracts on Alma Media Corporation shares .
Answer: ",neutral,neutral
3056,Nordea 's chairman of the board Hans Dalborg has informed the nomination committee that he will not be up for re-election at the Annual General Meeting in 2011 .,neutral,What is the sentiment of this news? Please choose an answer from {negative/neutral/positive}.,"Instruction: What is the sentiment of this news? Please choose an answer from {negative/neutral/positive}.
Input: Nordea 's chairman of the board Hans Dalborg has informed the nomination committee that he will not be up for re-election at the Annual General Meeting in 2011 .
Answer: ",neutral,neutral
3059,"Nordstjernan will make the offer in approximately one month , in September 2007 .",neutral,What is the sentiment of this news? Please choose an answer from {negative/neutral/positive}.,"Instruction: What is the sentiment of this news? Please choose an answer from {negative/neutral/positive}.
Input: Nordstjernan will make the offer in approximately one month , in September 2007 .
Answer: ",neutral,neutral
3060,Number of offers received for this contract is two .,neutral,What is the sentiment of this news? Please choose an answer from {negative/neutral/positive}.,"Instruction: What is the sentiment of this news? Please choose an answer from {negative/neutral/positive}.
Input: Number of offers received for this contract is two .
Answer: ",neutral,neutral
3067,"On the other hand , Montevideo said that having the two mills working in the area will generate jobs .",positive,What is the sentiment of this news? Please choose an answer from {negative/neutral/positive}.,"Instruction: What is the sentiment of this news? Please choose an answer from {negative/neutral/positive}.
Input: On the other hand , Montevideo said that having the two mills working in the area will generate jobs .
Answer: ",positive,neutral
3068,"On Wednesday he announced that the government would propose granting a licence for two reactors , one to be built by Fennovoima , and the other by TVO .",positive,What is the sentiment of this news? Please choose an answer from {negative/neutral/positive}.,"Instruction: What is the sentiment of this news? Please choose an answer from {negative/neutral/positive}.
Input: On Wednesday he announced that the government would propose granting a licence for two reactors , one to be built by Fennovoima , and the other by TVO .
Answer: ",positive,neutral
3069,"One can also apply for jobs directly from the iPad , select which CV to attach and which covering letter is most appropriate for each position .",neutral,What is the sentiment of this news? Please choose an answer from {negative/neutral/positive}.,"Instruction: What is the sentiment of this news? Please choose an answer from {negative/neutral/positive}.
Input: One can also apply for jobs directly from the iPad , select which CV to attach and which covering letter is most appropriate for each position .
Answer: ",neutral,neutral
3072,"Originally posted to the PCMag.com security blog , Security Watch .",neutral,What is the sentiment of this news? Please choose an answer from {negative/neutral/positive}.,"Instruction: What is the sentiment of this news? Please choose an answer from {negative/neutral/positive}.
Input: Originally posted to the PCMag.com security blog , Security Watch .
Answer: ",neutral,neutral
3073,Oriola-KD is a spin-off of Finnish pharmaceutical group Orion Oyj 's wholesale division .,neutral,What is the sentiment of this news? Please choose an answer from {negative/neutral/positive}.,"Instruction: What is the sentiment of this news? Please choose an answer from {negative/neutral/positive}.
Input: Oriola-KD is a spin-off of Finnish pharmaceutical group Orion Oyj 's wholesale division .
Answer: ",neutral,neutral
3086,"POYRY PLCCompany Announcement 10 December 2010 at 4.10 p.m. Pursuant to Poyry PLC 's stock option program 2004 , 63 792 new shares of the company have been subscribed since 27 October 2010 with stock options 2004B .",neutral,What is the sentiment of this news? Please choose an answer from {negative/neutral/positive}.,"Instruction: What is the sentiment of this news? Please choose an answer from {negative/neutral/positive}.
Input: POYRY PLCCompany Announcement 10 December 2010 at 4.10 p.m. Pursuant to Poyry PLC 's stock option program 2004 , 63 792 new shares of the company have been subscribed since 27 October 2010 with stock options 2004B .
Answer: ",neutral,neutral
3087,"Presentation materials will be posted on the company 's website : www.seahawkdrilling.com in the `` Investor Relations '' section , on the `` Webcast & Presentations '' tab .",neutral,What is the sentiment of this news? Please choose an answer from {negative/neutral/positive}.,"Instruction: What is the sentiment of this news? Please choose an answer from {negative/neutral/positive}.
Input: Presentation materials will be posted on the company 's website : www.seahawkdrilling.com in the `` Investor Relations '' section , on the `` Webcast & Presentations '' tab .
Answer: ",neutral,neutral
3092,"Products include Consumer Electronics devices such as mobile phones and their accessories , set-top boxes , flat panel TVs as well as System Solutions products such as infrastructure systems , modules and other industrial segment products .",neutral,What is the sentiment of this news? Please choose an answer from {negative/neutral/positive}.,"Instruction: What is the sentiment of this news? Please choose an answer from {negative/neutral/positive}.
Input: Products include Consumer Electronics devices such as mobile phones and their accessories , set-top boxes , flat panel TVs as well as System Solutions products such as infrastructure systems , modules and other industrial segment products .
Answer: ",neutral,neutral
3099,R&D Loan ) .,neutral,What is the sentiment of this news? Please choose an answer from {negative/neutral/positive}.,"Instruction: What is the sentiment of this news? Please choose an answer from {negative/neutral/positive}.
Input: R&D Loan ) .
Answer: ",neutral,neutral
3100,Radiation and today is a full service house expert in radiation and nuclear safety issues .,neutral,What is the sentiment of this news? Please choose an answer from {negative/neutral/positive}.,"Instruction: What is the sentiment of this news? Please choose an answer from {negative/neutral/positive}.
Input: Radiation and today is a full service house expert in radiation and nuclear safety issues .
Answer: ",neutral,neutral
3104,Recently the company decided to build a second identical plant at the same site due to be commissioned toward the end of 2008 .,neutral,What is the sentiment of this news? Please choose an answer from {negative/neutral/positive}.,"Instruction: What is the sentiment of this news? Please choose an answer from {negative/neutral/positive}.
Input: Recently the company decided to build a second identical plant at the same site due to be commissioned toward the end of 2008 .
Answer: ",neutral,neutral
3108,"Rockwell Collins is a provider of flight deck , cabin and information management solutions for business aircraft operators .",neutral,What is the sentiment of this news? Please choose an answer from {negative/neutral/positive}.,"Instruction: What is the sentiment of this news? Please choose an answer from {negative/neutral/positive}.
Input: Rockwell Collins is a provider of flight deck , cabin and information management solutions for business aircraft operators .
Answer: ",neutral,neutral
3110,Salcomp Manufacturing Oy will pay EUR 35 million in cash to Salcomp in connection with the implementation of the sale and transfer of the Business .,neutral,What is the sentiment of this news? Please choose an answer from {negative/neutral/positive}.,"Instruction: What is the sentiment of this news? Please choose an answer from {negative/neutral/positive}.
Input: Salcomp Manufacturing Oy will pay EUR 35 million in cash to Salcomp in connection with the implementation of the sale and transfer of the Business .
Answer: ",neutral,neutral
3117,"SDM offers general rental equipment , aluminium scaffolding , power generator and hoists to customers in the construction sector .",neutral,What is the sentiment of this news? Please choose an answer from {negative/neutral/positive}.,"Instruction: What is the sentiment of this news? Please choose an answer from {negative/neutral/positive}.
Input: SDM offers general rental equipment , aluminium scaffolding , power generator and hoists to customers in the construction sector .
Answer: ",neutral,neutral
3118,services supplier Efore Plc to streamline operations in Finland and the US Finnish electronic systems and services supplier Efore Plc ( OMX Helsinki : EFO1V ) said on Tuesday ( 3 February ) that it has initiated statutory negotiations regarding a streamlining of its operations in Finland .,positive,What is the sentiment of this news? Please choose an answer from {negative/neutral/positive}.,"Instruction: What is the sentiment of this news? Please choose an answer from {negative/neutral/positive}.
Input: services supplier Efore Plc to streamline operations in Finland and the US Finnish electronic systems and services supplier Efore Plc ( OMX Helsinki : EFO1V ) said on Tuesday ( 3 February ) that it has initiated statutory negotiations regarding a streamlining of its operations in Finland .
Answer: ",positive,neutral
3120,"Simultaneously , Alma Media has purchased a 35 % share of Arena Interactive , a subsidiary of Arena Partners with a focus on mobile solutions development .",neutral,What is the sentiment of this news? Please choose an answer from {negative/neutral/positive}.,"Instruction: What is the sentiment of this news? Please choose an answer from {negative/neutral/positive}.
Input: Simultaneously , Alma Media has purchased a 35 % share of Arena Interactive , a subsidiary of Arena Partners with a focus on mobile solutions development .
Answer: ",neutral,neutral
3122,Singapore in May 2011 1 July 2010 - Finnish air carrier Finnair Oyj ( HEL : FIA1S ) said today it will open a daily route to Singapore on 30 May 2011 as part of its growth strategy in Asia .,positive,What is the sentiment of this news? Please choose an answer from {negative/neutral/positive}.,"Instruction: What is the sentiment of this news? Please choose an answer from {negative/neutral/positive}.
Input: Singapore in May 2011 1 July 2010 - Finnish air carrier Finnair Oyj ( HEL : FIA1S ) said today it will open a daily route to Singapore on 30 May 2011 as part of its growth strategy in Asia .
Answer: ",positive,neutral
3124,Solidium now holds 5.0 per cent of the shares Solidium Oy has acquired 5.0 per cent of the shares in Tieto Corporation for approximately EUR 58 million .,neutral,What is the sentiment of this news? Please choose an answer from {negative/neutral/positive}.,"Instruction: What is the sentiment of this news? Please choose an answer from {negative/neutral/positive}.
Input: Solidium now holds 5.0 per cent of the shares Solidium Oy has acquired 5.0 per cent of the shares in Tieto Corporation for approximately EUR 58 million .
Answer: ",neutral,neutral
3136,Sunrise Resources operates in Russian near-shore development markets through its wholly-owned Russian subsidiary and has 80 % of its personnel in Russia .,neutral,What is the sentiment of this news? Please choose an answer from {negative/neutral/positive}.,"Instruction: What is the sentiment of this news? Please choose an answer from {negative/neutral/positive}.
Input: Sunrise Resources operates in Russian near-shore development markets through its wholly-owned Russian subsidiary and has 80 % of its personnel in Russia .
Answer: ",neutral,neutral
3140,"Tampere Science Parks is a Finnish company that owns , leases and builds office properties and it specialises in facilities for technology-oriented businesses .",neutral,What is the sentiment of this news? Please choose an answer from {negative/neutral/positive}.,"Instruction: What is the sentiment of this news? Please choose an answer from {negative/neutral/positive}.
Input: Tampere Science Parks is a Finnish company that owns , leases and builds office properties and it specialises in facilities for technology-oriented businesses .
Answer: ",neutral,neutral
3141,"Target company : Tieto Corporation , Business Identity Code : 0101138-5 Date of change in holding : 22 January 2010 Portion of the shares and votes : The current group holding of OP-Pohjola Group Central Cooperative ( OPK ) is 2982 587 shares , which represents 4.14 % of the shares and voting rights .",neutral,What is the sentiment of this news? Please choose an answer from {negative/neutral/positive}.,"Instruction: What is the sentiment of this news? Please choose an answer from {negative/neutral/positive}.
Input: Target company : Tieto Corporation , Business Identity Code : 0101138-5 Date of change in holding : 22 January 2010 Portion of the shares and votes : The current group holding of OP-Pohjola Group Central Cooperative ( OPK ) is 2982 587 shares , which represents 4.14 % of the shares and voting rights .
Answer: ",neutral,neutral
3146,"TeliaSonera s subsidiary , the mobile operator EMT in Estonia , has created a world s first mobile identification service which makes it possible to vote via a mobile phone .",neutral,What is the sentiment of this news? Please choose an answer from {negative/neutral/positive}.,"Instruction: What is the sentiment of this news? Please choose an answer from {negative/neutral/positive}.
Input: TeliaSonera s subsidiary , the mobile operator EMT in Estonia , has created a world s first mobile identification service which makes it possible to vote via a mobile phone .
Answer: ",neutral,neutral
3147,TeliaSonera said about $ 100 million will be invested in the next year in the region to bring mobile coverage to about 90 % of Nepal s population .,positive,What is the sentiment of this news? Please choose an answer from {negative/neutral/positive}.,"Instruction: What is the sentiment of this news? Please choose an answer from {negative/neutral/positive}.
Input: TeliaSonera said about $ 100 million will be invested in the next year in the region to bring mobile coverage to about 90 % of Nepal s population .
Answer: ",positive,neutral
3152,"Thanks to the development of a system that enables it to trace the origin of all the palm oil that it uses , it knows exactly where and how its palm oil has been produced .",neutral,What is the sentiment of this news? Please choose an answer from {negative/neutral/positive}.,"Instruction: What is the sentiment of this news? Please choose an answer from {negative/neutral/positive}.
Input: Thanks to the development of a system that enables it to trace the origin of all the palm oil that it uses , it knows exactly where and how its palm oil has been produced .
Answer: ",neutral,neutral
3157,The acquisition of AVC Systemhaus and the majority stake in Cableway will increase the number of Teleste personnel by 250 .,neutral,What is the sentiment of this news? Please choose an answer from {negative/neutral/positive}.,"Instruction: What is the sentiment of this news? Please choose an answer from {negative/neutral/positive}.
Input: The acquisition of AVC Systemhaus and the majority stake in Cableway will increase the number of Teleste personnel by 250 .
Answer: ",neutral,neutral
3170,The bridge will be built to the south of the existing bridge spanning the strait .,neutral,What is the sentiment of this news? Please choose an answer from {negative/neutral/positive}.,"Instruction: What is the sentiment of this news? Please choose an answer from {negative/neutral/positive}.
Input: The bridge will be built to the south of the existing bridge spanning the strait .
Answer: ",neutral,neutral
3171,"The building will house , for example , Respecta Oy 's Jyvaskyla premises , as well as other companies to be announced later , says Samuel Koivisto , Director of Technopolis operations in Jyvaskyla .",neutral,What is the sentiment of this news? Please choose an answer from {negative/neutral/positive}.,"Instruction: What is the sentiment of this news? Please choose an answer from {negative/neutral/positive}.
Input: The building will house , for example , Respecta Oy 's Jyvaskyla premises , as well as other companies to be announced later , says Samuel Koivisto , Director of Technopolis operations in Jyvaskyla .
Answer: ",neutral,neutral
3175,"The casing comprises a first side casing member provided with the first side vat segment and a second side casing member provided with the second side vat segment , at least the first side casing member being pivotable about a rotation axis .",neutral,What is the sentiment of this news? Please choose an answer from {negative/neutral/positive}.,"Instruction: What is the sentiment of this news? Please choose an answer from {negative/neutral/positive}.
Input: The casing comprises a first side casing member provided with the first side vat segment and a second side casing member provided with the second side vat segment , at least the first side casing member being pivotable about a rotation axis .
Answer: ",neutral,neutral
3177,"The city will invite , however , a public procurement tender for the tailor-made public furniture , such as park benches , litter receptacles , public toilets , as well as bus shelters , street lights , and other .",neutral,What is the sentiment of this news? Please choose an answer from {negative/neutral/positive}.,"Instruction: What is the sentiment of this news? Please choose an answer from {negative/neutral/positive}.
Input: The city will invite , however , a public procurement tender for the tailor-made public furniture , such as park benches , litter receptacles , public toilets , as well as bus shelters , street lights , and other .
Answer: ",neutral,neutral
3183,"The company can not give up palm oil altogether , however .",neutral,What is the sentiment of this news? Please choose an answer from {negative/neutral/positive}.,"Instruction: What is the sentiment of this news? Please choose an answer from {negative/neutral/positive}.
Input: The company can not give up palm oil altogether , however .
Answer: ",neutral,neutral
3191,"The company intends to launch housing development at the acquired land plots and to construct 50,000-60 ,000 square metres of housing per annum by 2011 .",neutral,What is the sentiment of this news? Please choose an answer from {negative/neutral/positive}.,"Instruction: What is the sentiment of this news? Please choose an answer from {negative/neutral/positive}.
Input: The company intends to launch housing development at the acquired land plots and to construct 50,000-60 ,000 square metres of housing per annum by 2011 .
Answer: ",neutral,neutral
3202,The company said that the results of the third quarter do not include non-recurring items .,neutral,What is the sentiment of this news? Please choose an answer from {negative/neutral/positive}.,"Instruction: What is the sentiment of this news? Please choose an answer from {negative/neutral/positive}.
Input: The company said that the results of the third quarter do not include non-recurring items .
Answer: ",neutral,neutral
3204,"The Company serves approximately 3,000 customers in over 100 countries .",neutral,What is the sentiment of this news? Please choose an answer from {negative/neutral/positive}.,"Instruction: What is the sentiment of this news? Please choose an answer from {negative/neutral/positive}.
Input: The Company serves approximately 3,000 customers in over 100 countries .
Answer: ",neutral,neutral
3205,"The company serves customers in various industries , including process and resources , industrial machinery , architecture , building , construction , electrical , transportation , electronics , chemical , petrochemical , energy , and information technology , as well as catering and households .",neutral,What is the sentiment of this news? Please choose an answer from {negative/neutral/positive}.,"Instruction: What is the sentiment of this news? Please choose an answer from {negative/neutral/positive}.
Input: The company serves customers in various industries , including process and resources , industrial machinery , architecture , building , construction , electrical , transportation , electronics , chemical , petrochemical , energy , and information technology , as well as catering and households .
Answer: ",neutral,neutral
3208,"The company will also shut one paper machine in Finland and one in Austria , as well as two label paper machines in Finland for up to 10 months , Helsinki-based UPM said yesterday .",neutral,What is the sentiment of this news? Please choose an answer from {negative/neutral/positive}.,"Instruction: What is the sentiment of this news? Please choose an answer from {negative/neutral/positive}.
Input: The company will also shut one paper machine in Finland and one in Austria , as well as two label paper machines in Finland for up to 10 months , Helsinki-based UPM said yesterday .
Answer: ",neutral,neutral
3219,"The contract includes software licences , application maintenance and training .",neutral,What is the sentiment of this news? Please choose an answer from {negative/neutral/positive}.,"Instruction: What is the sentiment of this news? Please choose an answer from {negative/neutral/positive}.
Input: The contract includes software licences , application maintenance and training .
Answer: ",neutral,neutral
3222,The contract will take effect in 2009 for a five or ten year period .,neutral,What is the sentiment of this news? Please choose an answer from {negative/neutral/positive}.,"Instruction: What is the sentiment of this news? Please choose an answer from {negative/neutral/positive}.
Input: The contract will take effect in 2009 for a five or ten year period .
Answer: ",neutral,neutral
3228,The deal includes an option for Cramo to buy out the minority stake in 2011 .,neutral,What is the sentiment of this news? Please choose an answer from {negative/neutral/positive}.,"Instruction: What is the sentiment of this news? Please choose an answer from {negative/neutral/positive}.
Input: The deal includes an option for Cramo to buy out the minority stake in 2011 .
Answer: ",neutral,neutral
3230,"The decision means temporary lay-offs of fixed duration at the company 's Nastola and Jyvaskyla units , in southern and central Finland , respectively .",negative,What is the sentiment of this news? Please choose an answer from {negative/neutral/positive}.,"Instruction: What is the sentiment of this news? Please choose an answer from {negative/neutral/positive}.
Input: The decision means temporary lay-offs of fixed duration at the company 's Nastola and Jyvaskyla units , in southern and central Finland , respectively .
Answer: ",negative,neutral
3234,The duration of the contract is 37 months .,neutral,What is the sentiment of this news? Please choose an answer from {negative/neutral/positive}.,"Instruction: What is the sentiment of this news? Please choose an answer from {negative/neutral/positive}.
Input: The duration of the contract is 37 months .
Answer: ",neutral,neutral
3236,The ECB can mainly target inflation .,neutral,What is the sentiment of this news? Please choose an answer from {negative/neutral/positive}.,"Instruction: What is the sentiment of this news? Please choose an answer from {negative/neutral/positive}.
Input: The ECB can mainly target inflation .
Answer: ",neutral,neutral
3242,The executive group will participate in the adjustments with a fixed-term 5 % salary cut .,positive,What is the sentiment of this news? Please choose an answer from {negative/neutral/positive}.,"Instruction: What is the sentiment of this news? Please choose an answer from {negative/neutral/positive}.
Input: The executive group will participate in the adjustments with a fixed-term 5 % salary cut .
Answer: ",positive,neutral
3251,The Finnish paints company acquired the remaining 49 pct that it did not own from Ukraine 's LGU for an undisclosed sum .,neutral,What is the sentiment of this news? Please choose an answer from {negative/neutral/positive}.,"Instruction: What is the sentiment of this news? Please choose an answer from {negative/neutral/positive}.
Input: The Finnish paints company acquired the remaining 49 pct that it did not own from Ukraine 's LGU for an undisclosed sum .
Answer: ",neutral,neutral
3255,"The first four of the new shop-in-shops will be opened this spring : on Madison Avenue in New York as well as in Chicago , Los Angeles and San Francisco .",neutral,What is the sentiment of this news? Please choose an answer from {negative/neutral/positive}.,"Instruction: What is the sentiment of this news? Please choose an answer from {negative/neutral/positive}.
Input: The first four of the new shop-in-shops will be opened this spring : on Madison Avenue in New York as well as in Chicago , Los Angeles and San Francisco .
Answer: ",neutral,neutral
3261,The government has instead proposed an exchange of the state 's stake in LMT to TeliaSonera 's stake in Lattelecom .,neutral,What is the sentiment of this news? Please choose an answer from {negative/neutral/positive}.,"Instruction: What is the sentiment of this news? Please choose an answer from {negative/neutral/positive}.
Input: The government has instead proposed an exchange of the state 's stake in LMT to TeliaSonera 's stake in Lattelecom .
Answer: ",neutral,neutral
3266,The handset maker did not disclose any financial details .,neutral,What is the sentiment of this news? Please choose an answer from {negative/neutral/positive}.,"Instruction: What is the sentiment of this news? Please choose an answer from {negative/neutral/positive}.
Input: The handset maker did not disclose any financial details .
Answer: ",neutral,neutral
3267,"The hosting mobile terminal guides information flow between itself , the participating terminals , and optionally , with network servers that may assist the hosting mobile terminal .",neutral,What is the sentiment of this news? Please choose an answer from {negative/neutral/positive}.,"Instruction: What is the sentiment of this news? Please choose an answer from {negative/neutral/positive}.
Input: The hosting mobile terminal guides information flow between itself , the participating terminals , and optionally , with network servers that may assist the hosting mobile terminal .
Answer: ",neutral,neutral
3272,The intent of the article was to focus attention on the fact that the development model that China had followed was very different than the model that India had followed .,neutral,What is the sentiment of this news? Please choose an answer from {negative/neutral/positive}.,"Instruction: What is the sentiment of this news? Please choose an answer from {negative/neutral/positive}.
Input: The intent of the article was to focus attention on the fact that the development model that China had followed was very different than the model that India had followed .
Answer: ",neutral,neutral
3278,"The major part of the deliveries include different AC and CXE amplifier solutions and products by DINH Telecom , a company acquired by Teleste last spring .",neutral,What is the sentiment of this news? Please choose an answer from {negative/neutral/positive}.,"Instruction: What is the sentiment of this news? Please choose an answer from {negative/neutral/positive}.
Input: The major part of the deliveries include different AC and CXE amplifier solutions and products by DINH Telecom , a company acquired by Teleste last spring .
Answer: ",neutral,neutral
3281,"The markets are almost completely controlled by three banks : Nordea , OP Bank Group , and Sampo .",neutral,What is the sentiment of this news? Please choose an answer from {negative/neutral/positive}.,"Instruction: What is the sentiment of this news? Please choose an answer from {negative/neutral/positive}.
Input: The markets are almost completely controlled by three banks : Nordea , OP Bank Group , and Sampo .
Answer: ",neutral,neutral
3283,"The maximum obligated total trades per day is ISK 400,000,000 market value .",neutral,What is the sentiment of this news? Please choose an answer from {negative/neutral/positive}.,"Instruction: What is the sentiment of this news? Please choose an answer from {negative/neutral/positive}.
Input: The maximum obligated total trades per day is ISK 400,000,000 market value .
Answer: ",neutral,neutral
3284,The medium-term operative targets of the company remain unchanged .,neutral,What is the sentiment of this news? Please choose an answer from {negative/neutral/positive}.,"Instruction: What is the sentiment of this news? Please choose an answer from {negative/neutral/positive}.
Input: The medium-term operative targets of the company remain unchanged .
Answer: ",neutral,neutral
3287,The name of the buyer was not disclosed .,neutral,What is the sentiment of this news? Please choose an answer from {negative/neutral/positive}.,"Instruction: What is the sentiment of this news? Please choose an answer from {negative/neutral/positive}.
Input: The name of the buyer was not disclosed .
Answer: ",neutral,neutral
3294,The new location is n't the only change Wellmont has in store for its air transport service .,neutral,What is the sentiment of this news? Please choose an answer from {negative/neutral/positive}.,"Instruction: What is the sentiment of this news? Please choose an answer from {negative/neutral/positive}.
Input: The new location is n't the only change Wellmont has in store for its air transport service .
Answer: ",neutral,neutral
3301,"The number of permanent reductions of clerical workers is 22 employees , of which 19 in Finland .",negative,What is the sentiment of this news? Please choose an answer from {negative/neutral/positive}.,"Instruction: What is the sentiment of this news? Please choose an answer from {negative/neutral/positive}.
Input: The number of permanent reductions of clerical workers is 22 employees , of which 19 in Finland .
Answer: ",negative,neutral
3302,"The objective is that trading in the shares will commence on May 2 , 2007 .",neutral,What is the sentiment of this news? Please choose an answer from {negative/neutral/positive}.,"Instruction: What is the sentiment of this news? Please choose an answer from {negative/neutral/positive}.
Input: The objective is that trading in the shares will commence on May 2 , 2007 .
Answer: ",neutral,neutral
3304,"The order includes a log handling line , peeling line and drying line for the production of parquet base layer veneer for Plyfa 's Hassela mill , central Sweden .",neutral,What is the sentiment of this news? Please choose an answer from {negative/neutral/positive}.,"Instruction: What is the sentiment of this news? Please choose an answer from {negative/neutral/positive}.
Input: The order includes a log handling line , peeling line and drying line for the production of parquet base layer veneer for Plyfa 's Hassela mill , central Sweden .
Answer: ",neutral,neutral
3314,The parties have therefore agreed to leave Avena out of the deal .,neutral,What is the sentiment of this news? Please choose an answer from {negative/neutral/positive}.,"Instruction: What is the sentiment of this news? Please choose an answer from {negative/neutral/positive}.
Input: The parties have therefore agreed to leave Avena out of the deal .
Answer: ",neutral,neutral
3324,The platform would continue to be the development framework for Symbian and MeeGo .,neutral,What is the sentiment of this news? Please choose an answer from {negative/neutral/positive}.,"Instruction: What is the sentiment of this news? Please choose an answer from {negative/neutral/positive}.
Input: The platform would continue to be the development framework for Symbian and MeeGo .
Answer: ",neutral,neutral
3325,"The Point Village , designed by Scott Tallon Walker , will include a shopping center , office premises , a hotel and a cinema .",neutral,What is the sentiment of this news? Please choose an answer from {negative/neutral/positive}.,"Instruction: What is the sentiment of this news? Please choose an answer from {negative/neutral/positive}.
Input: The Point Village , designed by Scott Tallon Walker , will include a shopping center , office premises , a hotel and a cinema .
Answer: ",neutral,neutral
3327,The power generated annually by Loviisa covers about 10 % of Finland 's electricity consumption .,neutral,What is the sentiment of this news? Please choose an answer from {negative/neutral/positive}.,"Instruction: What is the sentiment of this news? Please choose an answer from {negative/neutral/positive}.
Input: The power generated annually by Loviisa covers about 10 % of Finland 's electricity consumption .
Answer: ",neutral,neutral
3330,The previous offer was 3.4 % of voting rights and 12.3 % of capital .,neutral,What is the sentiment of this news? Please choose an answer from {negative/neutral/positive}.,"Instruction: What is the sentiment of this news? Please choose an answer from {negative/neutral/positive}.
Input: The previous offer was 3.4 % of voting rights and 12.3 % of capital .
Answer: ",neutral,neutral
3332,The prices of stainless steel also rose in Europe .,neutral,What is the sentiment of this news? Please choose an answer from {negative/neutral/positive}.,"Instruction: What is the sentiment of this news? Please choose an answer from {negative/neutral/positive}.
Input: The prices of stainless steel also rose in Europe .
Answer: ",neutral,neutral
3342,"The reductions will be implemented immediately , beginning in October 2009 .",neutral,What is the sentiment of this news? Please choose an answer from {negative/neutral/positive}.,"Instruction: What is the sentiment of this news? Please choose an answer from {negative/neutral/positive}.
Input: The reductions will be implemented immediately , beginning in October 2009 .
Answer: ",neutral,neutral
3343,The reductions will be implemented mainly in the course of the first half of 2009 .,neutral,What is the sentiment of this news? Please choose an answer from {negative/neutral/positive}.,"Instruction: What is the sentiment of this news? Please choose an answer from {negative/neutral/positive}.
Input: The reductions will be implemented mainly in the course of the first half of 2009 .
Answer: ",neutral,neutral
3345,"The report profiles 158 companies including many key and niche players including major Nonwovens manufacturers such as Ahlstrom Corporation , Asahi Kasei Corporation , Buckeye Technologies , Inc. , EI .",neutral,What is the sentiment of this news? Please choose an answer from {negative/neutral/positive}.,"Instruction: What is the sentiment of this news? Please choose an answer from {negative/neutral/positive}.
Input: The report profiles 158 companies including many key and niche players including major Nonwovens manufacturers such as Ahlstrom Corporation , Asahi Kasei Corporation , Buckeye Technologies , Inc. , EI .
Answer: ",neutral,neutral
3348,The sale of the food potato business is part of Raisio 's plan to streamline and clarify its business operations .,neutral,What is the sentiment of this news? Please choose an answer from {negative/neutral/positive}.,"Instruction: What is the sentiment of this news? Please choose an answer from {negative/neutral/positive}.
Input: The sale of the food potato business is part of Raisio 's plan to streamline and clarify its business operations .
Answer: ",neutral,neutral
3354,"The sellers include 40 shareholders , including Intellibis management , employees and other investors .",neutral,What is the sentiment of this news? Please choose an answer from {negative/neutral/positive}.,"Instruction: What is the sentiment of this news? Please choose an answer from {negative/neutral/positive}.
Input: The sellers include 40 shareholders , including Intellibis management , employees and other investors .
Answer: ",neutral,neutral
3356,The sellers were the founders of the company .,neutral,What is the sentiment of this news? Please choose an answer from {negative/neutral/positive}.,"Instruction: What is the sentiment of this news? Please choose an answer from {negative/neutral/positive}.
Input: The sellers were the founders of the company .
Answer: ",neutral,neutral
3363,The shares shall be acquired according to the Rules of NASDAQ OMX Helsinki and otherwise according to the rules related to acquisition of the company 's own shares .,neutral,What is the sentiment of this news? Please choose an answer from {negative/neutral/positive}.,"Instruction: What is the sentiment of this news? Please choose an answer from {negative/neutral/positive}.
Input: The shares shall be acquired according to the Rules of NASDAQ OMX Helsinki and otherwise according to the rules related to acquisition of the company 's own shares .
Answer: ",neutral,neutral
3367,"The start of the negotiations , relating to Glaston 's efficiency program , was announced in October .",neutral,What is the sentiment of this news? Please choose an answer from {negative/neutral/positive}.,"Instruction: What is the sentiment of this news? Please choose an answer from {negative/neutral/positive}.
Input: The start of the negotiations , relating to Glaston 's efficiency program , was announced in October .
Answer: ",neutral,neutral
3368,"The study is expected to provide proof of pharmacodynamic activity in humans , corroborate the safety profile and establish dose ranges for further therapeutic studies .",neutral,What is the sentiment of this news? Please choose an answer from {negative/neutral/positive}.,"Instruction: What is the sentiment of this news? Please choose an answer from {negative/neutral/positive}.
Input: The study is expected to provide proof of pharmacodynamic activity in humans , corroborate the safety profile and establish dose ranges for further therapeutic studies .
Answer: ",neutral,neutral
3369,"The subject of the project is provide to the company like : Software programming and consultancy services , Computer-related services , Data services , Computer support and consultancy services , Internet services etc. .",neutral,What is the sentiment of this news? Please choose an answer from {negative/neutral/positive}.,"Instruction: What is the sentiment of this news? Please choose an answer from {negative/neutral/positive}.
Input: The subject of the project is provide to the company like : Software programming and consultancy services , Computer-related services , Data services , Computer support and consultancy services , Internet services etc. .
Answer: ",neutral,neutral
3373,"The technology will become available to businesses from the fourth quarter , Nokia said .",neutral,What is the sentiment of this news? Please choose an answer from {negative/neutral/positive}.,"Instruction: What is the sentiment of this news? Please choose an answer from {negative/neutral/positive}.
Input: The technology will become available to businesses from the fourth quarter , Nokia said .
Answer: ",neutral,neutral
3374,"The Tecnomen Convergent Charging solution includes functionality for prepaid and post-paid billing , charging and rating of voice calls , video calls , raw data traffic and any type of content services in both mobile and fixed networks .",neutral,What is the sentiment of this news? Please choose an answer from {negative/neutral/positive}.,"Instruction: What is the sentiment of this news? Please choose an answer from {negative/neutral/positive}.
Input: The Tecnomen Convergent Charging solution includes functionality for prepaid and post-paid billing , charging and rating of voice calls , video calls , raw data traffic and any type of content services in both mobile and fixed networks .
Answer: ",neutral,neutral
3376,"The total number of voting rights is 74,612,523 .",neutral,What is the sentiment of this news? Please choose an answer from {negative/neutral/positive}.,"Instruction: What is the sentiment of this news? Please choose an answer from {negative/neutral/positive}.
Input: The total number of voting rights is 74,612,523 .
Answer: ",neutral,neutral
3385,"The transaction is subject to a final agreement between the parties , approvals of their decision-making bodies and approval by the Finnish Competition Authority .",neutral,What is the sentiment of this news? Please choose an answer from {negative/neutral/positive}.,"Instruction: What is the sentiment of this news? Please choose an answer from {negative/neutral/positive}.
Input: The transaction is subject to a final agreement between the parties , approvals of their decision-making bodies and approval by the Finnish Competition Authority .
Answer: ",neutral,neutral
3391,The value of the order is EUR 2.5 mn .,neutral,What is the sentiment of this news? Please choose an answer from {negative/neutral/positive}.,"Instruction: What is the sentiment of this news? Please choose an answer from {negative/neutral/positive}.
Input: The value of the order is EUR 2.5 mn .
Answer: ",neutral,neutral
3394,The value of the order is nearly EUR400m .,neutral,What is the sentiment of this news? Please choose an answer from {negative/neutral/positive}.,"Instruction: What is the sentiment of this news? Please choose an answer from {negative/neutral/positive}.
Input: The value of the order is nearly EUR400m .
Answer: ",neutral,neutral
3397,The value of the orders is about EUR 25mn .,neutral,What is the sentiment of this news? Please choose an answer from {negative/neutral/positive}.,"Instruction: What is the sentiment of this news? Please choose an answer from {negative/neutral/positive}.
Input: The value of the orders is about EUR 25mn .
Answer: ",neutral,neutral
3417,"These sections will be put into place to form the load-bearing steel structure of the bridge , '' says Sami Eronen , Senior Vice President , Infrastructure and Northern Europe , Ruukki Construction .",neutral,What is the sentiment of this news? Please choose an answer from {negative/neutral/positive}.,"Instruction: What is the sentiment of this news? Please choose an answer from {negative/neutral/positive}.
Input: These sections will be put into place to form the load-bearing steel structure of the bridge , '' says Sami Eronen , Senior Vice President , Infrastructure and Northern Europe , Ruukki Construction .
Answer: ",neutral,neutral
3419,They will be sunk to a depth of some 360-380 metres and fixed to the bottom mud by vacuum .,neutral,What is the sentiment of this news? Please choose an answer from {negative/neutral/positive}.,"Instruction: What is the sentiment of this news? Please choose an answer from {negative/neutral/positive}.
Input: They will be sunk to a depth of some 360-380 metres and fixed to the bottom mud by vacuum .
Answer: ",neutral,neutral
3420,This amount will not be included in the pensionable salary .,neutral,What is the sentiment of this news? Please choose an answer from {negative/neutral/positive}.,"Instruction: What is the sentiment of this news? Please choose an answer from {negative/neutral/positive}.
Input: This amount will not be included in the pensionable salary .
Answer: ",neutral,neutral
3421,This corrensponds to 4.628 percent of Okmetic 's share capital and voting rights .,neutral,What is the sentiment of this news? Please choose an answer from {negative/neutral/positive}.,"Instruction: What is the sentiment of this news? Please choose an answer from {negative/neutral/positive}.
Input: This corrensponds to 4.628 percent of Okmetic 's share capital and voting rights .
Answer: ",neutral,neutral
3436,"Under the contract , Ericsson will more than double the number of radio base stations in the Elisa network over the coming year .",neutral,What is the sentiment of this news? Please choose an answer from {negative/neutral/positive}.,"Instruction: What is the sentiment of this news? Please choose an answer from {negative/neutral/positive}.
Input: Under the contract , Ericsson will more than double the number of radio base stations in the Elisa network over the coming year .
Answer: ",neutral,neutral
3440,Union and company officials did not return calls yesterday .,neutral,What is the sentiment of this news? Please choose an answer from {negative/neutral/positive}.,"Instruction: What is the sentiment of this news? Please choose an answer from {negative/neutral/positive}.
Input: Union and company officials did not return calls yesterday .
Answer: ",neutral,neutral
3444,"Upon establishment , the plan is directed to approximately 20 persons .",neutral,What is the sentiment of this news? Please choose an answer from {negative/neutral/positive}.,"Instruction: What is the sentiment of this news? Please choose an answer from {negative/neutral/positive}.
Input: Upon establishment , the plan is directed to approximately 20 persons .
Answer: ",neutral,neutral
3445,Vacon recently announced plans to build its North American headquarters at 5 Business Park in Chambersburg .,neutral,What is the sentiment of this news? Please choose an answer from {negative/neutral/positive}.,"Instruction: What is the sentiment of this news? Please choose an answer from {negative/neutral/positive}.
Input: Vacon recently announced plans to build its North American headquarters at 5 Business Park in Chambersburg .
Answer: ",neutral,neutral
3446,"Vaisala , headquartered in Helsinki in Finland , develops and manufactures electronic measurement systems for meteorology , environmental sciences , traffic and industry .",neutral,What is the sentiment of this news? Please choose an answer from {negative/neutral/positive}.,"Instruction: What is the sentiment of this news? Please choose an answer from {negative/neutral/positive}.
Input: Vaisala , headquartered in Helsinki in Finland , develops and manufactures electronic measurement systems for meteorology , environmental sciences , traffic and industry .
Answer: ",neutral,neutral
3448,"Water Treatment Products In Australia Today , Global Research & Data Services is going to publish a market analysis about the market for chemical water treatment products in Australia .",neutral,What is the sentiment of this news? Please choose an answer from {negative/neutral/positive}.,"Instruction: What is the sentiment of this news? Please choose an answer from {negative/neutral/positive}.
Input: Water Treatment Products In Australia Today , Global Research & Data Services is going to publish a market analysis about the market for chemical water treatment products in Australia .
Answer: ",neutral,neutral
3449,We are now taking Marimekko there on a distinctly more significant scale .,neutral,What is the sentiment of this news? Please choose an answer from {negative/neutral/positive}.,"Instruction: What is the sentiment of this news? Please choose an answer from {negative/neutral/positive}.
Input: We are now taking Marimekko there on a distinctly more significant scale .
Answer: ",neutral,neutral
3450,What we think ?,neutral,What is the sentiment of this news? Please choose an answer from {negative/neutral/positive}.,"Instruction: What is the sentiment of this news? Please choose an answer from {negative/neutral/positive}.
Input: What we think ?
Answer: ",neutral,neutral
3457,"With the U.S. Federal Government putting a stake in the ground , vendors - and their customers - are focused on meeting the deadline .",neutral,What is the sentiment of this news? Please choose an answer from {negative/neutral/positive}.,"Instruction: What is the sentiment of this news? Please choose an answer from {negative/neutral/positive}.
Input: With the U.S. Federal Government putting a stake in the ground , vendors - and their customers - are focused on meeting the deadline .
Answer: ",neutral,neutral
3461,"YIT acquired investment rights to a 10,000 square metre residential project in Yaroslavl and to a 16,400 square metre project in Moscow .",neutral,What is the sentiment of this news? Please choose an answer from {negative/neutral/positive}.,"Instruction: What is the sentiment of this news? Please choose an answer from {negative/neutral/positive}.
Input: YIT acquired investment rights to a 10,000 square metre residential project in Yaroslavl and to a 16,400 square metre project in Moscow .
Answer: ",neutral,neutral
3465,"---------------------------------------------------------------------- -------------- Munich , 14 January 2008 : BAVARIA Industriekapital AG closed the acquisition of Elcoteq Communications Technology GmbH in Offenburg , Germany , with the approval of the",neutral,What is the sentiment of this news? Please choose an answer from {negative/neutral/positive}.,"Instruction: What is the sentiment of this news? Please choose an answer from {negative/neutral/positive}.
Input: ---------------------------------------------------------------------- -------------- Munich , 14 January 2008 : BAVARIA Industriekapital AG closed the acquisition of Elcoteq Communications Technology GmbH in Offenburg , Germany , with the approval of the
Answer: ",neutral,neutral
3472,"- The Group -¦ s sales during the period were EUR 31.6 million EUR 36.6 million , 1-6/2007 and profit before taxes was EUR 0.2 1.3 million .",neutral,What is the sentiment of this news? Please choose an answer from {negative/neutral/positive}.,"Instruction: What is the sentiment of this news? Please choose an answer from {negative/neutral/positive}.
Input: - The Group -¦ s sales during the period were EUR 31.6 million EUR 36.6 million , 1-6/2007 and profit before taxes was EUR 0.2 1.3 million .
Answer: ",neutral,neutral
3474,The company continued the development of a fully human antibody in its VAP-1 antibody program .,neutral,What is the sentiment of this news? Please choose an answer from {negative/neutral/positive}.,"Instruction: What is the sentiment of this news? Please choose an answer from {negative/neutral/positive}.
Input: The company continued the development of a fully human antibody in its VAP-1 antibody program .
Answer: ",neutral,neutral
3476,"Westpac Banking Corp - Is to issue a benchmark , 3 year FRN deal in Euros .",neutral,What is the sentiment of this news? Please choose an answer from {negative/neutral/positive}.,"Instruction: What is the sentiment of this news? Please choose an answer from {negative/neutral/positive}.
Input: Westpac Banking Corp - Is to issue a benchmark , 3 year FRN deal in Euros .
Answer: ",neutral,neutral
3481,"`` Over the years , the color orange has become synonymous with quality .",neutral,What is the sentiment of this news? Please choose an answer from {negative/neutral/positive}.,"Instruction: What is the sentiment of this news? Please choose an answer from {negative/neutral/positive}.
Input: `` Over the years , the color orange has become synonymous with quality .
Answer: ",neutral,neutral
3482,"`` The enterprise value of the Fray Bentos pulp mill and Forestal Oriental totals approximately euro1 .6 billion , '' UPM said .",neutral,What is the sentiment of this news? Please choose an answer from {negative/neutral/positive}.,"Instruction: What is the sentiment of this news? Please choose an answer from {negative/neutral/positive}.
Input: `` The enterprise value of the Fray Bentos pulp mill and Forestal Oriental totals approximately euro1 .6 billion , '' UPM said .
Answer: ",neutral,neutral
3486,`` This could be us .,neutral,What is the sentiment of this news? Please choose an answer from {negative/neutral/positive}.,"Instruction: What is the sentiment of this news? Please choose an answer from {negative/neutral/positive}.
Input: `` This could be us .
Answer: ",neutral,neutral
3490,1 April 2011 - Finnish machinery rental company Ramirent Oyj HEL : RMR1V said today it has acquired the assets of sector player Stavebni Doprava a Mechanizace SDM in the Czech Republic for an undisclosed sum .,neutral,What is the sentiment of this news? Please choose an answer from {negative/neutral/positive}.,"Instruction: What is the sentiment of this news? Please choose an answer from {negative/neutral/positive}.
Input: 1 April 2011 - Finnish machinery rental company Ramirent Oyj HEL : RMR1V said today it has acquired the assets of sector player Stavebni Doprava a Mechanizace SDM in the Czech Republic for an undisclosed sum .
Answer: ",neutral,neutral
3498,A total of 140 jobs will be reduced at the Raahe Steel Works .,negative,What is the sentiment of this news? Please choose an answer from {negative/neutral/positive}.,"Instruction: What is the sentiment of this news? Please choose an answer from {negative/neutral/positive}.
Input: A total of 140 jobs will be reduced at the Raahe Steel Works .
Answer: ",negative,neutral
3502,"According to Finnish Aktia Bank 's Managing Director Jussi Laitinen , the bank 's aim is to triple the number of its customers in Finland in the next five years .",positive,What is the sentiment of this news? Please choose an answer from {negative/neutral/positive}.,"Instruction: What is the sentiment of this news? Please choose an answer from {negative/neutral/positive}.
Input: According to Finnish Aktia Bank 's Managing Director Jussi Laitinen , the bank 's aim is to triple the number of its customers in Finland in the next five years .
Answer: ",positive,neutral
3506,"Finnish property investment company Citycon will expand and refurbish +àkersberga shopping center in Stockholm , in Sweden .",neutral,What is the sentiment of this news? Please choose an answer from {negative/neutral/positive}.,"Instruction: What is the sentiment of this news? Please choose an answer from {negative/neutral/positive}.
Input: Finnish property investment company Citycon will expand and refurbish +àkersberga shopping center in Stockholm , in Sweden .
Answer: ",neutral,neutral
3510,"After the transaction , Danske Bank becomes an equal player with Nordic bank group Nordea in the Nordic countries .",neutral,What is the sentiment of this news? Please choose an answer from {negative/neutral/positive}.,"Instruction: What is the sentiment of this news? Please choose an answer from {negative/neutral/positive}.
Input: After the transaction , Danske Bank becomes an equal player with Nordic bank group Nordea in the Nordic countries .
Answer: ",neutral,neutral
3512,"Ahlstrom , headquartered in Helsinki , Finland , is a global leader in the development , manufacture and marketing of high performance fibre-based materials .",neutral,What is the sentiment of this news? Please choose an answer from {negative/neutral/positive}.,"Instruction: What is the sentiment of this news? Please choose an answer from {negative/neutral/positive}.
Input: Ahlstrom , headquartered in Helsinki , Finland , is a global leader in the development , manufacture and marketing of high performance fibre-based materials .
Answer: ",neutral,neutral
3514,"Ahlstrom Corporation Seppo Parvi , CFO Distribution : Main media www.ahlstrom.com Ahlstrom in brief Ahlstrom is a global leader in the development , manufacture and marketing of high performance nonwovens and specialty papers .",neutral,What is the sentiment of this news? Please choose an answer from {negative/neutral/positive}.,"Instruction: What is the sentiment of this news? Please choose an answer from {negative/neutral/positive}.
Input: Ahlstrom Corporation Seppo Parvi , CFO Distribution : Main media www.ahlstrom.com Ahlstrom in brief Ahlstrom is a global leader in the development , manufacture and marketing of high performance nonwovens and specialty papers .
Answer: ",neutral,neutral
3517,"Aldata Solution Oyj Thomas Hoyer CFO More information : Aldata Solution Oyj , Thomas Hoyer , CFO , tel. +358 45 670 0491 Aldata in brief Aldata Solution is one of the global leaders in supply chain software for retail , wholesale and logistics companies .",neutral,What is the sentiment of this news? Please choose an answer from {negative/neutral/positive}.,"Instruction: What is the sentiment of this news? Please choose an answer from {negative/neutral/positive}.
Input: Aldata Solution Oyj Thomas Hoyer CFO More information : Aldata Solution Oyj , Thomas Hoyer , CFO , tel. +358 45 670 0491 Aldata in brief Aldata Solution is one of the global leaders in supply chain software for retail , wholesale and logistics companies .
Answer: ",neutral,neutral
3522,Almost two thirds of Olvi 's net sales come from outside Finland .,neutral,What is the sentiment of this news? Please choose an answer from {negative/neutral/positive}.,"Instruction: What is the sentiment of this news? Please choose an answer from {negative/neutral/positive}.
Input: Almost two thirds of Olvi 's net sales come from outside Finland .
Answer: ",neutral,neutral
3530,Around 250 of these reductions will be implemented through pension arrangements .,neutral,What is the sentiment of this news? Please choose an answer from {negative/neutral/positive}.,"Instruction: What is the sentiment of this news? Please choose an answer from {negative/neutral/positive}.
Input: Around 250 of these reductions will be implemented through pension arrangements .
Answer: ",neutral,neutral
3531,Around 50 percent of the world 's ro-ro fleet is over 25 years old and needs to be scrapped for environmental reasons .,neutral,What is the sentiment of this news? Please choose an answer from {negative/neutral/positive}.,"Instruction: What is the sentiment of this news? Please choose an answer from {negative/neutral/positive}.
Input: Around 50 percent of the world 's ro-ro fleet is over 25 years old and needs to be scrapped for environmental reasons .
Answer: ",neutral,neutral
3533,"As a result , the number of personnel in Finland will be reduced by 158 .",neutral,What is the sentiment of this news? Please choose an answer from {negative/neutral/positive}.,"Instruction: What is the sentiment of this news? Please choose an answer from {negative/neutral/positive}.
Input: As a result , the number of personnel in Finland will be reduced by 158 .
Answer: ",neutral,neutral
3546,"By the end of 2006 , the number of joint branch offices will total 170 .",neutral,What is the sentiment of this news? Please choose an answer from {negative/neutral/positive}.,"Instruction: What is the sentiment of this news? Please choose an answer from {negative/neutral/positive}.
Input: By the end of 2006 , the number of joint branch offices will total 170 .
Answer: ",neutral,neutral
3556,"Commenting on the deal , Shane Lennon , SVP of Marketing & Product Development at GyPSii said : ?",neutral,What is the sentiment of this news? Please choose an answer from {negative/neutral/positive}.,"Instruction: What is the sentiment of this news? Please choose an answer from {negative/neutral/positive}.
Input: Commenting on the deal , Shane Lennon , SVP of Marketing & Product Development at GyPSii said : ?
Answer: ",neutral,neutral
3561,Curators have divided their material into eight themes .,neutral,What is the sentiment of this news? Please choose an answer from {negative/neutral/positive}.,"Instruction: What is the sentiment of this news? Please choose an answer from {negative/neutral/positive}.
Input: Curators have divided their material into eight themes .
Answer: ",neutral,neutral
3571,"Deutsche Beteiligungs , as well as a private equity fund it manages , first bought 75 % of MCE in a secondary buyout from White Plains , N.Y. , financial investor Andlinger & Co. in 2007 .",neutral,What is the sentiment of this news? Please choose an answer from {negative/neutral/positive}.,"Instruction: What is the sentiment of this news? Please choose an answer from {negative/neutral/positive}.
Input: Deutsche Beteiligungs , as well as a private equity fund it manages , first bought 75 % of MCE in a secondary buyout from White Plains , N.Y. , financial investor Andlinger & Co. in 2007 .
Answer: ",neutral,neutral
3577,"Elcoteq 's global service offering covers the entire lifecycle of products , from product development to after-market services .",neutral,What is the sentiment of this news? Please choose an answer from {negative/neutral/positive}.,"Instruction: What is the sentiment of this news? Please choose an answer from {negative/neutral/positive}.
Input: Elcoteq 's global service offering covers the entire lifecycle of products , from product development to after-market services .
Answer: ",neutral,neutral
3579,"EQ Bank forecasts Olvi 's net sales at EUR 67mn in the second quarter of 2009 , and operating profit at EUR 6.4 mn .",neutral,What is the sentiment of this news? Please choose an answer from {negative/neutral/positive}.,"Instruction: What is the sentiment of this news? Please choose an answer from {negative/neutral/positive}.
Input: EQ Bank forecasts Olvi 's net sales at EUR 67mn in the second quarter of 2009 , and operating profit at EUR 6.4 mn .
Answer: ",neutral,neutral
3581,EUR 152.4 mn of this was net interest income .,neutral,What is the sentiment of this news? Please choose an answer from {negative/neutral/positive}.,"Instruction: What is the sentiment of this news? Please choose an answer from {negative/neutral/positive}.
Input: EUR 152.4 mn of this was net interest income .
Answer: ",neutral,neutral
3582,"Exel 's board of directors will propose a dividend of 0.2 euro $ 0.3 per share for 2006 at the annual general meeting on April 19 , 2007 .",neutral,What is the sentiment of this news? Please choose an answer from {negative/neutral/positive}.,"Instruction: What is the sentiment of this news? Please choose an answer from {negative/neutral/positive}.
Input: Exel 's board of directors will propose a dividend of 0.2 euro $ 0.3 per share for 2006 at the annual general meeting on April 19 , 2007 .
Answer: ",neutral,neutral
3584,Finnish component supplier Componenta Corporation OMX Helsinki : CTH1V said on Monday 16 June that it is changing its pricing cycle due to the increase of raw material prices .,neutral,What is the sentiment of this news? Please choose an answer from {negative/neutral/positive}.,"Instruction: What is the sentiment of this news? Please choose an answer from {negative/neutral/positive}.
Input: Finnish component supplier Componenta Corporation OMX Helsinki : CTH1V said on Monday 16 June that it is changing its pricing cycle due to the increase of raw material prices .
Answer: ",neutral,neutral
3593,"FL Group 's private equity division manages all operating companies , including Icelandair Group , FL Travel Group , Bluebird and Sterling .",neutral,What is the sentiment of this news? Please choose an answer from {negative/neutral/positive}.,"Instruction: What is the sentiment of this news? Please choose an answer from {negative/neutral/positive}.
Input: FL Group 's private equity division manages all operating companies , including Icelandair Group , FL Travel Group , Bluebird and Sterling .
Answer: ",neutral,neutral
3596,"Following the divestment , Fiskars 's Outdoor unit will comprise the brands Gerber , Silva and Buster , and will focus on multi-tools , knives , compasses , mobile lighting , pedometers , and aluminium boats .",neutral,What is the sentiment of this news? Please choose an answer from {negative/neutral/positive}.,"Instruction: What is the sentiment of this news? Please choose an answer from {negative/neutral/positive}.
Input: Following the divestment , Fiskars 's Outdoor unit will comprise the brands Gerber , Silva and Buster , and will focus on multi-tools , knives , compasses , mobile lighting , pedometers , and aluminium boats .
Answer: ",neutral,neutral
3597,"Following the issue , the number of shares in the Swedish company will grow by 9 % .",neutral,What is the sentiment of this news? Please choose an answer from {negative/neutral/positive}.,"Instruction: What is the sentiment of this news? Please choose an answer from {negative/neutral/positive}.
Input: Following the issue , the number of shares in the Swedish company will grow by 9 % .
Answer: ",neutral,neutral
3602,"From 2003 on , the emphasis of Kyro 's strategy has been on Glaston 's growth .",neutral,What is the sentiment of this news? Please choose an answer from {negative/neutral/positive}.,"Instruction: What is the sentiment of this news? Please choose an answer from {negative/neutral/positive}.
Input: From 2003 on , the emphasis of Kyro 's strategy has been on Glaston 's growth .
Answer: ",neutral,neutral
3621,"In addition , the company is considering the start of production in Russia .",neutral,What is the sentiment of this news? Please choose an answer from {negative/neutral/positive}.,"Instruction: What is the sentiment of this news? Please choose an answer from {negative/neutral/positive}.
Input: In addition , the company is considering the start of production in Russia .
Answer: ",neutral,neutral
3627,"In addition to verification of an identity and digital signatures , new state-approved Mobile ID enables to cast votes in elections as well .",neutral,What is the sentiment of this news? Please choose an answer from {negative/neutral/positive}.,"Instruction: What is the sentiment of this news? Please choose an answer from {negative/neutral/positive}.
Input: In addition to verification of an identity and digital signatures , new state-approved Mobile ID enables to cast votes in elections as well .
Answer: ",neutral,neutral
3636,In Sweden the agreement covers data communication services as well .,neutral,What is the sentiment of this news? Please choose an answer from {negative/neutral/positive}.,"Instruction: What is the sentiment of this news? Please choose an answer from {negative/neutral/positive}.
Input: In Sweden the agreement covers data communication services as well .
Answer: ",neutral,neutral
3637,"In the automobile space , Maruti is the most searched brand in cars .",neutral,What is the sentiment of this news? Please choose an answer from {negative/neutral/positive}.,"Instruction: What is the sentiment of this news? Please choose an answer from {negative/neutral/positive}.
Input: In the automobile space , Maruti is the most searched brand in cars .
Answer: ",neutral,neutral
3643,"In the third quarter of 2007 , net sales totaled EUR 25.95 mn , and operating profit EUR 3.88 mn .",neutral,What is the sentiment of this news? Please choose an answer from {negative/neutral/positive}.,"Instruction: What is the sentiment of this news? Please choose an answer from {negative/neutral/positive}.
Input: In the third quarter of 2007 , net sales totaled EUR 25.95 mn , and operating profit EUR 3.88 mn .
Answer: ",neutral,neutral
3644,"Incap Contract Manufacturing Services Pvt Ltd , a subsidiary of Incap Corporation of Finland , is acquiring the manufacturing unit of the TVS Electronic Ltd at Tumkur , near Bangalore , for Rs40 crore .",neutral,What is the sentiment of this news? Please choose an answer from {negative/neutral/positive}.,"Instruction: What is the sentiment of this news? Please choose an answer from {negative/neutral/positive}.
Input: Incap Contract Manufacturing Services Pvt Ltd , a subsidiary of Incap Corporation of Finland , is acquiring the manufacturing unit of the TVS Electronic Ltd at Tumkur , near Bangalore , for Rs40 crore .
Answer: ",neutral,neutral
3645,Inha Works has invested in its product development and market research .,neutral,What is the sentiment of this news? Please choose an answer from {negative/neutral/positive}.,"Instruction: What is the sentiment of this news? Please choose an answer from {negative/neutral/positive}.
Input: Inha Works has invested in its product development and market research .
Answer: ",neutral,neutral
3672,Margin call of Zanadvorov has given the chance to make such purchase under the credit of Deutsche Bank for USD 560 million .,neutral,What is the sentiment of this news? Please choose an answer from {negative/neutral/positive}.,"Instruction: What is the sentiment of this news? Please choose an answer from {negative/neutral/positive}.
Input: Margin call of Zanadvorov has given the chance to make such purchase under the credit of Deutsche Bank for USD 560 million .
Answer: ",neutral,neutral
3675,"Metsaliitto will sell 1.1 million B shares of Neomarkka , accounting for about 18.3 pct of Neomarkka 's equity and about 12.7 pct of the voting rights .",neutral,What is the sentiment of this news? Please choose an answer from {negative/neutral/positive}.,"Instruction: What is the sentiment of this news? Please choose an answer from {negative/neutral/positive}.
Input: Metsaliitto will sell 1.1 million B shares of Neomarkka , accounting for about 18.3 pct of Neomarkka 's equity and about 12.7 pct of the voting rights .
Answer: ",neutral,neutral
3677,"Most of the growth in beer consumption took place in the Far East , Latin America and Africa .",neutral,What is the sentiment of this news? Please choose an answer from {negative/neutral/positive}.,"Instruction: What is the sentiment of this news? Please choose an answer from {negative/neutral/positive}.
Input: Most of the growth in beer consumption took place in the Far East , Latin America and Africa .
Answer: ",neutral,neutral
3687,"Mr. McDonald started the evening with his own set , featuring hits from his solo career and his Doobie Brothers years and a selection of R&B cover songs that met with mixed results .",neutral,What is the sentiment of this news? Please choose an answer from {negative/neutral/positive}.,"Instruction: What is the sentiment of this news? Please choose an answer from {negative/neutral/positive}.
Input: Mr. McDonald started the evening with his own set , featuring hits from his solo career and his Doobie Brothers years and a selection of R&B cover songs that met with mixed results .
Answer: ",neutral,neutral
3694,No financial details of the deployment were disclosed .,neutral,What is the sentiment of this news? Please choose an answer from {negative/neutral/positive}.,"Instruction: What is the sentiment of this news? Please choose an answer from {negative/neutral/positive}.
Input: No financial details of the deployment were disclosed .
Answer: ",neutral,neutral
3696,No planned closing date was provided .,neutral,What is the sentiment of this news? Please choose an answer from {negative/neutral/positive}.,"Instruction: What is the sentiment of this news? Please choose an answer from {negative/neutral/positive}.
Input: No planned closing date was provided .
Answer: ",neutral,neutral
3708,OP-Pohjola Group 's capital adequacy ratio under the Act on Credit Institutions stood at 12.1 % and Tier 1 ratio at 12.1 % .,neutral,What is the sentiment of this news? Please choose an answer from {negative/neutral/positive}.,"Instruction: What is the sentiment of this news? Please choose an answer from {negative/neutral/positive}.
Input: OP-Pohjola Group 's capital adequacy ratio under the Act on Credit Institutions stood at 12.1 % and Tier 1 ratio at 12.1 % .
Answer: ",neutral,neutral
3709,"Our customers include companies in the energy and process industry sectors , in particular .",neutral,What is the sentiment of this news? Please choose an answer from {negative/neutral/positive}.,"Instruction: What is the sentiment of this news? Please choose an answer from {negative/neutral/positive}.
Input: Our customers include companies in the energy and process industry sectors , in particular .
Answer: ",neutral,neutral
3713,"OVA Press has a 60 % stake in the joint venture , while IMSM holds a 40 % stake .",neutral,What is the sentiment of this news? Please choose an answer from {negative/neutral/positive}.,"Instruction: What is the sentiment of this news? Please choose an answer from {negative/neutral/positive}.
Input: OVA Press has a 60 % stake in the joint venture , while IMSM holds a 40 % stake .
Answer: ",neutral,neutral
3719,"Payment for acquired shares will be made in cash , and the price per share will be EUR 1 plus an administration fee .",neutral,What is the sentiment of this news? Please choose an answer from {negative/neutral/positive}.,"Instruction: What is the sentiment of this news? Please choose an answer from {negative/neutral/positive}.
Input: Payment for acquired shares will be made in cash , and the price per share will be EUR 1 plus an administration fee .
Answer: ",neutral,neutral
3723,Pharmaceutical market in Netherlands Global Research & Data Services published recently a market analysis about the pharmaceutical markets in Netherlands .,neutral,What is the sentiment of this news? Please choose an answer from {negative/neutral/positive}.,"Instruction: What is the sentiment of this news? Please choose an answer from {negative/neutral/positive}.
Input: Pharmaceutical market in Netherlands Global Research & Data Services published recently a market analysis about the pharmaceutical markets in Netherlands .
Answer: ",neutral,neutral
3730,Rihko said the sale will enable the company to concentrate on its grain-based business .,neutral,What is the sentiment of this news? Please choose an answer from {negative/neutral/positive}.,"Instruction: What is the sentiment of this news? Please choose an answer from {negative/neutral/positive}.
Input: Rihko said the sale will enable the company to concentrate on its grain-based business .
Answer: ",neutral,neutral
3735,"Risto Raty , Tekla 's executive vice president , said that Tekla Structures and ArchiCAD will cover the entire design and documentation workflow throughout a construction project .",neutral,What is the sentiment of this news? Please choose an answer from {negative/neutral/positive}.,"Instruction: What is the sentiment of this news? Please choose an answer from {negative/neutral/positive}.
Input: Risto Raty , Tekla 's executive vice president , said that Tekla Structures and ArchiCAD will cover the entire design and documentation workflow throughout a construction project .
Answer: ",neutral,neutral
3736,"Rohwedder Group is an automotive supplies , telecommunications and electronics industry provider for customers in Europe , North America and Asia .",neutral,What is the sentiment of this news? Please choose an answer from {negative/neutral/positive}.,"Instruction: What is the sentiment of this news? Please choose an answer from {negative/neutral/positive}.
Input: Rohwedder Group is an automotive supplies , telecommunications and electronics industry provider for customers in Europe , North America and Asia .
Answer: ",neutral,neutral
3743,"Sampo Group that has become a major shareholder in Nordea owns TrygVesta 's main competitor , If P & C Insurance .",neutral,What is the sentiment of this news? Please choose an answer from {negative/neutral/positive}.,"Instruction: What is the sentiment of this news? Please choose an answer from {negative/neutral/positive}.
Input: Sampo Group that has become a major shareholder in Nordea owns TrygVesta 's main competitor , If P & C Insurance .
Answer: ",neutral,neutral
3744,Scanfil holdings include 100 % of contract electronics manufacturer Scanfil EMS Group .,neutral,What is the sentiment of this news? Please choose an answer from {negative/neutral/positive}.,"Instruction: What is the sentiment of this news? Please choose an answer from {negative/neutral/positive}.
Input: Scanfil holdings include 100 % of contract electronics manufacturer Scanfil EMS Group .
Answer: ",neutral,neutral
3746,"Stora Enso 's business in North America has annual capacity of about 3 million tons and employs about 4,350 people .",neutral,What is the sentiment of this news? Please choose an answer from {negative/neutral/positive}.,"Instruction: What is the sentiment of this news? Please choose an answer from {negative/neutral/positive}.
Input: Stora Enso 's business in North America has annual capacity of about 3 million tons and employs about 4,350 people .
Answer: ",neutral,neutral
3748,Stora is due to release its fourth-quarter and 2009 full-year earnings on Feb. 4 .,neutral,What is the sentiment of this news? Please choose an answer from {negative/neutral/positive}.,"Instruction: What is the sentiment of this news? Please choose an answer from {negative/neutral/positive}.
Input: Stora is due to release its fourth-quarter and 2009 full-year earnings on Feb. 4 .
Answer: ",neutral,neutral
3756,Teleste expects to start the deliveries at the end of 2009 .,neutral,What is the sentiment of this news? Please choose an answer from {negative/neutral/positive}.,"Instruction: What is the sentiment of this news? Please choose an answer from {negative/neutral/positive}.
Input: Teleste expects to start the deliveries at the end of 2009 .
Answer: ",neutral,neutral
3762,The acquisition is part of Ramirent 's strategy to strengthen its position in selected locations .,positive,What is the sentiment of this news? Please choose an answer from {negative/neutral/positive}.,"Instruction: What is the sentiment of this news? Please choose an answer from {negative/neutral/positive}.
Input: The acquisition is part of Ramirent 's strategy to strengthen its position in selected locations .
Answer: ",positive,neutral
3763,The agreement includes application maintenance and support services .,neutral,What is the sentiment of this news? Please choose an answer from {negative/neutral/positive}.,"Instruction: What is the sentiment of this news? Please choose an answer from {negative/neutral/positive}.
Input: The agreement includes application maintenance and support services .
Answer: ",neutral,neutral
3766,The annual value of the contracts is estimated at USD 2mn over the next three years .,neutral,What is the sentiment of this news? Please choose an answer from {negative/neutral/positive}.,"Instruction: What is the sentiment of this news? Please choose an answer from {negative/neutral/positive}.
Input: The annual value of the contracts is estimated at USD 2mn over the next three years .
Answer: ",neutral,neutral
3767,"The area will also include some central buildings , and Honkarakenne has started negotiations on their delivery .",neutral,What is the sentiment of this news? Please choose an answer from {negative/neutral/positive}.,"Instruction: What is the sentiment of this news? Please choose an answer from {negative/neutral/positive}.
Input: The area will also include some central buildings , and Honkarakenne has started negotiations on their delivery .
Answer: ",neutral,neutral
3769,The bank 's leasing arm Nordea Liising ended the year with a profit of 4.4 million euros .,neutral,What is the sentiment of this news? Please choose an answer from {negative/neutral/positive}.,"Instruction: What is the sentiment of this news? Please choose an answer from {negative/neutral/positive}.
Input: The bank 's leasing arm Nordea Liising ended the year with a profit of 4.4 million euros .
Answer: ",neutral,neutral
3772,The bridge is part of the highway 14 development project .,neutral,What is the sentiment of this news? Please choose an answer from {negative/neutral/positive}.,"Instruction: What is the sentiment of this news? Please choose an answer from {negative/neutral/positive}.
Input: The bridge is part of the highway 14 development project .
Answer: ",neutral,neutral
3775,The business development initiatives in North America are headed by Lynn Shanahan .,neutral,What is the sentiment of this news? Please choose an answer from {negative/neutral/positive}.,"Instruction: What is the sentiment of this news? Please choose an answer from {negative/neutral/positive}.
Input: The business development initiatives in North America are headed by Lynn Shanahan .
Answer: ",neutral,neutral
3777,"The business transfer will take effect from 1 January 2007 , and in connection with this 47 employees will transfer from Elisa to Daxtum as continuing employees .",neutral,What is the sentiment of this news? Please choose an answer from {negative/neutral/positive}.,"Instruction: What is the sentiment of this news? Please choose an answer from {negative/neutral/positive}.
Input: The business transfer will take effect from 1 January 2007 , and in connection with this 47 employees will transfer from Elisa to Daxtum as continuing employees .
Answer: ",neutral,neutral
3791,The company did not distribute a dividend in 2005 .,neutral,What is the sentiment of this news? Please choose an answer from {negative/neutral/positive}.,"Instruction: What is the sentiment of this news? Please choose an answer from {negative/neutral/positive}.
Input: The company did not distribute a dividend in 2005 .
Answer: ",neutral,neutral
3797,The company has an annual turnover of EUR32 .8 m.,neutral,What is the sentiment of this news? Please choose an answer from {negative/neutral/positive}.,"Instruction: What is the sentiment of this news? Please choose an answer from {negative/neutral/positive}.
Input: The company has an annual turnover of EUR32 .8 m.
Answer: ",neutral,neutral
3798,"The company is involved in the the sale of financial products including insurance , mortgages , car and personal loans , financial brokerage and equipment finance leasing .",neutral,What is the sentiment of this news? Please choose an answer from {negative/neutral/positive}.,"Instruction: What is the sentiment of this news? Please choose an answer from {negative/neutral/positive}.
Input: The company is involved in the the sale of financial products including insurance , mortgages , car and personal loans , financial brokerage and equipment finance leasing .
Answer: ",neutral,neutral
3812,The contract is worth some EUR 1 million .,neutral,What is the sentiment of this news? Please choose an answer from {negative/neutral/positive}.,"Instruction: What is the sentiment of this news? Please choose an answer from {negative/neutral/positive}.
Input: The contract is worth some EUR 1 million .
Answer: ",neutral,neutral
3818,"The deal includes all rental equipment and related merchandise , the rental contract of the depot and two employees , the company said .",neutral,What is the sentiment of this news? Please choose an answer from {negative/neutral/positive}.,"Instruction: What is the sentiment of this news? Please choose an answer from {negative/neutral/positive}.
Input: The deal includes all rental equipment and related merchandise , the rental contract of the depot and two employees , the company said .
Answer: ",neutral,neutral
3823,"The devices would be launched in the Chinese market in late 2006 , the company said .",neutral,What is the sentiment of this news? Please choose an answer from {negative/neutral/positive}.,"Instruction: What is the sentiment of this news? Please choose an answer from {negative/neutral/positive}.
Input: The devices would be launched in the Chinese market in late 2006 , the company said .
Answer: ",neutral,neutral
3840,The estimated annual value of the frame agreement is about EUR 50mn .,neutral,What is the sentiment of this news? Please choose an answer from {negative/neutral/positive}.,"Instruction: What is the sentiment of this news? Please choose an answer from {negative/neutral/positive}.
Input: The estimated annual value of the frame agreement is about EUR 50mn .
Answer: ",neutral,neutral
3843,"The executive said that countries such as Brazil , Chile , Argentina and Mexico will lead the adoption in the business Ethernet services segment , while Brazil and Mexico will be the early adopters of carrier Ethernet for mobile backhaul .",neutral,What is the sentiment of this news? Please choose an answer from {negative/neutral/positive}.,"Instruction: What is the sentiment of this news? Please choose an answer from {negative/neutral/positive}.
Input: The executive said that countries such as Brazil , Chile , Argentina and Mexico will lead the adoption in the business Ethernet services segment , while Brazil and Mexico will be the early adopters of carrier Ethernet for mobile backhaul .
Answer: ",neutral,neutral
3847,The expansion will be delivered in the fourth quarter of 2006 .,neutral,What is the sentiment of this news? Please choose an answer from {negative/neutral/positive}.,"Instruction: What is the sentiment of this news? Please choose an answer from {negative/neutral/positive}.
Input: The expansion will be delivered in the fourth quarter of 2006 .
Answer: ",neutral,neutral
3850,The figure does not include food exports from Finland .,neutral,What is the sentiment of this news? Please choose an answer from {negative/neutral/positive}.,"Instruction: What is the sentiment of this news? Please choose an answer from {negative/neutral/positive}.
Input: The figure does not include food exports from Finland .
Answer: ",neutral,neutral
3851,"The figure includes the change in the fair value of the property portfolio , EUR 26.2 million .",neutral,What is the sentiment of this news? Please choose an answer from {negative/neutral/positive}.,"Instruction: What is the sentiment of this news? Please choose an answer from {negative/neutral/positive}.
Input: The figure includes the change in the fair value of the property portfolio , EUR 26.2 million .
Answer: ",neutral,neutral
3854,The firm builds components for mobile phones and other communications products .,neutral,What is the sentiment of this news? Please choose an answer from {negative/neutral/positive}.,"Instruction: What is the sentiment of this news? Please choose an answer from {negative/neutral/positive}.
Input: The firm builds components for mobile phones and other communications products .
Answer: ",neutral,neutral
3863,The markets expect Heineken to sell Hartwall as a whole or in parts .,neutral,What is the sentiment of this news? Please choose an answer from {negative/neutral/positive}.,"Instruction: What is the sentiment of this news? Please choose an answer from {negative/neutral/positive}.
Input: The markets expect Heineken to sell Hartwall as a whole or in parts .
Answer: ",neutral,neutral
3870,The newly created position has been established to strengthen Amer Sports ' management in strategic planning and execution .,positive,What is the sentiment of this news? Please choose an answer from {negative/neutral/positive}.,"Instruction: What is the sentiment of this news? Please choose an answer from {negative/neutral/positive}.
Input: The newly created position has been established to strengthen Amer Sports ' management in strategic planning and execution .
Answer: ",positive,neutral
3876,"The orange-handled scissors from Fiskars are part of the permanent design collection of the Museum of Modern Art in New York , as well as the Philadelphia Museum of Art .",neutral,What is the sentiment of this news? Please choose an answer from {negative/neutral/positive}.,"Instruction: What is the sentiment of this news? Please choose an answer from {negative/neutral/positive}.
Input: The orange-handled scissors from Fiskars are part of the permanent design collection of the Museum of Modern Art in New York , as well as the Philadelphia Museum of Art .
Answer: ",neutral,neutral
3884,The Oulu plant employs approximately 120 people .,neutral,What is the sentiment of this news? Please choose an answer from {negative/neutral/positive}.,"Instruction: What is the sentiment of this news? Please choose an answer from {negative/neutral/positive}.
Input: The Oulu plant employs approximately 120 people .
Answer: ",neutral,neutral
3888,"The Polish business employs about 1,000 people , and it had net sales of about EUR 70mn in 2007 .",neutral,What is the sentiment of this news? Please choose an answer from {negative/neutral/positive}.,"Instruction: What is the sentiment of this news? Please choose an answer from {negative/neutral/positive}.
Input: The Polish business employs about 1,000 people , and it had net sales of about EUR 70mn in 2007 .
Answer: ",neutral,neutral
3890,"The production capacity can be tripled without any major additional investments , the company said .",positive,What is the sentiment of this news? Please choose an answer from {negative/neutral/positive}.,"Instruction: What is the sentiment of this news? Please choose an answer from {negative/neutral/positive}.
Input: The production capacity can be tripled without any major additional investments , the company said .
Answer: ",positive,neutral
3900,"The Russian gas giant invested another 46 million litas in the company in late 2004 and now owns 99.5 percent of its stock capital , which amounts to 86.936 million litas .",neutral,What is the sentiment of this news? Please choose an answer from {negative/neutral/positive}.,"Instruction: What is the sentiment of this news? Please choose an answer from {negative/neutral/positive}.
Input: The Russian gas giant invested another 46 million litas in the company in late 2004 and now owns 99.5 percent of its stock capital , which amounts to 86.936 million litas .
Answer: ",neutral,neutral
3911,"The tanks will be delivered to a company which is currently building a chemical tank farm in Antwerp , northern Belgium .",neutral,What is the sentiment of this news? Please choose an answer from {negative/neutral/positive}.,"Instruction: What is the sentiment of this news? Please choose an answer from {negative/neutral/positive}.
Input: The tanks will be delivered to a company which is currently building a chemical tank farm in Antwerp , northern Belgium .
Answer: ",neutral,neutral
3913,The terms of the transactions remained undisclosed .,neutral,What is the sentiment of this news? Please choose an answer from {negative/neutral/positive}.,"Instruction: What is the sentiment of this news? Please choose an answer from {negative/neutral/positive}.
Input: The terms of the transactions remained undisclosed .
Answer: ",neutral,neutral
3923,The total value of the contract is some EUR 8 million .,neutral,What is the sentiment of this news? Please choose an answer from {negative/neutral/positive}.,"Instruction: What is the sentiment of this news? Please choose an answer from {negative/neutral/positive}.
Input: The total value of the contract is some EUR 8 million .
Answer: ",neutral,neutral
3925,"The total value of the project is about EUR53m , including the plots that will be transferred to Atria .",neutral,What is the sentiment of this news? Please choose an answer from {negative/neutral/positive}.,"Instruction: What is the sentiment of this news? Please choose an answer from {negative/neutral/positive}.
Input: The total value of the project is about EUR53m , including the plots that will be transferred to Atria .
Answer: ",neutral,neutral
3943,"The venture , which will be 51 % owned by Kemira and 49 % by IVRCL , will operate an inorganic coagulant manufacturing facility , to be built in Vishakapatnam Vizag in the state of Andhra Pradesh and to kick off operations in the second half of 2011 .",neutral,What is the sentiment of this news? Please choose an answer from {negative/neutral/positive}.,"Instruction: What is the sentiment of this news? Please choose an answer from {negative/neutral/positive}.
Input: The venture , which will be 51 % owned by Kemira and 49 % by IVRCL , will operate an inorganic coagulant manufacturing facility , to be built in Vishakapatnam Vizag in the state of Andhra Pradesh and to kick off operations in the second half of 2011 .
Answer: ",neutral,neutral
3952,"This rating from A.M. Best is the highest among the CIS countries , Central and Eastern Europe .",neutral,What is the sentiment of this news? Please choose an answer from {negative/neutral/positive}.,"Instruction: What is the sentiment of this news? Please choose an answer from {negative/neutral/positive}.
Input: This rating from A.M. Best is the highest among the CIS countries , Central and Eastern Europe .
Answer: ",neutral,neutral
3962,"Under the agreement , Larox will transfer 10 employees within engineering and documentation related to delivery projects and product maintenance in Finland to Etteplan as of January 1 , 2007 .",neutral,What is the sentiment of this news? Please choose an answer from {negative/neutral/positive}.,"Instruction: What is the sentiment of this news? Please choose an answer from {negative/neutral/positive}.
Input: Under the agreement , Larox will transfer 10 employees within engineering and documentation related to delivery projects and product maintenance in Finland to Etteplan as of January 1 , 2007 .
Answer: ",neutral,neutral
3966,Underground parking facilities will also be built on the basement floor .,neutral,What is the sentiment of this news? Please choose an answer from {negative/neutral/positive}.,"Instruction: What is the sentiment of this news? Please choose an answer from {negative/neutral/positive}.
Input: Underground parking facilities will also be built on the basement floor .
Answer: ",neutral,neutral
3969,"UPM is the biggest producer of magazine paper in Europe , with a market share of over 30 pct , and it is likely to say that prices in the segment were at best flat during the quarter , analysts said .",neutral,What is the sentiment of this news? Please choose an answer from {negative/neutral/positive}.,"Instruction: What is the sentiment of this news? Please choose an answer from {negative/neutral/positive}.
Input: UPM is the biggest producer of magazine paper in Europe , with a market share of over 30 pct , and it is likely to say that prices in the segment were at best flat during the quarter , analysts said .
Answer: ",neutral,neutral
3973,Vaisala 's board of directors will propose a dividend of 0.85 euro $ 1.24 per share at the company 's annual general meeting .,neutral,What is the sentiment of this news? Please choose an answer from {negative/neutral/positive}.,"Instruction: What is the sentiment of this news? Please choose an answer from {negative/neutral/positive}.
Input: Vaisala 's board of directors will propose a dividend of 0.85 euro $ 1.24 per share at the company 's annual general meeting .
Answer: ",neutral,neutral
3974,Vaisala 's expertise in lightning data and information systems is based on extensive experience and investment in R&D .,neutral,What is the sentiment of this news? Please choose an answer from {negative/neutral/positive}.,"Instruction: What is the sentiment of this news? Please choose an answer from {negative/neutral/positive}.
Input: Vaisala 's expertise in lightning data and information systems is based on extensive experience and investment in R&D .
Answer: ",neutral,neutral
3979,"While the company did not indicate the level of investment in the unit , it said that has purchased the equipment of Nokia Corporation 's mobile phone R&D laboratory in Jyvaeskylae .",neutral,What is the sentiment of this news? Please choose an answer from {negative/neutral/positive}.,"Instruction: What is the sentiment of this news? Please choose an answer from {negative/neutral/positive}.
Input: While the company did not indicate the level of investment in the unit , it said that has purchased the equipment of Nokia Corporation 's mobile phone R&D laboratory in Jyvaeskylae .
Answer: ",neutral,neutral
3981,Vianor sells tires for cars and trucks as well as a range of other car parts and provides maintenance services .,neutral,What is the sentiment of this news? Please choose an answer from {negative/neutral/positive}.,"Instruction: What is the sentiment of this news? Please choose an answer from {negative/neutral/positive}.
Input: Vianor sells tires for cars and trucks as well as a range of other car parts and provides maintenance services .
Answer: ",neutral,neutral
3987,The personnel reductions will primarily affect those working for the parent company in the diagnostics business or in production and logistics in the liquid handling business .,negative,What is the sentiment of this news? Please choose an answer from {negative/neutral/positive}.,"Instruction: What is the sentiment of this news? Please choose an answer from {negative/neutral/positive}.
Input: The personnel reductions will primarily affect those working for the parent company in the diagnostics business or in production and logistics in the liquid handling business .
Answer: ",negative,neutral
3989,"In the third quarter of fiscal 2008 Efore swung to a net loss of EUR 400,000 versus a net profit of EUR 200,000 for the corresponding period of fiscal 2007 .",negative,What is the sentiment of this news? Please choose an answer from {negative/neutral/positive}.,"Instruction: What is the sentiment of this news? Please choose an answer from {negative/neutral/positive}.
Input: In the third quarter of fiscal 2008 Efore swung to a net loss of EUR 400,000 versus a net profit of EUR 200,000 for the corresponding period of fiscal 2007 .
Answer: ",negative,neutral
3991,"Meanwhile , minority shareholders , expecting TeliaSonera to retain the bid , sell shares now .",neutral,What is the sentiment of this news? Please choose an answer from {negative/neutral/positive}.,"Instruction: What is the sentiment of this news? Please choose an answer from {negative/neutral/positive}.
Input: Meanwhile , minority shareholders , expecting TeliaSonera to retain the bid , sell shares now .
Answer: ",neutral,neutral
3993,Operating loss totaled EUR 25mn compared to a profit of EUR 63mn in the corresponding period in 2005 .,negative,What is the sentiment of this news? Please choose an answer from {negative/neutral/positive}.,"Instruction: What is the sentiment of this news? Please choose an answer from {negative/neutral/positive}.
Input: Operating loss totaled EUR 25mn compared to a profit of EUR 63mn in the corresponding period in 2005 .
Answer: ",negative,neutral
3994,"Production levels have been agreed with producers a long time ago , so a fall in consumption will lead to losses .",negative,What is the sentiment of this news? Please choose an answer from {negative/neutral/positive}.,"Instruction: What is the sentiment of this news? Please choose an answer from {negative/neutral/positive}.
Input: Production levels have been agreed with producers a long time ago , so a fall in consumption will lead to losses .
Answer: ",negative,neutral
4000,"- The Group 's sales during the period were EUR 37.5 million ( EUR 48.2 million , 1-9/2008 ) and result before taxes was a loss of EUR -3.5 ( +1.2 ) million .",negative,What is the sentiment of this news? Please choose an answer from {negative/neutral/positive}.,"Instruction: What is the sentiment of this news? Please choose an answer from {negative/neutral/positive}.
Input: - The Group 's sales during the period were EUR 37.5 million ( EUR 48.2 million , 1-9/2008 ) and result before taxes was a loss of EUR -3.5 ( +1.2 ) million .
Answer: ",negative,neutral
4001,The fair value of investment properties was EUR 2 251.0 ( 1 281.4 ) million .,neutral,What is the sentiment of this news? Please choose an answer from {negative/neutral/positive}.,"Instruction: What is the sentiment of this news? Please choose an answer from {negative/neutral/positive}.
Input: The fair value of investment properties was EUR 2 251.0 ( 1 281.4 ) million .
Answer: ",neutral,neutral
4007,"According shipping company Viking Line , the EU decision will have a significant financial impact .",neutral,What is the sentiment of this news? Please choose an answer from {negative/neutral/positive}.,"Instruction: What is the sentiment of this news? Please choose an answer from {negative/neutral/positive}.
Input: According shipping company Viking Line , the EU decision will have a significant financial impact .
Answer: ",neutral,neutral
4014,Earnings per share ( EPS ) amounted to a loss of to EUR0 .06 .,negative,What is the sentiment of this news? Please choose an answer from {negative/neutral/positive}.,"Instruction: What is the sentiment of this news? Please choose an answer from {negative/neutral/positive}.
Input: Earnings per share ( EPS ) amounted to a loss of to EUR0 .06 .
Answer: ",negative,neutral
4016,Expense ratio was 102.6 % compared to 92.9 % in the corresponding period in 2005 .,negative,What is the sentiment of this news? Please choose an answer from {negative/neutral/positive}.,"Instruction: What is the sentiment of this news? Please choose an answer from {negative/neutral/positive}.
Input: Expense ratio was 102.6 % compared to 92.9 % in the corresponding period in 2005 .
Answer: ",negative,neutral
4027,"Loss after financial items totalled EUR 9.7 mn , compared to a profit of EUR 1.3 mn in the corresponding period in 2008 .",negative,What is the sentiment of this news? Please choose an answer from {negative/neutral/positive}.,"Instruction: What is the sentiment of this news? Please choose an answer from {negative/neutral/positive}.
Input: Loss after financial items totalled EUR 9.7 mn , compared to a profit of EUR 1.3 mn in the corresponding period in 2008 .
Answer: ",negative,neutral
4029,"Myllykoski , with one paper plant in Finland , one in the US and three in Germany , had revenues of EUR286m in the first half of 2010 and an operating loss of EUR12m , Reuters said .",negative,What is the sentiment of this news? Please choose an answer from {negative/neutral/positive}.,"Instruction: What is the sentiment of this news? Please choose an answer from {negative/neutral/positive}.
Input: Myllykoski , with one paper plant in Finland , one in the US and three in Germany , had revenues of EUR286m in the first half of 2010 and an operating loss of EUR12m , Reuters said .
Answer: ",negative,neutral
4036,"Operating loss totalled EUR 12.7 mn , compared to a profit of EUR 17.7 mn in the first half of 2008 .",negative,What is the sentiment of this news? Please choose an answer from {negative/neutral/positive}.,"Instruction: What is the sentiment of this news? Please choose an answer from {negative/neutral/positive}.
Input: Operating loss totalled EUR 12.7 mn , compared to a profit of EUR 17.7 mn in the first half of 2008 .
Answer: ",negative,neutral
4042,Pretax loss totalled EUR 162.3 mn compared to a profit of EUR 253.5 mn in 2007 .,negative,What is the sentiment of this news? Please choose an answer from {negative/neutral/positive}.,"Instruction: What is the sentiment of this news? Please choose an answer from {negative/neutral/positive}.
Input: Pretax loss totalled EUR 162.3 mn compared to a profit of EUR 253.5 mn in 2007 .
Answer: ",negative,neutral
4045,"Publishing Sweden 's operating loss was EUR 1.1 mn in Q1 of 2009 , compared to a profit of EUR 0.6 mn a year ago .",negative,What is the sentiment of this news? Please choose an answer from {negative/neutral/positive}.,"Instruction: What is the sentiment of this news? Please choose an answer from {negative/neutral/positive}.
Input: Publishing Sweden 's operating loss was EUR 1.1 mn in Q1 of 2009 , compared to a profit of EUR 0.6 mn a year ago .
Answer: ",negative,neutral
4057,"Finnish electronics manufacturing services EMS company Elcoteq SE posted a net loss of 66.4 mln euro $ 91.2 mln for the first half of 2007 , compared to a net profit of 7.1 mln euro $ 9.8 mln for the same period of 2006 .",negative,What is the sentiment of this news? Please choose an answer from {negative/neutral/positive}.,"Instruction: What is the sentiment of this news? Please choose an answer from {negative/neutral/positive}.
Input: Finnish electronics manufacturing services EMS company Elcoteq SE posted a net loss of 66.4 mln euro $ 91.2 mln for the first half of 2007 , compared to a net profit of 7.1 mln euro $ 9.8 mln for the same period of 2006 .
Answer: ",negative,neutral
4061,"In 2009 , Stora Enso 's net loss was EUR 879.7 million compared to EUR 673.4 million in the previous year .",negative,What is the sentiment of this news? Please choose an answer from {negative/neutral/positive}.,"Instruction: What is the sentiment of this news? Please choose an answer from {negative/neutral/positive}.
Input: In 2009 , Stora Enso 's net loss was EUR 879.7 million compared to EUR 673.4 million in the previous year .
Answer: ",negative,neutral
4066,"Operating profit margin was 8.3 % , compared to 11.8 % a year earlier .",negative,What is the sentiment of this news? Please choose an answer from {negative/neutral/positive}.,"Instruction: What is the sentiment of this news? Please choose an answer from {negative/neutral/positive}.
Input: Operating profit margin was 8.3 % , compared to 11.8 % a year earlier .
Answer: ",negative,neutral
4067,Operating profit was EUR 1.6 mn in 2005 compared to EUR 5.9 mn in 2004 .,negative,What is the sentiment of this news? Please choose an answer from {negative/neutral/positive}.,"Instruction: What is the sentiment of this news? Please choose an answer from {negative/neutral/positive}.
Input: Operating profit was EUR 1.6 mn in 2005 compared to EUR 5.9 mn in 2004 .
Answer: ",negative,neutral
4070,"Salcomp Oyj , the Finnish maker of mobile phone chargers , Monday posted a EUR1 .49 million loss in the second quarter compared with a 1.70 million profit in the same period the previous year .",negative,What is the sentiment of this news? Please choose an answer from {negative/neutral/positive}.,"Instruction: What is the sentiment of this news? Please choose an answer from {negative/neutral/positive}.
Input: Salcomp Oyj , the Finnish maker of mobile phone chargers , Monday posted a EUR1 .49 million loss in the second quarter compared with a 1.70 million profit in the same period the previous year .
Answer: ",negative,neutral
4079,Operating profit excluding restructuring costs grew to EUR 44.5 million from EUR 31.7 million while operating profit including restructuring costs showed even larger growth to EUR 38.5 million from EUR 7.4 million .,positive,What is the sentiment of this news? Please choose an answer from {negative/neutral/positive}.,"Instruction: What is the sentiment of this news? Please choose an answer from {negative/neutral/positive}.
Input: Operating profit excluding restructuring costs grew to EUR 44.5 million from EUR 31.7 million while operating profit including restructuring costs showed even larger growth to EUR 38.5 million from EUR 7.4 million .
Answer: ",positive,neutral
4090,The planned ethanol and energy production plant can operate in correlation with a waste treatment unit or a paper mill .,neutral,What is the sentiment of this news? Please choose an answer from {negative/neutral/positive}.,"Instruction: What is the sentiment of this news? Please choose an answer from {negative/neutral/positive}.
Input: The planned ethanol and energy production plant can operate in correlation with a waste treatment unit or a paper mill .
Answer: ",neutral,neutral
4093,"Cash flow from operations totalled EUR 2.71 mn , compared to a negative EUR 0.83 mn in the corresponding period in 2008 .",positive,What is the sentiment of this news? Please choose an answer from {negative/neutral/positive}.,"Instruction: What is the sentiment of this news? Please choose an answer from {negative/neutral/positive}.
Input: Cash flow from operations totalled EUR 2.71 mn , compared to a negative EUR 0.83 mn in the corresponding period in 2008 .
Answer: ",positive,neutral
4097,"Following the transaction , Lundbeck has worldwide rights for nalmefene , excluding North America , Mexico , Turkey and South-Korea .",positive,What is the sentiment of this news? Please choose an answer from {negative/neutral/positive}.,"Instruction: What is the sentiment of this news? Please choose an answer from {negative/neutral/positive}.
Input: Following the transaction , Lundbeck has worldwide rights for nalmefene , excluding North America , Mexico , Turkey and South-Korea .
Answer: ",positive,neutral
4107,The extracted filtrates are very high in clarity while the dried filter cakes meet required transport moisture limits (TMLs)for their ore grades .,neutral,What is the sentiment of this news? Please choose an answer from {negative/neutral/positive}.,"Instruction: What is the sentiment of this news? Please choose an answer from {negative/neutral/positive}.
Input: The extracted filtrates are very high in clarity while the dried filter cakes meet required transport moisture limits (TMLs)for their ore grades .
Answer: ",neutral,neutral
4114,During the negotiations a reduction of 21 persons has taken place through natural redundancy or termination of fixed-term contracts .,neutral,What is the sentiment of this news? Please choose an answer from {negative/neutral/positive}.,"Instruction: What is the sentiment of this news? Please choose an answer from {negative/neutral/positive}.
Input: During the negotiations a reduction of 21 persons has taken place through natural redundancy or termination of fixed-term contracts .
Answer: ",neutral,neutral
4115,Elisa CEO Sami Seppanen said EMT 's slogan `` Best coverage across Estonia '' clearly gives misleading information to consumers .,negative,What is the sentiment of this news? Please choose an answer from {negative/neutral/positive}.,"Instruction: What is the sentiment of this news? Please choose an answer from {negative/neutral/positive}.
Input: Elisa CEO Sami Seppanen said EMT 's slogan `` Best coverage across Estonia '' clearly gives misleading information to consumers .
Answer: ",negative,neutral
4117,"In this case , the effect would be negative in Finland .",negative,What is the sentiment of this news? Please choose an answer from {negative/neutral/positive}.,"Instruction: What is the sentiment of this news? Please choose an answer from {negative/neutral/positive}.
Input: In this case , the effect would be negative in Finland .
Answer: ",negative,neutral
4123,Olli-Pekka Kallasvuo was elected as vice chairman of the Board .,neutral,What is the sentiment of this news? Please choose an answer from {negative/neutral/positive}.,"Instruction: What is the sentiment of this news? Please choose an answer from {negative/neutral/positive}.
Input: Olli-Pekka Kallasvuo was elected as vice chairman of the Board .
Answer: ",neutral,neutral
4129,"That 's what I go to bed worrying about every night , ' he said .",negative,What is the sentiment of this news? Please choose an answer from {negative/neutral/positive}.,"Instruction: What is the sentiment of this news? Please choose an answer from {negative/neutral/positive}.
Input: That 's what I go to bed worrying about every night , ' he said .
Answer: ",negative,neutral
4131,The company initially estimated that it would cut up to 30 jobs .,negative,What is the sentiment of this news? Please choose an answer from {negative/neutral/positive}.,"Instruction: What is the sentiment of this news? Please choose an answer from {negative/neutral/positive}.
Input: The company initially estimated that it would cut up to 30 jobs .
Answer: ",negative,neutral
4132,"The company will try to adapt the operations through temporary lay-offs of different duration , working hour arrangements , training and development efforts .",neutral,What is the sentiment of this news? Please choose an answer from {negative/neutral/positive}.,"Instruction: What is the sentiment of this news? Please choose an answer from {negative/neutral/positive}.
Input: The company will try to adapt the operations through temporary lay-offs of different duration , working hour arrangements , training and development efforts .
Answer: ",neutral,neutral
4134,The iPad application joins the iPhone app as part of Monster 's range of mobile applications for job hunting .,neutral,What is the sentiment of this news? Please choose an answer from {negative/neutral/positive}.,"Instruction: What is the sentiment of this news? Please choose an answer from {negative/neutral/positive}.
Input: The iPad application joins the iPhone app as part of Monster 's range of mobile applications for job hunting .
Answer: ",neutral,neutral
4136,The number of bodily injury cases quadrupled in 2000-2006 .,negative,What is the sentiment of this news? Please choose an answer from {negative/neutral/positive}.,"Instruction: What is the sentiment of this news? Please choose an answer from {negative/neutral/positive}.
Input: The number of bodily injury cases quadrupled in 2000-2006 .
Answer: ",negative,neutral
4138,"The size of the extension , 18.5 % of which already has been let , will have a gross area of about 2,830 sq m 30,460 sq ft .",neutral,What is the sentiment of this news? Please choose an answer from {negative/neutral/positive}.,"Instruction: What is the sentiment of this news? Please choose an answer from {negative/neutral/positive}.
Input: The size of the extension , 18.5 % of which already has been let , will have a gross area of about 2,830 sq m 30,460 sq ft .
Answer: ",neutral,neutral
4141,"The third applicant , Fortum , was dropped .",neutral,What is the sentiment of this news? Please choose an answer from {negative/neutral/positive}.,"Instruction: What is the sentiment of this news? Please choose an answer from {negative/neutral/positive}.
Input: The third applicant , Fortum , was dropped .
Answer: ",neutral,neutral
4142,"Tieto 's service is also used to send , process and receive materials related to absentee voting .",neutral,What is the sentiment of this news? Please choose an answer from {negative/neutral/positive}.,"Instruction: What is the sentiment of this news? Please choose an answer from {negative/neutral/positive}.
Input: Tieto 's service is also used to send , process and receive materials related to absentee voting .
Answer: ",neutral,neutral
4143,"Trading code : ELI1V Number of shares : 99,483 Price-share : Gratuitous After the transfer , Elisa holds a total of 10,435,023 own shares .",neutral,What is the sentiment of this news? Please choose an answer from {negative/neutral/positive}.,"Instruction: What is the sentiment of this news? Please choose an answer from {negative/neutral/positive}.
Input: Trading code : ELI1V Number of shares : 99,483 Price-share : Gratuitous After the transfer , Elisa holds a total of 10,435,023 own shares .
Answer: ",neutral,neutral
4146,"`` Tweeple should check who 's following them , and be cautious when clicking on URLs and tinyurls . ''",neutral,What is the sentiment of this news? Please choose an answer from {negative/neutral/positive}.,"Instruction: What is the sentiment of this news? Please choose an answer from {negative/neutral/positive}.
Input: `` Tweeple should check who 's following them , and be cautious when clicking on URLs and tinyurls . ''
Answer: ",neutral,neutral
4156,"Finnish Konecranes is again trying to acquire Italian Fantuzzi , a manufacturer of gantry cranes and reach stackers .",neutral,What is the sentiment of this news? Please choose an answer from {negative/neutral/positive}.,"Instruction: What is the sentiment of this news? Please choose an answer from {negative/neutral/positive}.
Input: Finnish Konecranes is again trying to acquire Italian Fantuzzi , a manufacturer of gantry cranes and reach stackers .
Answer: ",neutral,neutral
4158,Finnish Nordic Aluminium is starting employer-employee negotiations in Finland that concern all staff groups .,neutral,What is the sentiment of this news? Please choose an answer from {negative/neutral/positive}.,"Instruction: What is the sentiment of this news? Please choose an answer from {negative/neutral/positive}.
Input: Finnish Nordic Aluminium is starting employer-employee negotiations in Finland that concern all staff groups .
Answer: ",neutral,neutral
4164,"According to the prosecutor , the share transactions were carried out after HK Ruokatalo had proceeded in the negotiations concerning the acquisition of Swedish Meats .",neutral,What is the sentiment of this news? Please choose an answer from {negative/neutral/positive}.,"Instruction: What is the sentiment of this news? Please choose an answer from {negative/neutral/positive}.
Input: According to the prosecutor , the share transactions were carried out after HK Ruokatalo had proceeded in the negotiations concerning the acquisition of Swedish Meats .
Answer: ",neutral,neutral
4168,Among the biggest Christmas sellers were a  35 satin bow shift dress styled on outfits worn by Victoria Beckham and a  75 Paris Hilton Prom dress .,neutral,What is the sentiment of this news? Please choose an answer from {negative/neutral/positive}.,"Instruction: What is the sentiment of this news? Please choose an answer from {negative/neutral/positive}.
Input: Among the biggest Christmas sellers were a  35 satin bow shift dress styled on outfits worn by Victoria Beckham and a  75 Paris Hilton Prom dress .
Answer: ",neutral,neutral
4171,Another problem is cola-flavoured long drinks .,neutral,What is the sentiment of this news? Please choose an answer from {negative/neutral/positive}.,"Instruction: What is the sentiment of this news? Please choose an answer from {negative/neutral/positive}.
Input: Another problem is cola-flavoured long drinks .
Answer: ",neutral,neutral
4174,Applying for summer work is seen as laborious and stressful .,negative,What is the sentiment of this news? Please choose an answer from {negative/neutral/positive}.,"Instruction: What is the sentiment of this news? Please choose an answer from {negative/neutral/positive}.
Input: Applying for summer work is seen as laborious and stressful .
Answer: ",negative,neutral
4175,ArcelorMittal Chief Executive Officer Lakshmi Mittal has already cut output at some furnaces .,negative,What is the sentiment of this news? Please choose an answer from {negative/neutral/positive}.,"Instruction: What is the sentiment of this news? Please choose an answer from {negative/neutral/positive}.
Input: ArcelorMittal Chief Executive Officer Lakshmi Mittal has already cut output at some furnaces .
Answer: ",negative,neutral
4178,"As a result , it has started negotiations with the banks on provisional amendments concerning the covenants and other credit terms .",neutral,What is the sentiment of this news? Please choose an answer from {negative/neutral/positive}.,"Instruction: What is the sentiment of this news? Please choose an answer from {negative/neutral/positive}.
Input: As a result , it has started negotiations with the banks on provisional amendments concerning the covenants and other credit terms .
Answer: ",neutral,neutral
4185,Chief executive officer Olli-Pekka Kallasvuo 's changes on Tuesday mark the third time in nine months the company has reshuffled executives and operations as Nokia loses ground to Apple 's iPhone and RIM 's BlackBerry .,negative,What is the sentiment of this news? Please choose an answer from {negative/neutral/positive}.,"Instruction: What is the sentiment of this news? Please choose an answer from {negative/neutral/positive}.
Input: Chief executive officer Olli-Pekka Kallasvuo 's changes on Tuesday mark the third time in nine months the company has reshuffled executives and operations as Nokia loses ground to Apple 's iPhone and RIM 's BlackBerry .
Answer: ",negative,neutral
4186,"Cuts equivalent to the costs of about 35-45 employees are the target , the company said .",negative,What is the sentiment of this news? Please choose an answer from {negative/neutral/positive}.,"Instruction: What is the sentiment of this news? Please choose an answer from {negative/neutral/positive}.
Input: Cuts equivalent to the costs of about 35-45 employees are the target , the company said .
Answer: ",negative,neutral
4188,"Finland-based international machinery rental company Ramirent Plc ( OMX Helsinki : RMR1V ) said on Friday ( 9 May ) that its president and CEO , Kari Kallio , has informed the board of his intention to retire in year 2009 .",neutral,What is the sentiment of this news? Please choose an answer from {negative/neutral/positive}.,"Instruction: What is the sentiment of this news? Please choose an answer from {negative/neutral/positive}.
Input: Finland-based international machinery rental company Ramirent Plc ( OMX Helsinki : RMR1V ) said on Friday ( 9 May ) that its president and CEO , Kari Kallio , has informed the board of his intention to retire in year 2009 .
Answer: ",neutral,neutral
4191,"Finnish Suominen Flexible Packaging Ltd , owned by local textile company Suominen Corporation Group ( HEL : SUY1V ) , said today that it would start employee negotiations concerning its entire personnel in Finland .",negative,What is the sentiment of this news? Please choose an answer from {negative/neutral/positive}.,"Instruction: What is the sentiment of this news? Please choose an answer from {negative/neutral/positive}.
Input: Finnish Suominen Flexible Packaging Ltd , owned by local textile company Suominen Corporation Group ( HEL : SUY1V ) , said today that it would start employee negotiations concerning its entire personnel in Finland .
Answer: ",negative,neutral
4199,"In addition , the production at the Varpaisj+â rvi factory will be stopped at the beginning of April 2009 .",negative,What is the sentiment of this news? Please choose an answer from {negative/neutral/positive}.,"Instruction: What is the sentiment of this news? Please choose an answer from {negative/neutral/positive}.
Input: In addition , the production at the Varpaisj+â rvi factory will be stopped at the beginning of April 2009 .
Answer: ",negative,neutral
4201,"In December , Amer announced the dismissal of CEO Roger Talermo , who had headed the company since 2006 .",neutral,What is the sentiment of this news? Please choose an answer from {negative/neutral/positive}.,"Instruction: What is the sentiment of this news? Please choose an answer from {negative/neutral/positive}.
Input: In December , Amer announced the dismissal of CEO Roger Talermo , who had headed the company since 2006 .
Answer: ",neutral,neutral
4207,It is a disappointment to see the plan folded .,negative,What is the sentiment of this news? Please choose an answer from {negative/neutral/positive}.,"Instruction: What is the sentiment of this news? Please choose an answer from {negative/neutral/positive}.
Input: It is a disappointment to see the plan folded .
Answer: ",negative,neutral
4214,Less than ten people will face pension agreements .,neutral,What is the sentiment of this news? Please choose an answer from {negative/neutral/positive}.,"Instruction: What is the sentiment of this news? Please choose an answer from {negative/neutral/positive}.
Input: Less than ten people will face pension agreements .
Answer: ",neutral,neutral
4218,Managing Director Timo Kohtam+ñki of Lemmink+ñinen Infra nevertheless points out the continued need for infrastructure construction in the Baltic markets .,neutral,What is the sentiment of this news? Please choose an answer from {negative/neutral/positive}.,"Instruction: What is the sentiment of this news? Please choose an answer from {negative/neutral/positive}.
Input: Managing Director Timo Kohtam+ñki of Lemmink+ñinen Infra nevertheless points out the continued need for infrastructure construction in the Baltic markets .
Answer: ",neutral,neutral
4219,"More than 14,000 customers were left powerless .",negative,What is the sentiment of this news? Please choose an answer from {negative/neutral/positive}.,"Instruction: What is the sentiment of this news? Please choose an answer from {negative/neutral/positive}.
Input: More than 14,000 customers were left powerless .
Answer: ",negative,neutral
4223,"New Chairman of the Board of Directors , Mr Chaim Katzman , will give a presentation and answer questions .",neutral,What is the sentiment of this news? Please choose an answer from {negative/neutral/positive}.,"Instruction: What is the sentiment of this news? Please choose an answer from {negative/neutral/positive}.
Input: New Chairman of the Board of Directors , Mr Chaim Katzman , will give a presentation and answer questions .
Answer: ",neutral,neutral
4228,Rapala Fishing Frenzy 2009 .,neutral,What is the sentiment of this news? Please choose an answer from {negative/neutral/positive}.,"Instruction: What is the sentiment of this news? Please choose an answer from {negative/neutral/positive}.
Input: Rapala Fishing Frenzy 2009 .
Answer: ",neutral,neutral
4233,Scanfil will execute the temporary lay-offs by mid-October 2009 and the job cuts by March 2010 .,negative,What is the sentiment of this news? Please choose an answer from {negative/neutral/positive}.,"Instruction: What is the sentiment of this news? Please choose an answer from {negative/neutral/positive}.
Input: Scanfil will execute the temporary lay-offs by mid-October 2009 and the job cuts by March 2010 .
Answer: ",negative,neutral
4238,SWOT analysis is just one method of categorization and has its own weaknesses .,neutral,What is the sentiment of this news? Please choose an answer from {negative/neutral/positive}.,"Instruction: What is the sentiment of this news? Please choose an answer from {negative/neutral/positive}.
Input: SWOT analysis is just one method of categorization and has its own weaknesses .
Answer: ",neutral,neutral
4245,"The company can be split into two parts over the coming months , with Essent owning and operating production and supply , and Enexis owning and operating the grid .",neutral,What is the sentiment of this news? Please choose an answer from {negative/neutral/positive}.,"Instruction: What is the sentiment of this news? Please choose an answer from {negative/neutral/positive}.
Input: The company can be split into two parts over the coming months , with Essent owning and operating production and supply , and Enexis owning and operating the grid .
Answer: ",neutral,neutral
4249,"The contract also includes cutting and edging wagon parts at Ruukki 's steel service centres in Seinajoki and Raahe , both in southwestern Finland , from where they will be delivered to VR for welding and assembly .",neutral,What is the sentiment of this news? Please choose an answer from {negative/neutral/positive}.,"Instruction: What is the sentiment of this news? Please choose an answer from {negative/neutral/positive}.
Input: The contract also includes cutting and edging wagon parts at Ruukki 's steel service centres in Seinajoki and Raahe , both in southwestern Finland , from where they will be delivered to VR for welding and assembly .
Answer: ",neutral,neutral
4259,"The interim report for the first quarter is published on May 8 , 2009 .",neutral,What is the sentiment of this news? Please choose an answer from {negative/neutral/positive}.,"Instruction: What is the sentiment of this news? Please choose an answer from {negative/neutral/positive}.
Input: The interim report for the first quarter is published on May 8 , 2009 .
Answer: ",neutral,neutral
4263,The measures result from weak demand in the shipbuilding industry .,negative,What is the sentiment of this news? Please choose an answer from {negative/neutral/positive}.,"Instruction: What is the sentiment of this news? Please choose an answer from {negative/neutral/positive}.
Input: The measures result from weak demand in the shipbuilding industry .
Answer: ",negative,neutral
4268,"The plant will be fired with a combination of spruce bark , chipped logging residues or milled peat .",neutral,What is the sentiment of this news? Please choose an answer from {negative/neutral/positive}.,"Instruction: What is the sentiment of this news? Please choose an answer from {negative/neutral/positive}.
Input: The plant will be fired with a combination of spruce bark , chipped logging residues or milled peat .
Answer: ",neutral,neutral
4276,The share subscription period for C options will commence on 1 September 2008 and expire on 31 March 2011 .,neutral,What is the sentiment of this news? Please choose an answer from {negative/neutral/positive}.,"Instruction: What is the sentiment of this news? Please choose an answer from {negative/neutral/positive}.
Input: The share subscription period for C options will commence on 1 September 2008 and expire on 31 March 2011 .
Answer: ",neutral,neutral
4282,They are also upset that some of the machinery and work is taken over to Poland .,negative,What is the sentiment of this news? Please choose an answer from {negative/neutral/positive}.,"Instruction: What is the sentiment of this news? Please choose an answer from {negative/neutral/positive}.
Input: They are also upset that some of the machinery and work is taken over to Poland .
Answer: ",negative,neutral
4285,This is due to the postponement of the decision-making of projects in the negotiation phase from the earlier estimation .,neutral,What is the sentiment of this news? Please choose an answer from {negative/neutral/positive}.,"Instruction: What is the sentiment of this news? Please choose an answer from {negative/neutral/positive}.
Input: This is due to the postponement of the decision-making of projects in the negotiation phase from the earlier estimation .
Answer: ",neutral,neutral
4294,"`` Soon after , the collisions started . ''",neutral,What is the sentiment of this news? Please choose an answer from {negative/neutral/positive}.,"Instruction: What is the sentiment of this news? Please choose an answer from {negative/neutral/positive}.
Input: `` Soon after , the collisions started . ''
Answer: ",neutral,neutral
4297,"`` There 's the issue of thieves stealing them from building sites , '' said Mr Smith .",negative,What is the sentiment of this news? Please choose an answer from {negative/neutral/positive}.,"Instruction: What is the sentiment of this news? Please choose an answer from {negative/neutral/positive}.
Input: `` There 's the issue of thieves stealing them from building sites , '' said Mr Smith .
Answer: ",negative,neutral
4298,"`` We have a license agreement with Nokia Corp. which in part expires on April 9 , 2007 .",neutral,What is the sentiment of this news? Please choose an answer from {negative/neutral/positive}.,"Instruction: What is the sentiment of this news? Please choose an answer from {negative/neutral/positive}.
Input: `` We have a license agreement with Nokia Corp. which in part expires on April 9 , 2007 .
Answer: ",neutral,neutral
4312,Filmiteollisuus Fine Ab will be transferred to Talentum Oyj in the form of a subsidiary .,neutral,What is the sentiment of this news? Please choose an answer from {negative/neutral/positive}.,"Instruction: What is the sentiment of this news? Please choose an answer from {negative/neutral/positive}.
Input: Filmiteollisuus Fine Ab will be transferred to Talentum Oyj in the form of a subsidiary .
Answer: ",neutral,neutral
4315,"He found him again , however , after the driver was involved in a two-car accident .",neutral,What is the sentiment of this news? Please choose an answer from {negative/neutral/positive}.,"Instruction: What is the sentiment of this news? Please choose an answer from {negative/neutral/positive}.
Input: He found him again , however , after the driver was involved in a two-car accident .
Answer: ",neutral,neutral
4329,"Most of the permanent layoffs will be in the plywood and sawn timber sectors of the Finnish company 's operations at several domestic mills , where earlier this year it temporarily laid off some 1,200 workers to save costs .",negative,What is the sentiment of this news? Please choose an answer from {negative/neutral/positive}.,"Instruction: What is the sentiment of this news? Please choose an answer from {negative/neutral/positive}.
Input: Most of the permanent layoffs will be in the plywood and sawn timber sectors of the Finnish company 's operations at several domestic mills , where earlier this year it temporarily laid off some 1,200 workers to save costs .
Answer: ",negative,neutral
4330,"Motorola , the world 's second-largest maker of cell phones , unveiled the new phone Tuesday in a bid to resurrect its ailing handset business .",neutral,What is the sentiment of this news? Please choose an answer from {negative/neutral/positive}.,"Instruction: What is the sentiment of this news? Please choose an answer from {negative/neutral/positive}.
Input: Motorola , the world 's second-largest maker of cell phones , unveiled the new phone Tuesday in a bid to resurrect its ailing handset business .
Answer: ",neutral,neutral
4334,Rautaruukki aims to find work from the group 's other locations for those who have been made redundant .,neutral,What is the sentiment of this news? Please choose an answer from {negative/neutral/positive}.,"Instruction: What is the sentiment of this news? Please choose an answer from {negative/neutral/positive}.
Input: Rautaruukki aims to find work from the group 's other locations for those who have been made redundant .
Answer: ",neutral,neutral
4341,"The deal covers Stockmann Auto Oy Ab 's sales and after-sales services concerning Volkswagen and Audi in Helsinki , Espoo and Vantaa .",neutral,What is the sentiment of this news? Please choose an answer from {negative/neutral/positive}.,"Instruction: What is the sentiment of this news? Please choose an answer from {negative/neutral/positive}.
Input: The deal covers Stockmann Auto Oy Ab 's sales and after-sales services concerning Volkswagen and Audi in Helsinki , Espoo and Vantaa .
Answer: ",neutral,neutral
4346,"The employer , together with health personnel , supports quitting and pays part of the cost of nicotine treatments .",neutral,What is the sentiment of this news? Please choose an answer from {negative/neutral/positive}.,"Instruction: What is the sentiment of this news? Please choose an answer from {negative/neutral/positive}.
Input: The employer , together with health personnel , supports quitting and pays part of the cost of nicotine treatments .
Answer: ",neutral,neutral
4350,"The floor area of the Yliopistonrinne project will be 7,900 sq m and the building 's gross area will total 12,800 sq m. A total 25.1 % of the facilities have been let .",neutral,What is the sentiment of this news? Please choose an answer from {negative/neutral/positive}.,"Instruction: What is the sentiment of this news? Please choose an answer from {negative/neutral/positive}.
Input: The floor area of the Yliopistonrinne project will be 7,900 sq m and the building 's gross area will total 12,800 sq m. A total 25.1 % of the facilities have been let .
Answer: ",neutral,neutral
4351,"The floor area of the Yliopistonrinne project will be 7,900 sq m 85,030 sq ft and the building 's gross area will total 12,800 sq m. A total 25.1 % of the facilities have been let .",neutral,What is the sentiment of this news? Please choose an answer from {negative/neutral/positive}.,"Instruction: What is the sentiment of this news? Please choose an answer from {negative/neutral/positive}.
Input: The floor area of the Yliopistonrinne project will be 7,900 sq m 85,030 sq ft and the building 's gross area will total 12,800 sq m. A total 25.1 % of the facilities have been let .
Answer: ",neutral,neutral
4357,The statutory negotiations at headquarters are part of this decrease .,neutral,What is the sentiment of this news? Please choose an answer from {negative/neutral/positive}.,"Instruction: What is the sentiment of this news? Please choose an answer from {negative/neutral/positive}.
Input: The statutory negotiations at headquarters are part of this decrease .
Answer: ",neutral,neutral
4360,The total number of filling stations has been on the decrease recently .,negative,What is the sentiment of this news? Please choose an answer from {negative/neutral/positive}.,"Instruction: What is the sentiment of this news? Please choose an answer from {negative/neutral/positive}.
Input: The total number of filling stations has been on the decrease recently .
Answer: ",negative,neutral
4363,"Unbelievably , the company that makes them - Fiskars Corporation - was formed in 1649 when a Dutch merchant named Peter Thorwoste was given a charter to establish a blast furnace and forging operation in the small Finnish village of Fiskars .",neutral,What is the sentiment of this news? Please choose an answer from {negative/neutral/positive}.,"Instruction: What is the sentiment of this news? Please choose an answer from {negative/neutral/positive}.
Input: Unbelievably , the company that makes them - Fiskars Corporation - was formed in 1649 when a Dutch merchant named Peter Thorwoste was given a charter to establish a blast furnace and forging operation in the small Finnish village of Fiskars .
Answer: ",neutral,neutral
4364,"We have also cut our price projections for paper and packaging , '' an analyst with Goldman Sachs said on a note on Monday .",negative,What is the sentiment of this news? Please choose an answer from {negative/neutral/positive}.,"Instruction: What is the sentiment of this news? Please choose an answer from {negative/neutral/positive}.
Input: We have also cut our price projections for paper and packaging , '' an analyst with Goldman Sachs said on a note on Monday .
Answer: ",negative,neutral
4365,Why put up costly cell phone towers in thinly populated areas when a few balloons would do ?,neutral,What is the sentiment of this news? Please choose an answer from {negative/neutral/positive}.,"Instruction: What is the sentiment of this news? Please choose an answer from {negative/neutral/positive}.
Input: Why put up costly cell phone towers in thinly populated areas when a few balloons would do ?
Answer: ",neutral,neutral
4373,"20 October 2010 - Finnish environmental management company Lassila & Tikanoja Oyj HEL : LAT1V , or L&T , said Monday it expects its operating profit , excluding non-recurring items , for the whole 2010 to be slightly lower than in 2009 .",negative,What is the sentiment of this news? Please choose an answer from {negative/neutral/positive}.,"Instruction: What is the sentiment of this news? Please choose an answer from {negative/neutral/positive}.
Input: 20 October 2010 - Finnish environmental management company Lassila & Tikanoja Oyj HEL : LAT1V , or L&T , said Monday it expects its operating profit , excluding non-recurring items , for the whole 2010 to be slightly lower than in 2009 .
Answer: ",negative,neutral
4380,Operating profit excluding non-recurring items totaled EUR 5.4 mn compared to EUR 5.5 mn in the corresponding period in 2007 .,negative,What is the sentiment of this news? Please choose an answer from {negative/neutral/positive}.,"Instruction: What is the sentiment of this news? Please choose an answer from {negative/neutral/positive}.
Input: Operating profit excluding non-recurring items totaled EUR 5.4 mn compared to EUR 5.5 mn in the corresponding period in 2007 .
Answer: ",negative,neutral
4381,"Raute reported a loss per share of EUR0 .86 for the first half of 2009 , against EPS of EUR0 .74 in the corresponding period of 2008 .",negative,What is the sentiment of this news? Please choose an answer from {negative/neutral/positive}.,"Instruction: What is the sentiment of this news? Please choose an answer from {negative/neutral/positive}.
Input: Raute reported a loss per share of EUR0 .86 for the first half of 2009 , against EPS of EUR0 .74 in the corresponding period of 2008 .
Answer: ",negative,neutral
4382,The air traffic of Finland has been in stoppage since then .,negative,What is the sentiment of this news? Please choose an answer from {negative/neutral/positive}.,"Instruction: What is the sentiment of this news? Please choose an answer from {negative/neutral/positive}.
Input: The air traffic of Finland has been in stoppage since then .
Answer: ",negative,neutral
4386,A high court in Finland has fined seven local asphalt companies more than   lion ( $ 117 million ) for operating a cartel .,negative,What is the sentiment of this news? Please choose an answer from {negative/neutral/positive}.,"Instruction: What is the sentiment of this news? Please choose an answer from {negative/neutral/positive}.
Input: A high court in Finland has fined seven local asphalt companies more than   lion ( $ 117 million ) for operating a cartel .
Answer: ",negative,neutral
4389,And U.S. energy executives say high steel prices are threatening energy exploration .,negative,What is the sentiment of this news? Please choose an answer from {negative/neutral/positive}.,"Instruction: What is the sentiment of this news? Please choose an answer from {negative/neutral/positive}.
Input: And U.S. energy executives say high steel prices are threatening energy exploration .
Answer: ",negative,neutral
4399,Full-year operating result for 2008 was 3.6 million negative .,negative,What is the sentiment of this news? Please choose an answer from {negative/neutral/positive}.,"Instruction: What is the sentiment of this news? Please choose an answer from {negative/neutral/positive}.
Input: Full-year operating result for 2008 was 3.6 million negative .
Answer: ",negative,neutral
4406,"Many of the commercial vessels had got stuck in the narrow Bay of Bothnia , where the ice is thicker , and around the Aaland islands .",negative,What is the sentiment of this news? Please choose an answer from {negative/neutral/positive}.,"Instruction: What is the sentiment of this news? Please choose an answer from {negative/neutral/positive}.
Input: Many of the commercial vessels had got stuck in the narrow Bay of Bothnia , where the ice is thicker , and around the Aaland islands .
Answer: ",negative,neutral
4413,Okmetic expects its net sales for the first half of 2009 to be less than in 2008 .,negative,What is the sentiment of this news? Please choose an answer from {negative/neutral/positive}.,"Instruction: What is the sentiment of this news? Please choose an answer from {negative/neutral/positive}.
Input: Okmetic expects its net sales for the first half of 2009 to be less than in 2008 .
Answer: ",negative,neutral
4421,Relations with the City have been further damaged by comments from Mr Ashley criticising City investors and analysts as `` cry babies '' .,negative,What is the sentiment of this news? Please choose an answer from {negative/neutral/positive}.,"Instruction: What is the sentiment of this news? Please choose an answer from {negative/neutral/positive}.
Input: Relations with the City have been further damaged by comments from Mr Ashley criticising City investors and analysts as `` cry babies '' .
Answer: ",negative,neutral
4426,"The currency effect had a 3.0 pct , or 20 mln euro ( $ 31.3 mln ) , negative impact on the revenue .",negative,What is the sentiment of this news? Please choose an answer from {negative/neutral/positive}.,"Instruction: What is the sentiment of this news? Please choose an answer from {negative/neutral/positive}.
Input: The currency effect had a 3.0 pct , or 20 mln euro ( $ 31.3 mln ) , negative impact on the revenue .
Answer: ",negative,neutral
4433,"Therefore , the company 's 2005 result will remain weaker than that of 2004 .",negative,What is the sentiment of this news? Please choose an answer from {negative/neutral/positive}.,"Instruction: What is the sentiment of this news? Please choose an answer from {negative/neutral/positive}.
Input: Therefore , the company 's 2005 result will remain weaker than that of 2004 .
Answer: ",negative,neutral
4434,Vaisala 's net profit for the third quarter of 2007 dropped to 3.0 mln euro ( $ 4.3 mln ) from 6.8 mln euro ( $ 9.8 mln ) for the same period of 2006 .,negative,What is the sentiment of this news? Please choose an answer from {negative/neutral/positive}.,"Instruction: What is the sentiment of this news? Please choose an answer from {negative/neutral/positive}.
Input: Vaisala 's net profit for the third quarter of 2007 dropped to 3.0 mln euro ( $ 4.3 mln ) from 6.8 mln euro ( $ 9.8 mln ) for the same period of 2006 .
Answer: ",negative,neutral
4449,Stora Enso 's target has been cut to EUR 4.85 from EUR 5.55 and Holmen 's target -- to SEK 135 from SEK 150 .,negative,What is the sentiment of this news? Please choose an answer from {negative/neutral/positive}.,"Instruction: What is the sentiment of this news? Please choose an answer from {negative/neutral/positive}.
Input: Stora Enso 's target has been cut to EUR 4.85 from EUR 5.55 and Holmen 's target -- to SEK 135 from SEK 150 .
Answer: ",negative,neutral
4452,"The one dark spot on the horizon , however , was the company 's performance in the Finnish bottled water market .",negative,What is the sentiment of this news? Please choose an answer from {negative/neutral/positive}.,"Instruction: What is the sentiment of this news? Please choose an answer from {negative/neutral/positive}.
Input: The one dark spot on the horizon , however , was the company 's performance in the Finnish bottled water market .
Answer: ",negative,neutral
4454,"YIT lodged counter claims against Neste Oil totaling some EUR25m , primarily based on work carried out under the contract and additional costs incurred due to prolongation of the project .",negative,What is the sentiment of this news? Please choose an answer from {negative/neutral/positive}.,"Instruction: What is the sentiment of this news? Please choose an answer from {negative/neutral/positive}.
Input: YIT lodged counter claims against Neste Oil totaling some EUR25m , primarily based on work carried out under the contract and additional costs incurred due to prolongation of the project .
Answer: ",negative,neutral
4462,"The broker highlights Cargotec as its preferred stock in the sector , as it is a pure play on global cargo and container handling , and it expects it to play an active role in further consolidating the industry .",positive,What is the sentiment of this news? Please choose an answer from {negative/neutral/positive}.,"Instruction: What is the sentiment of this news? Please choose an answer from {negative/neutral/positive}.
Input: The broker highlights Cargotec as its preferred stock in the sector , as it is a pure play on global cargo and container handling , and it expects it to play an active role in further consolidating the industry .
Answer: ",positive,neutral
4465,Elcoteq has a proven track record in electronics manufacturing services ( EMS ) and a global factory network coupled with modern manufacturing equipment and consistent systems and processes .,positive,What is the sentiment of this news? Please choose an answer from {negative/neutral/positive}.,"Instruction: What is the sentiment of this news? Please choose an answer from {negative/neutral/positive}.
Input: Elcoteq has a proven track record in electronics manufacturing services ( EMS ) and a global factory network coupled with modern manufacturing equipment and consistent systems and processes .
Answer: ",positive,neutral
4469,"The Nokian tyre proves its high safety excellently in the important driving qualities stability with mark 1.4 , handling 1.5 and braking on wet road with 1.9 .",positive,What is the sentiment of this news? Please choose an answer from {negative/neutral/positive}.,"Instruction: What is the sentiment of this news? Please choose an answer from {negative/neutral/positive}.
Input: The Nokian tyre proves its high safety excellently in the important driving qualities stability with mark 1.4 , handling 1.5 and braking on wet road with 1.9 .
Answer: ",positive,neutral
4474,A comprehensive range of cut-to-length and slitting services will allow Ruukki in particular to serve light engineering customers who relocate their production to the St. Petersburg area .,neutral,What is the sentiment of this news? Please choose an answer from {negative/neutral/positive}.,"Instruction: What is the sentiment of this news? Please choose an answer from {negative/neutral/positive}.
Input: A comprehensive range of cut-to-length and slitting services will allow Ruukki in particular to serve light engineering customers who relocate their production to the St. Petersburg area .
Answer: ",neutral,neutral
4479,"According to Rautaruukki , the company wants to promote the use of emission-free energy sources .",neutral,What is the sentiment of this news? Please choose an answer from {negative/neutral/positive}.,"Instruction: What is the sentiment of this news? Please choose an answer from {negative/neutral/positive}.
Input: According to Rautaruukki , the company wants to promote the use of emission-free energy sources .
Answer: ",neutral,neutral
4488,All Amer Sports companies develop and manufacture technically advanced products that improve the performance of active sports participants .,neutral,What is the sentiment of this news? Please choose an answer from {negative/neutral/positive}.,"Instruction: What is the sentiment of this news? Please choose an answer from {negative/neutral/positive}.
Input: All Amer Sports companies develop and manufacture technically advanced products that improve the performance of active sports participants .
Answer: ",neutral,neutral
4493,"Tim Cockroft brings with him an excellent track record having more than 18 years experience ; moreover , Tim has successfully developed the Capital Markets operations at Kaupthing Singer & Friedlander involving corporate finance and broking with a focus on mid-market companies .",positive,What is the sentiment of this news? Please choose an answer from {negative/neutral/positive}.,"Instruction: What is the sentiment of this news? Please choose an answer from {negative/neutral/positive}.
Input: Tim Cockroft brings with him an excellent track record having more than 18 years experience ; moreover , Tim has successfully developed the Capital Markets operations at Kaupthing Singer & Friedlander involving corporate finance and broking with a focus on mid-market companies .
Answer: ",positive,neutral
4494,The board further said the company omitted to tender for a substantial part of the works and as such they had rightfully been found non-responsive by the evaluation team .,neutral,What is the sentiment of this news? Please choose an answer from {negative/neutral/positive}.,"Instruction: What is the sentiment of this news? Please choose an answer from {negative/neutral/positive}.
Input: The board further said the company omitted to tender for a substantial part of the works and as such they had rightfully been found non-responsive by the evaluation team .
Answer: ",neutral,neutral
4495,"`` After a long , unprofitable period the Food Division posted a profitable result , which speaks of a healthier cost structure and a new approach in business operations , '' Rihko said .",positive,What is the sentiment of this news? Please choose an answer from {negative/neutral/positive}.,"Instruction: What is the sentiment of this news? Please choose an answer from {negative/neutral/positive}.
Input: `` After a long , unprofitable period the Food Division posted a profitable result , which speaks of a healthier cost structure and a new approach in business operations , '' Rihko said .
Answer: ",positive,neutral
4496,"`` While concerns remain longer term , size and scale may enable Nokia to hold on to its newfound margin improvements in the near term , '' the analyst wrote .",positive,What is the sentiment of this news? Please choose an answer from {negative/neutral/positive}.,"Instruction: What is the sentiment of this news? Please choose an answer from {negative/neutral/positive}.
Input: `` While concerns remain longer term , size and scale may enable Nokia to hold on to its newfound margin improvements in the near term , '' the analyst wrote .
Answer: ",positive,neutral
4499,"W+ñrtsil+ñ 's solution has been selected for its low fuel consumption , environmentally sound technology , and global service support .",positive,What is the sentiment of this news? Please choose an answer from {negative/neutral/positive}.,"Instruction: What is the sentiment of this news? Please choose an answer from {negative/neutral/positive}.
Input: W+ñrtsil+ñ 's solution has been selected for its low fuel consumption , environmentally sound technology , and global service support .
Answer: ",positive,neutral
4514,"Rapala VMC Corporation STOCK EXCHANGE RELEASE October 10 , 2008 at 11.45 am Kaupthing Bank Oyj ( `` Kapthing '' ) has informed Rapala VMC Corporation ( `` Rapala '' ) that it has interrupted the liquidity providing for Rapala 's share for the time being .",negative,What is the sentiment of this news? Please choose an answer from {negative/neutral/positive}.,"Instruction: What is the sentiment of this news? Please choose an answer from {negative/neutral/positive}.
Input: Rapala VMC Corporation STOCK EXCHANGE RELEASE October 10 , 2008 at 11.45 am Kaupthing Bank Oyj ( `` Kapthing '' ) has informed Rapala VMC Corporation ( `` Rapala '' ) that it has interrupted the liquidity providing for Rapala 's share for the time being .
Answer: ",negative,neutral
4515,"Steve Jackson , eBusiness Analyst at Satama and former CEO of Aboavista said : `` Google broke the mold when they gave away Google Analytics for free .",neutral,What is the sentiment of this news? Please choose an answer from {negative/neutral/positive}.,"Instruction: What is the sentiment of this news? Please choose an answer from {negative/neutral/positive}.
Input: Steve Jackson , eBusiness Analyst at Satama and former CEO of Aboavista said : `` Google broke the mold when they gave away Google Analytics for free .
Answer: ",neutral,neutral
4517,The negotiations concern 246 salaried and senior salaried employees and are scheduled to be completed in six weeks .,neutral,What is the sentiment of this news? Please choose an answer from {negative/neutral/positive}.,"Instruction: What is the sentiment of this news? Please choose an answer from {negative/neutral/positive}.
Input: The negotiations concern 246 salaried and senior salaried employees and are scheduled to be completed in six weeks .
Answer: ",neutral,neutral
4519,"We offer challenging and interesting employment for over 20,000 people in 20 countries throughout Europe .",neutral,What is the sentiment of this news? Please choose an answer from {negative/neutral/positive}.,"Instruction: What is the sentiment of this news? Please choose an answer from {negative/neutral/positive}.
Input: We offer challenging and interesting employment for over 20,000 people in 20 countries throughout Europe .
Answer: ",neutral,neutral
4525,"In a note to clients published , the Dutch broker described the company 's third quarter results as ` soft ' , although it also noted that Elcoteq retained its guidance , dealers said .",neutral,What is the sentiment of this news? Please choose an answer from {negative/neutral/positive}.,"Instruction: What is the sentiment of this news? Please choose an answer from {negative/neutral/positive}.
Input: In a note to clients published , the Dutch broker described the company 's third quarter results as ` soft ' , although it also noted that Elcoteq retained its guidance , dealers said .
Answer: ",neutral,neutral
4528,"The EB Tough VoIP Field Phone is equipped with an integrated speaker , Ethernet and SHDSL connectivity , and enables several innovative applications .",neutral,What is the sentiment of this news? Please choose an answer from {negative/neutral/positive}.,"Instruction: What is the sentiment of this news? Please choose an answer from {negative/neutral/positive}.
Input: The EB Tough VoIP Field Phone is equipped with an integrated speaker , Ethernet and SHDSL connectivity , and enables several innovative applications .
Answer: ",neutral,neutral
4531,Finnlines estimated in its annual general meeting that 2008 will be financially a tough year due to large investments .,negative,What is the sentiment of this news? Please choose an answer from {negative/neutral/positive}.,"Instruction: What is the sentiment of this news? Please choose an answer from {negative/neutral/positive}.
Input: Finnlines estimated in its annual general meeting that 2008 will be financially a tough year due to large investments .
Answer: ",negative,neutral
4548,He wore a black beanie-type cap and a black jacket .,neutral,What is the sentiment of this news? Please choose an answer from {negative/neutral/positive}.,"Instruction: What is the sentiment of this news? Please choose an answer from {negative/neutral/positive}.
Input: He wore a black beanie-type cap and a black jacket .
Answer: ",neutral,neutral
4551,The total need for staff cuts corresponds to about 300 man-years .,negative,What is the sentiment of this news? Please choose an answer from {negative/neutral/positive}.,"Instruction: What is the sentiment of this news? Please choose an answer from {negative/neutral/positive}.
Input: The total need for staff cuts corresponds to about 300 man-years .
Answer: ",negative,neutral
4555,"HELSINKI Thomson Financial - Shares closed little changed , with Cargotec and Huhtamaki dropping sharply on disappointing second-quarter reports .",negative,What is the sentiment of this news? Please choose an answer from {negative/neutral/positive}.,"Instruction: What is the sentiment of this news? Please choose an answer from {negative/neutral/positive}.
Input: HELSINKI Thomson Financial - Shares closed little changed , with Cargotec and Huhtamaki dropping sharply on disappointing second-quarter reports .
Answer: ",negative,neutral
4565,"Operating result , excluding one-off items , totaled EUR 9.1 mn compared to EUR 10.6 mn in continuing operations , excluding one-off items in 2004 .",negative,What is the sentiment of this news? Please choose an answer from {negative/neutral/positive}.,"Instruction: What is the sentiment of this news? Please choose an answer from {negative/neutral/positive}.
Input: Operating result , excluding one-off items , totaled EUR 9.1 mn compared to EUR 10.6 mn in continuing operations , excluding one-off items in 2004 .
Answer: ",negative,neutral
4585,"Operating profit for the three-month period decreased from EUR1 .65 m while net sales increased from EUR14 .6 m , as compared to the corresponding period in 2005 .",negative,What is the sentiment of this news? Please choose an answer from {negative/neutral/positive}.,"Instruction: What is the sentiment of this news? Please choose an answer from {negative/neutral/positive}.
Input: Operating profit for the three-month period decreased from EUR1 .65 m while net sales increased from EUR14 .6 m , as compared to the corresponding period in 2005 .
Answer: ",negative,neutral
4593,"Operating loss totalled EUR 0.3 mn , down from a profit of EUR 5.1 mn in the first half of 2009 .",negative,What is the sentiment of this news? Please choose an answer from {negative/neutral/positive}.,"Instruction: What is the sentiment of this news? Please choose an answer from {negative/neutral/positive}.
Input: Operating loss totalled EUR 0.3 mn , down from a profit of EUR 5.1 mn in the first half of 2009 .
Answer: ",negative,neutral
4597,"The Finnish national carrier said net loss in April through June was euro26 million , down from a net profit of euro13 million a year earlier .",negative,What is the sentiment of this news? Please choose an answer from {negative/neutral/positive}.,"Instruction: What is the sentiment of this news? Please choose an answer from {negative/neutral/positive}.
Input: The Finnish national carrier said net loss in April through June was euro26 million , down from a net profit of euro13 million a year earlier .
Answer: ",negative,neutral
4598,"It generated an operating loss of EUR 96.3 mn , down from a profit of EUR 43.9 mn .",negative,What is the sentiment of this news? Please choose an answer from {negative/neutral/positive}.,"Instruction: What is the sentiment of this news? Please choose an answer from {negative/neutral/positive}.
Input: It generated an operating loss of EUR 96.3 mn , down from a profit of EUR 43.9 mn .
Answer: ",negative,neutral
4605,"ASPOCOMP GROUP OYJ STOCK EXCHANGE RELEASE December 15 , 2006 at 4:50 PM According to the disclosure received today by Aspocomp Group Oyj , the share of Henrik Nyberg in Aspocomp Group Oyj 's share capital and votes has decreased below 5 percent .",neutral,What is the sentiment of this news? Please choose an answer from {negative/neutral/positive}.,"Instruction: What is the sentiment of this news? Please choose an answer from {negative/neutral/positive}.
Input: ASPOCOMP GROUP OYJ STOCK EXCHANGE RELEASE December 15 , 2006 at 4:50 PM According to the disclosure received today by Aspocomp Group Oyj , the share of Henrik Nyberg in Aspocomp Group Oyj 's share capital and votes has decreased below 5 percent .
Answer: ",neutral,neutral
4632,"The OMX Nordic 40 OMXN40 index , comprising the 40 most traded Nordic stocks on the Nasdaq OMX exchange , closed down 0.87 % at 1,064.14 points on Thursday .",negative,What is the sentiment of this news? Please choose an answer from {negative/neutral/positive}.,"Instruction: What is the sentiment of this news? Please choose an answer from {negative/neutral/positive}.
Input: The OMX Nordic 40 OMXN40 index , comprising the 40 most traded Nordic stocks on the Nasdaq OMX exchange , closed down 0.87 % at 1,064.14 points on Thursday .
Answer: ",negative,neutral
4635,"In Finland , the Bank of +àland reports its operating profit fell to EUR 6.1 mn in the second quarter of 2008 from EUR 7.5 mn in the second quarter of 2007 .",negative,What is the sentiment of this news? Please choose an answer from {negative/neutral/positive}.,"Instruction: What is the sentiment of this news? Please choose an answer from {negative/neutral/positive}.
Input: In Finland , the Bank of +àland reports its operating profit fell to EUR 6.1 mn in the second quarter of 2008 from EUR 7.5 mn in the second quarter of 2007 .
Answer: ",negative,neutral
4636,"Budapest , August 10 MTI - Finnish electronics maker Elcoteq will lay off 700 workers at its plants in Pecs S Hungary at the end of September because of falling orders , communications director for Elcoteq 's local unit , Zoltan Krippl told MTI on Monday .",negative,What is the sentiment of this news? Please choose an answer from {negative/neutral/positive}.,"Instruction: What is the sentiment of this news? Please choose an answer from {negative/neutral/positive}.
Input: Budapest , August 10 MTI - Finnish electronics maker Elcoteq will lay off 700 workers at its plants in Pecs S Hungary at the end of September because of falling orders , communications director for Elcoteq 's local unit , Zoltan Krippl told MTI on Monday .
Answer: ",negative,neutral
4640,"In Q1 of 2009 , Bank of +àland 's net interest income weakened by 10 % to EUR 9.1 mn .",negative,What is the sentiment of this news? Please choose an answer from {negative/neutral/positive}.,"Instruction: What is the sentiment of this news? Please choose an answer from {negative/neutral/positive}.
Input: In Q1 of 2009 , Bank of +àland 's net interest income weakened by 10 % to EUR 9.1 mn .
Answer: ",negative,neutral
4643,Operating profit for continuing operations fell to EUR 48.3 mn from EUR 72.4 mn in the first half of 2007 .,negative,What is the sentiment of this news? Please choose an answer from {negative/neutral/positive}.,"Instruction: What is the sentiment of this news? Please choose an answer from {negative/neutral/positive}.
Input: Operating profit for continuing operations fell to EUR 48.3 mn from EUR 72.4 mn in the first half of 2007 .
Answer: ",negative,neutral
4650,"Finnish electronics contract manufacturer Scanfil reports net sales of EUR 241.2 mn in 2006 , down from EUR 321.6 mn in 2005 .",negative,What is the sentiment of this news? Please choose an answer from {negative/neutral/positive}.,"Instruction: What is the sentiment of this news? Please choose an answer from {negative/neutral/positive}.
Input: Finnish electronics contract manufacturer Scanfil reports net sales of EUR 241.2 mn in 2006 , down from EUR 321.6 mn in 2005 .
Answer: ",negative,neutral
4658,"Finnish Scanfil , a systems supplier and contract manufacturer to the communications sector and the electronics industry , reports its net sales totalled EUR 94.7 mn in the first half of 2010 , down from EUR 99.5 mn in the first half of 2009 .",negative,What is the sentiment of this news? Please choose an answer from {negative/neutral/positive}.,"Instruction: What is the sentiment of this news? Please choose an answer from {negative/neutral/positive}.
Input: Finnish Scanfil , a systems supplier and contract manufacturer to the communications sector and the electronics industry , reports its net sales totalled EUR 94.7 mn in the first half of 2010 , down from EUR 99.5 mn in the first half of 2009 .
Answer: ",negative,neutral
4659,"Finnish Scanfil , a systems supplier and contract manufacturer to the communications sector and the electronics industry , reports net sales of EUR 49.6 mn in the first quarter of 2009 , which are only a per cent smaller than in the corresponding period in 2008 .",negative,What is the sentiment of this news? Please choose an answer from {negative/neutral/positive}.,"Instruction: What is the sentiment of this news? Please choose an answer from {negative/neutral/positive}.
Input: Finnish Scanfil , a systems supplier and contract manufacturer to the communications sector and the electronics industry , reports net sales of EUR 49.6 mn in the first quarter of 2009 , which are only a per cent smaller than in the corresponding period in 2008 .
Answer: ",negative,neutral
4661,"Cargo traffic fell 1 % year-on-year to 8,561 tonnes in September 2009 .",negative,What is the sentiment of this news? Please choose an answer from {negative/neutral/positive}.,"Instruction: What is the sentiment of this news? Please choose an answer from {negative/neutral/positive}.
Input: Cargo traffic fell 1 % year-on-year to 8,561 tonnes in September 2009 .
Answer: ",negative,neutral
4662,"Cash flow after investments amounted to EUR45m , down from EUR46m .",negative,What is the sentiment of this news? Please choose an answer from {negative/neutral/positive}.,"Instruction: What is the sentiment of this news? Please choose an answer from {negative/neutral/positive}.
Input: Cash flow after investments amounted to EUR45m , down from EUR46m .
Answer: ",negative,neutral
4667,Device volume in the area decreased by 21 % to 2.7 mn units .,negative,What is the sentiment of this news? Please choose an answer from {negative/neutral/positive}.,"Instruction: What is the sentiment of this news? Please choose an answer from {negative/neutral/positive}.
Input: Device volume in the area decreased by 21 % to 2.7 mn units .
Answer: ",negative,neutral
4673,"Earnings per share ( EPS ) in the first half of 2007 amounted to EUR0 .29 , down from EUR0 .40 year ago .",negative,What is the sentiment of this news? Please choose an answer from {negative/neutral/positive}.,"Instruction: What is the sentiment of this news? Please choose an answer from {negative/neutral/positive}.
Input: Earnings per share ( EPS ) in the first half of 2007 amounted to EUR0 .29 , down from EUR0 .40 year ago .
Answer: ",negative,neutral
4675,Finnish business software group AffectoGenimap Oyj said its net profit halved to 1.2 mln euro ( $ 1.5 mln ) in the first nine months of 2006 from 2.2 mln euro ( $ 2.8 mln ) in the same period of 2005 .,negative,What is the sentiment of this news? Please choose an answer from {negative/neutral/positive}.,"Instruction: What is the sentiment of this news? Please choose an answer from {negative/neutral/positive}.
Input: Finnish business software group AffectoGenimap Oyj said its net profit halved to 1.2 mln euro ( $ 1.5 mln ) in the first nine months of 2006 from 2.2 mln euro ( $ 2.8 mln ) in the same period of 2005 .
Answer: ",negative,neutral
4678,"Finnish management software solutions provider Ixonos Oyj net profit decreased to 369,000 euro ( $ 575,000 ) for the first quarter of 2008 from 669,000 euro ( $ 1.0 mln ) for the same period of 2007 .",negative,What is the sentiment of this news? Please choose an answer from {negative/neutral/positive}.,"Instruction: What is the sentiment of this news? Please choose an answer from {negative/neutral/positive}.
Input: Finnish management software solutions provider Ixonos Oyj net profit decreased to 369,000 euro ( $ 575,000 ) for the first quarter of 2008 from 669,000 euro ( $ 1.0 mln ) for the same period of 2007 .
Answer: ",negative,neutral
4683,"Insurer Axa ( PAR : CS ) slid by 5.35 % to EUR 14.15 , after Citigroup and ING slashed their targets on the stock .",negative,What is the sentiment of this news? Please choose an answer from {negative/neutral/positive}.,"Instruction: What is the sentiment of this news? Please choose an answer from {negative/neutral/positive}.
Input: Insurer Axa ( PAR : CS ) slid by 5.35 % to EUR 14.15 , after Citigroup and ING slashed their targets on the stock .
Answer: ",negative,neutral
4690,Market share decreased on the route between Helsinki in Finland and Tallinn in Estonia by 0.1 percentage points to 24.8 % .,negative,What is the sentiment of this news? Please choose an answer from {negative/neutral/positive}.,"Instruction: What is the sentiment of this news? Please choose an answer from {negative/neutral/positive}.
Input: Market share decreased on the route between Helsinki in Finland and Tallinn in Estonia by 0.1 percentage points to 24.8 % .
Answer: ",negative,neutral
4694,Net sales decreased to EUR 91.6 mn from EUR 109mn in the corresponding period in 2005 .,negative,What is the sentiment of this news? Please choose an answer from {negative/neutral/positive}.,"Instruction: What is the sentiment of this news? Please choose an answer from {negative/neutral/positive}.
Input: Net sales decreased to EUR 91.6 mn from EUR 109mn in the corresponding period in 2005 .
Answer: ",negative,neutral
4704,Orion 's net profit for the third quarter of 2007 decreased to 36.5 mln euro ( $ 52.1 mln ) from 40.3 mln euro ( $ 57.5 mln ) a year earlier .,negative,What is the sentiment of this news? Please choose an answer from {negative/neutral/positive}.,"Instruction: What is the sentiment of this news? Please choose an answer from {negative/neutral/positive}.
Input: Orion 's net profit for the third quarter of 2007 decreased to 36.5 mln euro ( $ 52.1 mln ) from 40.3 mln euro ( $ 57.5 mln ) a year earlier .
Answer: ",negative,neutral
4716,The company confirmed its estimate for lower revenue for the whole 2009 than the year-ago EUR93 .9 m as given in the interim report on 5 August 2009 .,negative,What is the sentiment of this news? Please choose an answer from {negative/neutral/positive}.,"Instruction: What is the sentiment of this news? Please choose an answer from {negative/neutral/positive}.
Input: The company confirmed its estimate for lower revenue for the whole 2009 than the year-ago EUR93 .9 m as given in the interim report on 5 August 2009 .
Answer: ",negative,neutral
4721,The Group 's order portfolio decreased from EUR 42.9 mn in 9-2007 to EUR 33.3 mn in 2-2008 .,negative,What is the sentiment of this news? Please choose an answer from {negative/neutral/positive}.,"Instruction: What is the sentiment of this news? Please choose an answer from {negative/neutral/positive}.
Input: The Group 's order portfolio decreased from EUR 42.9 mn in 9-2007 to EUR 33.3 mn in 2-2008 .
Answer: ",negative,neutral
4731,Finnish investment group Norvestia Oyj said its net profit fell to 23.5 mln euro $ 30.6 mln in 2006 from 33.5 mln euro $ 43.6 mln in 2005 .,negative,What is the sentiment of this news? Please choose an answer from {negative/neutral/positive}.,"Instruction: What is the sentiment of this news? Please choose an answer from {negative/neutral/positive}.
Input: Finnish investment group Norvestia Oyj said its net profit fell to 23.5 mln euro $ 30.6 mln in 2006 from 33.5 mln euro $ 43.6 mln in 2005 .
Answer: ",negative,neutral
4734,"However , the company saw its net profit for the third quarter down to EUR 1.4 million from EUR 1.5 million for the corresponding period of 2009 .",negative,What is the sentiment of this news? Please choose an answer from {negative/neutral/positive}.,"Instruction: What is the sentiment of this news? Please choose an answer from {negative/neutral/positive}.
Input: However , the company saw its net profit for the third quarter down to EUR 1.4 million from EUR 1.5 million for the corresponding period of 2009 .
Answer: ",negative,neutral
4743,"In the Baltic countries , sales fell by 40.2 % , and in Russia , by 23.2 % in terms of euros , and by 10.7 % in terms of local currency .",negative,What is the sentiment of this news? Please choose an answer from {negative/neutral/positive}.,"Instruction: What is the sentiment of this news? Please choose an answer from {negative/neutral/positive}.
Input: In the Baltic countries , sales fell by 40.2 % , and in Russia , by 23.2 % in terms of euros , and by 10.7 % in terms of local currency .
Answer: ",negative,neutral
4744,"In the Baltic countries , sales fell by 42.6 % .",negative,What is the sentiment of this news? Please choose an answer from {negative/neutral/positive}.,"Instruction: What is the sentiment of this news? Please choose an answer from {negative/neutral/positive}.
Input: In the Baltic countries , sales fell by 42.6 % .
Answer: ",negative,neutral
4748,"Operating profit decreased to nearly EUR 1.7 mn , however .",negative,What is the sentiment of this news? Please choose an answer from {negative/neutral/positive}.,"Instruction: What is the sentiment of this news? Please choose an answer from {negative/neutral/positive}.
Input: Operating profit decreased to nearly EUR 1.7 mn , however .
Answer: ",negative,neutral
4755,"Operating profit totalled EUR 30.2 mn , down from EUR 43.8 mn a year earlier .",negative,What is the sentiment of this news? Please choose an answer from {negative/neutral/positive}.,"Instruction: What is the sentiment of this news? Please choose an answer from {negative/neutral/positive}.
Input: Operating profit totalled EUR 30.2 mn , down from EUR 43.8 mn a year earlier .
Answer: ",negative,neutral
4760,"Revenue was slightly down , at  x20ac 495 million $ 634 million , compared to  x20ac 497 million a year earlier .",negative,What is the sentiment of this news? Please choose an answer from {negative/neutral/positive}.,"Instruction: What is the sentiment of this news? Please choose an answer from {negative/neutral/positive}.
Input: Revenue was slightly down , at  x20ac 495 million $ 634 million , compared to  x20ac 497 million a year earlier .
Answer: ",negative,neutral
4763,Talentum 's net sales in September were smaller than expected .,negative,What is the sentiment of this news? Please choose an answer from {negative/neutral/positive}.,"Instruction: What is the sentiment of this news? Please choose an answer from {negative/neutral/positive}.
Input: Talentum 's net sales in September were smaller than expected .
Answer: ",negative,neutral
4769,The terms of the aforementioned funding are considerably below the Bank 's current CDS levels in the market and have a maturity ranging from 1 to 7.5 years .,negative,What is the sentiment of this news? Please choose an answer from {negative/neutral/positive}.,"Instruction: What is the sentiment of this news? Please choose an answer from {negative/neutral/positive}.
Input: The terms of the aforementioned funding are considerably below the Bank 's current CDS levels in the market and have a maturity ranging from 1 to 7.5 years .
Answer: ",negative,neutral
4776,"The share issue , derogating from the pre-emptive right of the shareholders and comprising some six million new shares at market price , will be offered for subscription by shareholders , holders of capital notes and by professional clients .",neutral,What is the sentiment of this news? Please choose an answer from {negative/neutral/positive}.,"Instruction: What is the sentiment of this news? Please choose an answer from {negative/neutral/positive}.
Input: The share issue , derogating from the pre-emptive right of the shareholders and comprising some six million new shares at market price , will be offered for subscription by shareholders , holders of capital notes and by professional clients .
Answer: ",neutral,neutral
4782,"- Demand for fireplace products was lower than expected , especially in Germany .",negative,What is the sentiment of this news? Please choose an answer from {negative/neutral/positive}.,"Instruction: What is the sentiment of this news? Please choose an answer from {negative/neutral/positive}.
Input: - Demand for fireplace products was lower than expected , especially in Germany .
Answer: ",negative,neutral
4783,"Currently , the company foresees its pre-tax profit to remain below the 2009 level when it reached EUR 700,000 USD 934,000 , compared with previous projections of a slightly better pre-tax profit .",negative,What is the sentiment of this news? Please choose an answer from {negative/neutral/positive}.,"Instruction: What is the sentiment of this news? Please choose an answer from {negative/neutral/positive}.
Input: Currently , the company foresees its pre-tax profit to remain below the 2009 level when it reached EUR 700,000 USD 934,000 , compared with previous projections of a slightly better pre-tax profit .
Answer: ",negative,neutral
4793,"Finnish Suominen Corporation that makes wipes , nonwovens , and flexible packaging , expects changes in the market situation to reduce sales of Suominen 's nonwovens and wet wipes from the previously estimated volumes .",negative,What is the sentiment of this news? Please choose an answer from {negative/neutral/positive}.,"Instruction: What is the sentiment of this news? Please choose an answer from {negative/neutral/positive}.
Input: Finnish Suominen Corporation that makes wipes , nonwovens , and flexible packaging , expects changes in the market situation to reduce sales of Suominen 's nonwovens and wet wipes from the previously estimated volumes .
Answer: ",negative,neutral
4794,The hull of the vessel was built one block at a time and Ruukki delivered the plate material for each block as construction progressed .,neutral,What is the sentiment of this news? Please choose an answer from {negative/neutral/positive}.,"Instruction: What is the sentiment of this news? Please choose an answer from {negative/neutral/positive}.
Input: The hull of the vessel was built one block at a time and Ruukki delivered the plate material for each block as construction progressed .
Answer: ",neutral,neutral
4796,Sales at the unit slumped last year after the industry was hit by poor snowfall in the major resorts in the winter of 2006-07 .,negative,What is the sentiment of this news? Please choose an answer from {negative/neutral/positive}.,"Instruction: What is the sentiment of this news? Please choose an answer from {negative/neutral/positive}.
Input: Sales at the unit slumped last year after the industry was hit by poor snowfall in the major resorts in the winter of 2006-07 .
Answer: ",negative,neutral
4797,"The steelmaker said that the drop in profit was explained by the continuing economic uncertainty , mixed with the current drought in bank lending , resulting in a decline in demand for its products as customers find it increasingly difficult to fund operations .",negative,What is the sentiment of this news? Please choose an answer from {negative/neutral/positive}.,"Instruction: What is the sentiment of this news? Please choose an answer from {negative/neutral/positive}.
Input: The steelmaker said that the drop in profit was explained by the continuing economic uncertainty , mixed with the current drought in bank lending , resulting in a decline in demand for its products as customers find it increasingly difficult to fund operations .
Answer: ",negative,neutral
4800,`` Operating profit declined mainly due to the increased cost of wood and recycled fiber and the strengthened euro . '',negative,What is the sentiment of this news? Please choose an answer from {negative/neutral/positive}.,"Instruction: What is the sentiment of this news? Please choose an answer from {negative/neutral/positive}.
Input: `` Operating profit declined mainly due to the increased cost of wood and recycled fiber and the strengthened euro . ''
Answer: ",negative,neutral
4802,"The manager is critical of politicians ' failure to differentiate between beleaguered European financial institutions and Skandinavian banks , `` which sailed through the crisis without issues '' .",neutral,What is the sentiment of this news? Please choose an answer from {negative/neutral/positive}.,"Instruction: What is the sentiment of this news? Please choose an answer from {negative/neutral/positive}.
Input: The manager is critical of politicians ' failure to differentiate between beleaguered European financial institutions and Skandinavian banks , `` which sailed through the crisis without issues '' .
Answer: ",neutral,neutral
4807,The winner does not have to be present to win .,neutral,What is the sentiment of this news? Please choose an answer from {negative/neutral/positive}.,"Instruction: What is the sentiment of this news? Please choose an answer from {negative/neutral/positive}.
Input: The winner does not have to be present to win .
Answer: ",neutral,neutral
4818,Finnish-Swedish Stora Enso does not understand the decision issued by a federal judge in Brazil concerning Stora Enso 's associated pulp company Veracel .,negative,What is the sentiment of this news? Please choose an answer from {negative/neutral/positive}.,"Instruction: What is the sentiment of this news? Please choose an answer from {negative/neutral/positive}.
Input: Finnish-Swedish Stora Enso does not understand the decision issued by a federal judge in Brazil concerning Stora Enso 's associated pulp company Veracel .
Answer: ",negative,neutral
4831,Repeats sees 2008 operating profit down y-y ( Reporting by Helsinki Newsroom ) Keywords : TECNOMEN-RESULTS,negative,What is the sentiment of this news? Please choose an answer from {negative/neutral/positive}.,"Instruction: What is the sentiment of this news? Please choose an answer from {negative/neutral/positive}.
Input: Repeats sees 2008 operating profit down y-y ( Reporting by Helsinki Newsroom ) Keywords : TECNOMEN-RESULTS
Answer: ",negative,neutral
4832,"Comparable operating profit totaled EUR 4.7 mn , down from EUR 5.1 mn in the corresponding period in 2005 , representing 7.4 % of net sales .",negative,What is the sentiment of this news? Please choose an answer from {negative/neutral/positive}.,"Instruction: What is the sentiment of this news? Please choose an answer from {negative/neutral/positive}.
Input: Comparable operating profit totaled EUR 4.7 mn , down from EUR 5.1 mn in the corresponding period in 2005 , representing 7.4 % of net sales .
Answer: ",negative,neutral
4838,The company said that its comparable operating profit for the January-June period fell short of last year 's corresponding performance .,negative,What is the sentiment of this news? Please choose an answer from {negative/neutral/positive}.,"Instruction: What is the sentiment of this news? Please choose an answer from {negative/neutral/positive}.
Input: The company said that its comparable operating profit for the January-June period fell short of last year 's corresponding performance .
Answer: ",negative,neutral
4840,"HELSINKI Thomson Financial - Shares in Cargotec fell sharply in early afternoon trade after the cargo handling group posted a surprise drop in April-June profits , which overshadowed the large number of new orders received during the three months .",negative,What is the sentiment of this news? Please choose an answer from {negative/neutral/positive}.,"Instruction: What is the sentiment of this news? Please choose an answer from {negative/neutral/positive}.
Input: HELSINKI Thomson Financial - Shares in Cargotec fell sharply in early afternoon trade after the cargo handling group posted a surprise drop in April-June profits , which overshadowed the large number of new orders received during the three months .
Answer: ",negative,neutral
