input,output,instruction
"甲公司在非同一控制下企业合并中取得10台生产设备，合并日以公允价值计量这些生产设备。甲公司可以进入X市场或Y市场出售这些生产设备，合并日相同生产设备每台交易价格分别为180万元和175万元。如果甲公司在X市场出售这些合并中取得的生产设备，需要支付相关交易费用100万元，将这些生产设备运到X市场需要支付运费60万元。如果甲公司在Y市场出售这些合并中取得的生产设备，需要支付相关交易费用80万元，将这些生产设备运到Y市场需要支付运费20万元。假定上述生产设备不存在主要市场，不考虑增值税及其他因素，甲公司上述生产设备的公允价值总额是____。
A. 1640万元
B. 1650万元
C. 1730万元
D. 1740万元
",C. 1730万元,以下是中国关于会计考试的单项选择题，请选出其中的正确答案。
"根据《证券投资基金运作管理办法》的规定，封闭式基金收益分配应____。
A. 收益分配比例不得低于年度已实现收益的90$\%$
B. 每年不得多于一次
C. 收益分配比例不得低于年度已实现收益的30$\%$
D. 每年不得少于一次
",D. 每年不得少于一次,以下是中国关于基金从业资格证考试的单项选择题，请选出其中的正确答案。
"假设中、美两国货币即期汇率为1美元兑换6元人民币，中国一年期利率为5$\%$，美国-年期利率为6$\%$。根据利率平价理论，中、美两国货币的一年期远期汇率应为____。
A. 1美元兑换5元人民币
B. 1美元兑换7.2元人民币
C. 1美元兑换5.943元人民币
D. 1美元兑换6.057元人民币
",C. 1美元兑换5.943元人民币,以下是中国关于国际经济学考试的单项选择题，请选出其中的正确答案。
"研究社会资本再生产的出发点是____。
A. 货币资本
B. 生产资本
C. 流通资本
D. 社会总产品
",D. 社会总产品,以下是中国关于政治经济学考试的单项选择题，请选出其中的正确答案。
"假设某不付红利股票价格服从几何布朗运动，其预期年收益率为16$\%$，年波动率为30$\%$，该股票当天收盘价为50元。第二天收盘时的预期价格为____。
A. 51
B. 50.022
C. 51.022
D. 52.022
",B. 50.022,以下是中国关于金融工程学考试的单项选择题，请选出其中的正确答案。
"在简化的分批法下，累计间接费用分配率____。
A. 只是在各批产品之间分配间接费用的依据
B. 只是在各批在产品之间分配间接费用的依据
C. 只是完工产品与在产品之间分配间接费用的依据
D. 既是各批产品之间，也是完工产品与在产品之间分配间接费用的依据
",D. 既是各批产品之间，也是完工产品与在产品之间分配间接费用的依据,以下是中国关于成本会计学考试的单项选择题，请选出其中的正确答案。
"按照国际收支平衡表的设定原则，以下哪一项交易不应被计入中国资本与金融账户交易____。
A. 苹果公司在深圳的直接投资
B. 中国QDII投资者投资美国上市公司的股票分红
C. 股票和债务凭证的投资交易
D. 短期和长期贸易贷款
",B. 中国QDII投资者投资美国上市公司的股票分红,以下是中国关于国际经济学考试的单项选择题，请选出其中的正确答案。
"下列资源中，属于我国资源税的应税资源有____。
A. 森林资源
B. 矿产资源
C. 水力资源
D. 土地资源
",B. 矿产资源,以下是中国关于财政学考试的单项选择题，请选出其中的正确答案。
"建筑物火灾保险费率厘订方法一般有____。
A. 分类法
B. 表定法
C. 经验法
D. 分析法
",A. 分类法,以下是中国关于保险学考试的单项选择题，请选出其中的正确答案。
"以下哪一项不属于分子策略____。
A. 敏感度分析
B. 情景分析
C. 盈亏平衡点分析
D. 比照公司估计法
",D. 比照公司估计法,以下是中国关于公司金融学考试的单项选择题，请选出其中的正确答案。
"关于可转换债券，下列描述错误的是____。
A. 可转换债券是指公司债券附加可转换条款，赋予债券持有人按预先确定的比例（转换比率）转换为该公司普通股的选择权
B. 大部分可转换债券是没有抵押的低等级债券，并且常由风险较大的小型公司所发行的
C. 发行可转换债券的公司筹措债务资本的能力较低，使用可转换债券的方式将增强对投资者的吸引力
D. 可转换债券不能被发行公司提前赎回
",D. 可转换债券不能被发行公司提前赎回,以下是中国关于金融学考试的单项选择题，请选出其中的正确答案。
"1972年5月，芝加哥商业交易所(CME)推出____交易。
A. 股指期货
B. 利率期货
C. 股票期货
D. 外汇期货
",D. 外汇期货,以下是中国关于期货从业资格证考试的单项选择题，请选出其中的正确答案。
"下列各项业务中，不征收增值税的是____。
A. 德国某公司转让专利权供我国A公司在德国和我国使用
B. 航空运输企业无偿为关联企业提供的航空运输服务
C. 航空运输企业已售票但未提供航空运输服务取得的逾期票证收入
D. 航空运输企业根据国家指令以公益活动为目的无偿提供的航空运输服务
",D. 航空运输企业根据国家指令以公益活动为目的无偿提供的航空运输服务,以下是中国关于税法考试的单项选择题，请选出其中的正确答案。
"一台旧设备账面价值为30000元，变现价值为32000元，企业打算继续使用该设备，但由于物价上涨，估计需要增加经营性流动资产5000元，增加经营性流动负债2000元，假设所得税税率为25$\%$，则继续使用该旧设备的初始现金流出量为____。
A. 32200元
B. 33800元
C. 34500元
D. 35800元
",C. 34500元,以下是中国关于公司金融学考试的单项选择题，请选出其中的正确答案。
"甲公司为制造企业，其在日常经营活动中发生的下列费用或损失，应当计入存货成本的是____。
A. 仓库保管人员的工资
B. 季节性停工期间发生的制造费用
C. 未使用管理用固定资产计提的折旧
D. 采购运输过程中因自然灾害发生的损失
",B. 季节性停工期间发生的制造费用,以下是中国关于管理会计学考试的单项选择题，请选出其中的正确答案。
"货物运输合同计征印花税的计税依据是____。
A. 运费收入
B. 运费收入加保险费
C. 运费收入加装卸费
D. 运费收入加所运货物金额
",A. 运费收入,以下是中国关于注册会计师考试的单项选择题，请选出其中的正确答案。
"某公司第一年的销售收入为100万元，销售成本比率为40$\%$；第二年的销售收入为200万元，销售成本比率为50$\%$，则销售成本比率的增加消耗掉了____万元的现金。
A. 60
B. 50
C. 40
D. 20
",D. 20,以下是中国关于银行从业资格证考试的单项选择题，请选出其中的正确答案。
"下列清算财产作价的方法中，适用于清算企业的整体财产或某些特殊资产的是____。
A. 收益现值法
B. 重估价值法
C. 变现收入法
D. 账面价值法
",A. 收益现值法,以下是中国关于管理会计学考试的单项选择题，请选出其中的正确答案。
"根据“蒙代尔政策搭配理论”,当一国国际收支出现顺差、国内通货膨胀严重时,合理的政策选择为____。
A. 扩张性货币政策和紧缩性财政政策
B. 扩张性财政货币政策和货币升值
C. 紧缩性财政货币政策和货币贬值
D. 紧缩性货币政策和扩张性财政政策
",A. 扩张性货币政策和紧缩性财政政策,以下是中国关于中央银行学考试的单项选择题，请选出其中的正确答案。
"7年期的面值债券，票面利率9$\%$，修正久期是____。
A. 7年
B. 5.49年
C. 5.03年
D. 4.87年
",C. 5.03年,以下是中国关于投资学考试的单项选择题，请选出其中的正确答案。
"如果某一时期GDP不断上升，那么____。
A. 净投资大于0
B. 重置投资小于0
C. 总投资小于0
D. 以上都不对
",A. 净投资大于0,以下是中国关于宏观经济学考试的单项选择题，请选出其中的正确答案。
"甲公司2020年年初房产原值为8000万元，3月与乙公司签订租赁合同，约定自2020年4月起将原值500万元房产租赁给乙公司，租期3年，月租金2万元，2020年4～6月为免租使用期间。甲公司所在地计算房产税余值减除比例为30$\%$，甲公司2020年度应缴纳的房产税为____。（不考虑增值税的影响）
A. 65.49元
B. 66.21元
C. 66.54元
D. 67.26元
",C. 66.54元,以下是中国关于税法考试的单项选择题，请选出其中的正确答案。
"牙买加体系与布雷顿森林体系的区别不包括____。
A. 黄金非货币化
B. 储备货币多样化
C. 汇率制度多样化
D. 国际收支调节单一化
",D. 国际收支调节单一化,以下是中国关于国际金融学考试的单项选择题，请选出其中的正确答案。
"下列关于收入确认时间的说法中，不正确的是____。
A. 股息、红利等权益性投资收益，除另有规定外，按照被投资方作出利润分配决定的日期确认收入的实现
B. 利息收入，按照合同约定的债务人应付利息的日期确认收入的实现
C. 特许权使用费收入，按照收到特许权使用费的日期确认收入的实现
D. 接受捐赠收入，按照实际收到捐赠资产的日期确认收入的实现
",C. 特许权使用费收入，按照收到特许权使用费的日期确认收入的实现,以下是中国关于税法考试的单项选择题，请选出其中的正确答案。
"银行分析利率上涨100个基点对交易账户市值的影响属于____。
A. 敏感性测试
B. 情景分析
C. 情景测试
D. 敏感性分析
",A. 敏感性测试,以下是中国关于银行从业资格证考试的单项选择题，请选出其中的正确答案。
"股权投资基金的服务机构主要包括____、会计师事务所等。
A. 基金托管机构
B. 基金销售机构
C. 律师事务所
D. 以上都是
",D. 以上都是,以下是中国关于基金从业资格证考试的单项选择题，请选出其中的正确答案。
"汇率变化与资本流动的关系不包括____。
A. 汇率变动对长期资本的影响较小
B. 本币汇率大幅度贬值会引起资本外逃
C. 汇率升值会引起短期资本流入
D. 汇率升值会引起短期资本流出
",D. 汇率升值会引起短期资本流出,以下是中国关于国际金融学考试的单项选择题，请选出其中的正确答案。
"原保险人与再保险人签订溢额再保险合同，原保险人对每一风险单位的自留额为60万元，再保险人的分保额是240万元。现在发生以下赔案：风险A的保险金额为50万元，赔款30万元；风险B的保险金额为180万元，赔款90万元；风险C的保险金额为300万元，赔款120万元。则再保险人在上述赔案中应支付的赔款分别为____万元。
A. 0，30，60
B. 30，60，96
C. 0，60，90
D. 0，60，96
",D. 0，60，96,以下是中国关于中国精算师考试的单项选择题，请选出其中的正确答案。
"目前，我国实施的人民币汇率制度是____。
A. 固定汇率制
B. 弹性汇率制
C. 钉住汇率制
D. 管理浮动汇率制
",D. 管理浮动汇率制,以下是中国关于金融学考试的单项选择题，请选出其中的正确答案。
"某公司成功推出新产品的概率是20$\%$，则200个新产品推出的过程中成功个数的标准差为____，假设服从二项分布。
A. 1.3654
B. 4.8596
C. 5.6569
D. 9.6569
",C. 5.6569,以下是中国关于中国精算师考试的单项选择题，请选出其中的正确答案。
"内部结算价格中，成功的什么依赖于一个某种形式的外部市场，使“买”、“卖”双方可以自由地选择接受或拒绝某一价格。并且在双方矛盾无法解决时，企业高级管理层要进行必要的干预____。
A. 市场价格
B. 协商价格
C. 双重内部结算价格
D. 成本价
",B. 协商价格,以下是中国关于成本会计学考试的单项选择题，请选出其中的正确答案。
"金融企业会计的主要特点不包括____。
A. 核算方法的独特性
B. 监督的政策性
C. 风险管理的严格性
D. 核算内容的社会性
",C. 风险管理的严格性,以下是中国关于银行从业资格证考试的单项选择题，请选出其中的正确答案。
"兴旺集团在行政管理方面，奉行的基本原则是灵活性，即在大量分散的单位和目标之间调度和协调资源;在工程技术问题上，常常开发机械化程度很低和例外性的多种技术和标准技术来避免长期陷于单一的技术过程。根据上述信息，兴旺集团采用的组织的战略类型是____。
A. 防御型战略组织
B. 开拓型战略组织
C. 分析型战略组织
D. 反应型战略组织
",B. 开拓型战略组织,以下是中国关于公司战略与风险管理考试的单项选择题，请选出其中的正确答案。
"我国企业对境外经营的财务报表进行折算时，产生的外币报表折算差额应当____。
A. 作为递延收益列示
B. 在相关资产类项目下列示
C. 在相关负债类项目下列示
D. 在所有者权益项目下单独列示
",D. 在所有者权益项目下单独列示,以下是中国关于高级财务会计考试的单项选择题，请选出其中的正确答案。
"某投资公司持有的证券组合在置信度为95$\%$证券市场正常波动情况下的日VaR值为500万元。其含义是指____。
A. 该公司的证券组合在一天内由于市场价格变化而带来的最大损失超过500万元的概率为5$\%$
B. 有95$\%$的把握保证该投资公司在下一个交易日内的损失在500万元以上
C. 该公司的证券组合在一天内由于市场价格变化而带来的最大损失超过500万元的概率为95$\%$
D. 有5$\%$的把握保证该投资公司在下一个交易日内的损失在500万元以内
",A. 该公司的证券组合在一天内由于市场价格变化而带来的最大损失超过500万元的概率为5$\%$,以下是中国关于期货从业资格证考试的单项选择题，请选出其中的正确答案。
"某些女性在收入比较低时购买杏仁蜜作为化妆品，而在收入提高时，则去购买欧莱雅，杏仁蜜对这些人来说是____。
A. 吉芬商品
B. 低档商品
C. 正常商品
D. 生活必需品
",B. 低档商品,以下是中国关于微观经济学考试的单项选择题，请选出其中的正确答案。
"技术分析中，波浪理论是由____提出的。
A. 索罗斯
B. 菲波纳奇
C. 艾略特
D. 道·琼斯
",C. 艾略特,以下是中国关于期货从业资格证考试的单项选择题，请选出其中的正确答案。
"考虑所得税影响时，项目采用加速折旧法计提折旧，计算出来的方案净现值比采用直线法计提折旧计算出来的净现值____。
A. 大
B. 小
C. 一样
D. 不能确定
",A. 大,以下是中国关于公司金融学考试的单项选择题，请选出其中的正确答案。
"资产证券化是指将资产转化为证券的过程，以下哪种情况不适合进行资产证券化____。
A. 个人住房贷款组合
B. 小微企业应收账款
C. 政府债券
D. 股票投资组合
",C. 政府债券,以下是中国关于金融市场学考试的单项选择题，请选出其中的正确答案。
"下列各项关于非营利组织会计处理的表述中，正确的是____。
A. 捐赠收入于捐赠方作出书面承诺时确认
B. 接受的劳务捐赠按照公允价值确认捐赠收入
C. 如果捐赠方没有提供有关凭证，受赠的非现金资产按照名义价值入账
D. 收到受托代理资产时确认受托代理资产，同时确认受托代理负债
",D. 收到受托代理资产时确认受托代理资产，同时确认受托代理负债,以下是中国关于会计考试的单项选择题，请选出其中的正确答案。
"确定证券价格的条件除了需要知道市场上的必要的合理预期收益率，还需要知道____。
A. 该证券的票面价值
B. 该证券的票面利率
C. 该证券的到期限期
D. 该证券的预期现金流量
",D. 该证券的预期现金流量,以下是中国关于金融市场学考试的单项选择题，请选出其中的正确答案。
"在货币与经济周期的关系中，若货币数量不变动，同一经济体内的经济状况是繁荣还是萧条，一般与____变化有关。
A. 利率
B. 收入
C. 货币流通速度
D. 都不是
",C. 货币流通速度,以下是中国关于货币金融学考试的单项选择题，请选出其中的正确答案。
"根据《商业银行资本管理办法(试行)》，下列关于商业银行第二支柱建设的描述，最不恰当的____。
A. 银行需要审慎评估各类风险、资本充足水平和资本质量，制定资本规划和资本充足率管理计划
B. 银行需要建立完善的风险管理框架和稳健的内部资本充足评估程序
C. 银行应将内部资本充足评估程序作为内部管理和决策的组成部分
D. 内部资本充足评估程序应至少每三年实施一次
",D. 内部资本充足评估程序应至少每三年实施一次,以下是中国关于银行从业资格证考试的单项选择题，请选出其中的正确答案。
"下列各项中，不属于贷款合同的制定原则的是____。
A. 不冲突原则
B. 适宜相容原则
C. 维权原则
D. 非歧视原则
",D. 非歧视原则,以下是中国关于银行从业资格证考试的单项选择题，请选出其中的正确答案。
"我国的保险监管部门是____。
A. 人民银行
B. 国务院
C. 保险监督管理委员会
D. 证券监督管理委员会
",C. 保险监督管理委员会,以下是中国关于保险学考试的单项选择题，请选出其中的正确答案。
"汇率行情如下：伦敦市场1英镑=42美元，纽约市场1美元=58加元，多 伦多市场100英镑=220加元，如果一个投机者投入100万英镑套汇，那么____。
A. 有套汇机会,获利98万英镑
B. 有套汇机会,获利98万美元
C. 有套汇机会,获利98万加元
D. 无套汇机会，获利为零
","A. 有套汇机会,获利98万英镑",以下是中国关于货币金融学考试的单项选择题，请选出其中的正确答案。
"下列不属于上市公司披露信息的内容是____。
A. 上市公告书
B. 招股说明书
C. 年度报告
D. 公司管理办法
",D. 公司管理办法,以下是中国关于管理会计学考试的单项选择题，请选出其中的正确答案。
"一个利润最大化厂商在亏损的情况下依然生产，此时产品价格为100元/单位，则____。
A. 平均总成本小于100
B. 平均固定成本小于100
C. 边际产量增加
D. 平均可变成本小于100
",D. 平均可变成本小于100,以下是中国关于微观经济学考试的单项选择题，请选出其中的正确答案。
"如果公司的目标是最小化投资组合风险，则最优战略包含____。
A. 低贝塔值且回报高度相关的投资
B. 高贝塔值且回报相关性较低的投资
C. 高贝塔值的多样化投资
D. 低贝塔值的多样化投资
",D. 低贝塔值的多样化投资,以下是中国关于管理会计师考试的单项选择题，请选出其中的正确答案。
"琦澳公司的息税前收益(EBIT)的期望值为600万元，如果该公司不负债，其价值($V_u$)为2000万元。已知公司所得税税率为40$\%$，债务成本为10$\%$，如果该公司借入其价值总额50$\%$的债务，即使其资本结构(D/E)＝1，利用MM命题,计算该公司在不负债时的权益资本成本为____。
A. 0.18
B. 0.228
C. 0.144
D. 0.2
",A. 0.18,以下是中国关于金融市场学考试的单项选择题，请选出其中的正确答案。
"下列关于结算机构的说法，不正确的是____。
A. 目前，我国期货结算机构是交易所的一个内部机构
B. 结算机构通常采用分级结算制度，只有结算机构的会员才能直接得到结算机构提供的服务
C. 在国外，期货交易所会员未必同时是结算机构会员
D. 结算机构的全员结算制度，能够形成多层次的风险控制体系，保证期货交易的安全性
",D. 结算机构的全员结算制度，能够形成多层次的风险控制体系，保证期货交易的安全性,以下是中国关于期货从业资格证考试的单项选择题，请选出其中的正确答案。
"在期货市场中，交割是指按照合约规定的条件交付____。
A. 标的物
B. 保证金
C. 手续费
D. 交易所
",A. 标的物,以下是中国关于期货从业资格证考试的单项选择题，请选出其中的正确答案。
"在对甲公司营业收入的发生认定进行审计时，注册会计师获取的下列审计证据中，可靠性最强的是____。
A. 甲公司与购货方签订的合同
B. 注册会计师向购货方函证的回函
C. 甲公司产品销售的出库凭证
D. 甲公司管理层提供的书面声明
",B. 注册会计师向购货方函证的回函,以下是中国关于审计学考试的单项选择题，请选出其中的正确答案。
"甲公司目前存在融资需求。如果采用优序融资理论，管理层应当选择的融资顺序是____。
A. 内部留存收益、公开增发新股、发行公司债券、发行可转换债券
B. 内部留存收益、公开增发新股、发行可转换债券、发行公司债券
C. 内部留存收益、发行公司债券、发行可转换债券、公开增发新股
D. 内部留存收益、发行可转换债券、发行公司债券、公开增发新股
",C. 内部留存收益、发行公司债券、发行可转换债券、公开增发新股,以下是中国关于财务管理学考试的单项选择题，请选出其中的正确答案。
"卢卡斯在理性预期一般均衡模型中，成功地解释了货币的____。
A. 短期中性
B. 短期非中性
C. 中期中性
D. 长期非中性
",B. 短期非中性,以下是中国关于货币金融学考试的单项选择题，请选出其中的正确答案。
"证券交易所发布的股票价格指数所采用的计算方法通常采用的是____。
A. 算术平均法
B. 综合平均法
C. 加权平均法
D. 加权几何平均法
",C. 加权平均法,以下是中国关于投资学考试的单项选择题，请选出其中的正确答案。
"下列有关统计抽样和非统计抽样的共同点的说法中，错误的是____。
A. 统计抽样和非统计抽样都能客观计量抽样风险
B. 统计抽样和非统计抽样都难以量化非抽样风险
C. 统计抽样和非统计抽样都需要注册会计师运用职业判断
D. 如果设计得当，非统计抽样能够提供与统计抽样同样有效的结果
",A. 统计抽样和非统计抽样都能客观计量抽样风险,以下是中国关于注册会计师考试的单项选择题，请选出其中的正确答案。
"甲企业即将执行国际化发展战略，欲在A国、B国建立分支机构负责当地的事务，开辟新的销售区域。但由于现有结构已无法满足企业开拓的需求，因此需要对其进行调整。下列适合甲企业的组织结构是____。
A. 区域事业部制结构
B. 产品事业部制结构
C. 客户事业部制结构
D. M型企业组织结构
",A. 区域事业部制结构,以下是中国关于公司战略与风险管理考试的单项选择题，请选出其中的正确答案。
"下列关于目前个人住房贷款特点的表述，错误的是____。
A. 风险具有非系统性特点
B. 大多以抵押为前提建立借贷关系
C. 贷款期限长
D. 贷款金额较大
",A. 风险具有非系统性特点,以下是中国关于银行从业资格证考试的单项选择题，请选出其中的正确答案。
"当中央银行进行下列货币政策操作时，能够引起货币供应量减少的是____。
A. 中央银行买进债券
B. 降低法定存款准备金率
C. 降低再贴现率
D. 提高法定存款准备金率
",D. 提高法定存款准备金率,以下是中国关于银行从业资格证考试的单项选择题，请选出其中的正确答案。
"A国边际进口倾向为0.2，边际储蓄倾向为0.5，2008年该国出口增加100亿美元。为了维持国际收支平衡，该国应该____。
A. 增加投资40亿美元
B. 增加投资250亿美元
C. 减少投资40亿美元
D. 减少投资250亿美元
",B. 增加投资250亿美元,以下是中国关于国际经济学考试的单项选择题，请选出其中的正确答案。
"某股份有限公司于2014年1月1日发行3年期，每年1月1日付息、到期一次还本的公司债券，债券面值为200万元，票面年利率为5$\%$，实际利率为6$\%$，发行价格为194.65万元。按实际利率法确认利息费用。该债券2015年度确认的利息费用为____万元。
A. 11.78
B. 12
C. 10
D. 11.68
",A. 11.78,以下是中国关于会计考试的单项选择题，请选出其中的正确答案。
"在面临下面____冲击的时候，中国采取固定汇率制能够比浮动汇率制更好地起到稳定经济的作用。
A. 美国发生金融危机导致出口需求萎缩
B. 澳大利亚减少铁矿石产量，导致铁矿石进口成本飙升
C. 中国投资者热衷于在外国股票市场进行投资
D. 由于收入提高，中国消费者的消费需求迅速增加
",D. 由于收入提高，中国消费者的消费需求迅速增加,以下是中国关于国际经济学考试的单项选择题，请选出其中的正确答案。
"假定边际储蓄倾向等于20$\%$，增加100万美元投资可以使国民收入增加____。
A. 200万美元
B. 500万美元
C. 800万美元
D. 100万美元
",B. 500万美元,以下是中国关于宏观经济学考试的单项选择题，请选出其中的正确答案。
"下列关于主要市场或最有利市场的说法中，正确的是____。
A. 企业应当从自身角度，而非市场参与者角度，判定相关资产或负债的主要市场
B. 企业正常进行资产出售或者负债转移的市场是主要市场或最有利市场
C. 相关资产或负债的主要市场要求企业于计量日在该市场上实际出售资产或者转移负债
D. 对于相同资产或负债而言，不同企业的主要市场相同
",A. 企业应当从自身角度，而非市场参与者角度，判定相关资产或负债的主要市场,以下是中国关于会计考试的单项选择题，请选出其中的正确答案。
"下列关于税收法律关系的表述中，正确的是____。
A. 税法是引起法律关系的前提条件，税法可以产生具体的税收法律关系
B. 税收法律关系的保护对权利主体双方是不平等的
C. 代表国家行使征税职责的各级国家税务机关是税收法律关系中的权利主体之一
D. 税收法律关系总体上与其他法律关系一样，都是由权利主体、权利客体两方面构成
",C. 代表国家行使征税职责的各级国家税务机关是税收法律关系中的权利主体之一,以下是中国关于税法考试的单项选择题，请选出其中的正确答案。
"2×18年1月20日，甲公司与丙公司签订租赁协议，将原出租给乙公司并即将在2×18年3月1日到期的厂房租赁给丙公司。该协议约定，甲公司2×18年7月1日起将厂房出租给丙公司，租赁期为5年，每月租金为60万元，租赁期首3个月免租金。为满足丙公司租赁厂房的需要，甲公司2×18年3月2日起对厂房进行改扩建，改扩建工程2×18年6月29日完工并达到预定可使用状态。甲公司对出租厂房采用成本模式进行后续计量。不考虑其他因素，下列各项关于甲公司上述交易或事项会计处理的表述中，正确的是____。
A. 2×18年确认租金收入180万元
B. 改扩建过程中的厂房确认为投资性房地产
C. 厂房改扩建过程中发生的支出直接计入当期损益
D. 厂房在改扩建期间计提折旧
",B. 改扩建过程中的厂房确认为投资性房地产,以下是中国关于会计考试的单项选择题，请选出其中的正确答案。
"现已利用Box-Muller方法产生了标准正态分布随机数0.8082，需生成模拟随机利率的随机数$Y=\sqrt{X}$，$X$服从参数为$\mu=5$,$\sigma^{2}=4$的对数正态分布则得到的随机数为____。
A. 27.34
B. 31.34
C. 41.34
D. 51.34
",A. 27.34,以下是中国关于中国精算师考试的单项选择题，请选出其中的正确答案。
"理财师的执业道德准则要求金融理财师诚实公平地提供服务，不受经济利益、关联关系和外界压力等影响，从客户利益出发，做出合理、谨慎的专业判断，公平合理地对待客户、委托人、合伙人和雇主，并公正、诚实地披露其在提供专业服务过程中遇到的利益冲突，这是哪项基本原则的要求____。
A. 遵纪守法
B. 保守秘密
C. 正直守信
D. 客观公正
",D. 客观公正,以下是中国关于银行从业资格证考试的单项选择题，请选出其中的正确答案。
"根据托宾的q理论，企业在下列哪一情况下会增加投资____。
A. 企业资产的市场价值超过企业资产的重置价值
B. 企业资产的重置价值超过企业资产的市场价值
C. 企业资产的市场价值超过企业金融资产的面值
D. 企业金融资产的市场价值超过企业资产的面值
",A. 企业资产的市场价值超过企业资产的重置价值,以下是中国关于货币金融学考试的单项选择题，请选出其中的正确答案。
"充当国际储备资产的货币必须具备的条件不包括：____。
A. 能自由兑换成其他储备货币
B. 在国际货币体系中占据重要地位
C. 其购买力必须具有稳定性
D. 货币的价值较高
",D. 货币的价值较高,以下是中国关于国际金融学考试的单项选择题，请选出其中的正确答案。
"根据企业国有资产法律制度的规定，代表国家行使企业国有资产所有权的是____。
A. 全国人民代表大会
B. 国有资产监督管理委员会
C. 国家主席
D. 国务院
",D. 国务院,以下是中国关于经济法考试的单项选择题，请选出其中的正确答案。
"某公司共有职工2000名，每月平均工资是2500元，标准差是500元。假定该公司职工的工资服从正态分布，月工资在2000元至3000元之间的职工人数大约为____。
A. 1750人
B. 1950人
C. 1550人
D. 1360人
",D. 1360人,以下是中国关于统计学考试的单项选择题，请选出其中的正确答案。
"下列关于证券研究报告质量控制、合规审查，说法错误的是____。
A. 证券期货经营机构应当建立健全证券研究报告发布前的质量控制机制，细化质量控制的目标、程序和岗位职责
B. 任何形式的分享证券投资收益或者分担证券投资损失的口头承诺无效，但在证券研究报告中书面承诺的除外
C. 证券研究报告中对证券及证券相关产品提出投资评级的，应当披露所使用的投资评级分类及其含义
D. 证券分析师应当对其署名的证券研究报告的内容和观点负责，保证信息来源合法合规
",B. 任何形式的分享证券投资收益或者分担证券投资损失的口头承诺无效，但在证券研究报告中书面承诺的除外,以下是中国关于证券从业资格证考试的单项选择题，请选出其中的正确答案。
"根据无税MM理论，当债务比重增加时，下列各项指标会提高的是____。
A. 债务资本成本
B. 权益资本成本
C. 加权平均资本成本
D. 企业价值
",B. 权益资本成本,以下是中国关于公司金融学考试的单项选择题，请选出其中的正确答案。
"____是指投资者依据公司法，通过出资形成一个独立的公司法人实体，由公司法人实体自行或委托专业基金管理人进行管理的股权投资基金。
A. 公司型基金
B. 合伙型基金
C. 契约型基金
D. 信托型基金
",A. 公司型基金,以下是中国关于基金从业资格证考试的单项选择题，请选出其中的正确答案。
"在半强式有效市场中，下列说法中，错误的是____。
A. 不存在高账面一市值比效应
B. 技术分析无效
C. 基本面分析无效
D. 内部信息无法获得超额利润
",D. 内部信息无法获得超额利润,以下是中国关于金融市场学考试的单项选择题，请选出其中的正确答案。
"下列各项中，不符合历史成本计量属性的是____。
A. 发出存货计价所使用的先进先出法
B. 其他债权投资期末采用公允价值计量
C. 固定资产计提折旧
D. 发出存货计价所使用的移动平均法
",B. 其他债权投资期末采用公允价值计量,以下是中国关于中级财务会计考试的单项选择题，请选出其中的正确答案。
"货币主义将____作为货币政策的唯一控制指标。
A. 利率
B. 货币供给量
C. 信贷流量
D. 准备金
",B. 货币供给量,以下是中国关于宏观经济学考试的单项选择题，请选出其中的正确答案。
"单纯地从物价和货币购买力的关系看，物价指数上升25$\%$，则货币购买力____。
A. 上升20$\%$
B. 下降20$\%$
C. 上升25$\%$
D. 下降25$\%$
",B. 下降20$\%$,以下是中国关于中央银行学考试的单项选择题，请选出其中的正确答案。
"下列各项中，会引起所有者权益总额发生增减变动的是____。
A. 以盈余公积弥补亏损
B. 提取法定盈余公积
C. 发放股票股利
D. 将债务转为资本
",D. 将债务转为资本,以下是中国关于中级财务会计考试的单项选择题，请选出其中的正确答案。
"目前中国的____利率已实现市场化。
A. 存款
B. 贷款
C. 同业拆借
D. 存款准备金
",C. 同业拆借,以下是中国关于货币金融学考试的单项选择题，请选出其中的正确答案。
"以下做法属于战术资产配置的是____。
A. 某私募基金经理为了追求自己管理的基金的长期回报，基于长期投资目标制定了该基金第一个五年资产
B. 某基金经理通过对组合中债券和股票类资产的长期预期收益率、长期风险水平和资产间的相关性进行比较，运用均值方差模型等优化方法构建最优组合
C. 某私募基金经理根据其基金投资者的风险承受能力，对基金资产做出事前的、整体性的、最能满足基金投资者需求的规划和安排
D. 某基金经理根据市场的短期波动，通过择时调节其资产组合各类别资产之间的分配
",D. 某基金经理根据市场的短期波动，通过择时调节其资产组合各类别资产之间的分配,以下是中国关于金融市场学考试的单项选择题，请选出其中的正确答案。
"企业破产清算时，编制的清算财务报表不包括____。
A. 清算损益表
B. 清算资产负债表
C. 债务清偿表
D. 清算现金流量表
",D. 清算现金流量表,以下是中国关于管理会计学考试的单项选择题，请选出其中的正确答案。
"在我国，收入变动与货币需求量变动之间的关系是____。
A. 同方向
B. 反方向
C. 无任何直接关系
D. A与B都可能
",A. 同方向,以下是中国关于货币金融学考试的单项选择题，请选出其中的正确答案。
"根据我国会计准则的规定，下列资产负债表项目中应采用发生日即期汇率折算的是____。
A. 固定资产
B. 应付账款
C. 无形资产
D. 实收资本
",D. 实收资本,以下是中国关于管理会计学考试的单项选择题，请选出其中的正确答案。
"甲公司于2014年1月1日发行5年期、一次还本、分期付息的公司债券，每年12月31日支付利息。该公司债券票面利率为5$\%$，面值总额为300000万元，发行价格总额为313387万元；支付发行费用10万元。假定该公司每年年末采用实际利率法摊销债券溢折价，实际利率为4$\%$。2015年12月31日该应付债券的账面余额为____。
A. 308008.2万元
B. 308026.2万元
C. 308316.12万元
D. 308348.56万元
",D. 308348.56万元,以下是中国关于会计考试的单项选择题，请选出其中的正确答案。
"私人股权包括未上市企业和上市企业非公开发行和交易的____
A. 普通股
B. 依法可转换为普通股的优先股
C. 可转换债券
D. 以上都是
",D. 以上都是,以下是中国关于基金从业资格证考试的单项选择题，请选出其中的正确答案。
"根据企业在不同发展阶段的特征，下列各项中正确的是____。
A. 衰退期财务风险和经营风险都高，股利全部分配给股东，股价呈下降并波动趋势
B. 成熟期财务风险和经营风险和股利分配率都是中等，资本结构为权益资本加债务资本
C. 导入期经营风险很高而财务风险很低，资本来源主要是风险资本，随着企业的发展股价迅速增长
D. 成长期经营风险高而财务风险低，权益资本在资本来源中所占的比重增加，股利分配率低且股价也较低
",C. 导入期经营风险很高而财务风险很低，资本来源主要是风险资本，随着企业的发展股价迅速增长,以下是中国关于公司战略与风险管理考试的单项选择题，请选出其中的正确答案。
"期货市场监管方面，我国形成了中国证监会、地方证监局、____、中国期货业协会和中国期货市场监控中心“五位一体”的监管体系与较为完善的期货监管法律体系。
A. 原中国银监会
B. 期货交易所
C. 原中国保监会
D. 中史银行
",B. 期货交易所,以下是中国关于证券从业资格证考试的单项选择题，请选出其中的正确答案。
"金融业国际化对一国国内金融可能带来的消极作用不包括____。
A. 国内金融业竞争加剧，可能导致国内金融机构的萎缩
B. 推动金融市场稳定
C. 给金融业带来更大的金融风险
D. 给国内金融监管带来更大的困难
",B. 推动金融市场稳定,以下是中国关于商业银行金融学考试的单项选择题，请选出其中的正确答案。
"甲品牌手机在C国国内已经具有一定知名度，但由于国外手机品牌已经占领大部分国际市场，甲品牌手机全球化压力非常大，企业的资源优势只能在国内发挥作用。因此甲企业决定围绕本土有价值的资源，对企业价值链的某些环节进行重组，以此来躲避外来竞争对手的冲击，保持企业的独立性。甲企业的做法属于本土企业战略选择中的____。
A. “防御者”
B. “扩张者”
C. “躲闪者”
D. “抗衡者”
",C. “躲闪者”,以下是中国关于公司战略与风险管理考试的单项选择题，请选出其中的正确答案。
"下列与销售相关的内部控制中，与销售收入的发生认定直接相关的是____。
A. 商业折扣必须经过适当的授权审批
B. 负责开具发票的人员无权修改开票系统中已设置好的商品价目表
C. 销售交易以经过审核的发运凭证、销售发票及经过批准的客户订购单为依据登记入账
D. 每月末，由独立人员对应收账款明细账和总账进行调节
",C. 销售交易以经过审核的发运凭证、销售发票及经过批准的客户订购单为依据登记入账,以下是中国关于审计学考试的单项选择题，请选出其中的正确答案。
"债券面值的寄义除了票面金额还包括____。
A. 债券的偿还期
B. 债券的票面利率
C. 债券的票面币种
D. 债券的发行者
",C. 债券的票面币种,以下是中国关于金融市场学考试的单项选择题，请选出其中的正确答案。
"以下关于基金资产估值的表述，正确的是____。
A. 对流动性差的证券估值需注意“滥估”问题
B. 海外基金的估值频率最长为每周估值一次
C. 为保持估值方法的一致性，基金不得变更估值方法
D. 基金资产估值的责任人是基金托管人
",A. 对流动性差的证券估值需注意“滥估”问题,以下是中国关于基金从业资格证考试的单项选择题，请选出其中的正确答案。
"对冲比率是0.70意味着对冲资产组合应该包括____。
A. 每卖出1股股票，要买人0.70份看涨期权
B. 每买入1股股票，要卖出0.70份看涨期权
C. 每卖出1份看涨期权，要买入0.70股股票
D. 每买入1份看涨期权，要买入0.70股股票
",C. 每卖出1份看涨期权，要买入0.70股股票,以下是中国关于投资学考试的单项选择题，请选出其中的正确答案。
".下列行为中，属于土地增值税征税范围的是____。
A. 企业间的房屋置换
B. 某人将自有房产无偿赠与子女
C. 某人将自有的一套闲置住房出租
D. 某企业通过福利机构将一套房产无偿赠与养老院
",A. 企业间的房屋置换,以下是中国关于注册会计师考试的单项选择题，请选出其中的正确答案。
"对于季节性融资，如果某公司在银行有多笔贷款，且贷款可展期，银行一定要确保其不被用于____。
A. 长期投资
B. 股票投资
C. 投机投资
D. 其他投资
",A. 长期投资,以下是中国关于银行从业资格证考试的单项选择题，请选出其中的正确答案。
"根据公司法律制度的规定，下列主体中，有资格提出上市公司独立董事候选人的是____。
A. 持有上市公司已发行股份1%以上的股东
B. 上市公司的董事长
C. 上市公司的职工代表大会
D. 上市公司的监事会主席
",A. 持有上市公司已发行股份1%以上的股东,以下是中国关于经济法考试的单项选择题，请选出其中的正确答案。
"一般来说，一国国际收支出现巨额顺差会使其____。
A. 货币疲软
B. 货币坚挺
C. 通货紧缩
D. 利率下跌
",B. 货币坚挺,以下是中国关于国际金融学考试的单项选择题，请选出其中的正确答案。
"今年的物价指数为144，去年的物价指数为120，通货膨胀率为____。
A. 0.1
B. 0.2
C. 0.24
D. 2.64
",B. 0.2,以下是中国关于宏观经济学考试的单项选择题，请选出其中的正确答案。
"下列个人汽车贷款不属于贷前调查的内容的____。
A. 借款申请人对所购汽车的了解程度
B. 核实借款人收入情况
C. 抵押物的存续状况
D. 登录车管所查询所购车辆抵押情况
",C. 抵押物的存续状况,以下是中国关于银行从业资格证考试的单项选择题，请选出其中的正确答案。
"甲注册会计师负责审计ABC公司2015年度财务报表，下列审计程序中，证实应收账款存在认定效果最佳的审计程序是____。
A. 检查销售文件已确定是否采用连续编号的销售单
B. 从应收账款明细账追查至销售合同、销售发票、发货单等原始凭证
C. 抽取发运凭证、销售合同等凭证和追查至应收账款明细账
D. 向销售客户进行函证
",D. 向销售客户进行函证,以下是中国关于审计学考试的单项选择题，请选出其中的正确答案。
"为了加强私募基金信息披露的制度建设，规范私募基金信息披露义务人向投资者进行披露的内容和方式，中国证券投资基金业协会出台了____。
A. 《私募投资基金募集行为管理办法》
B. 《私募投资基金信息披露管理办法》
C. 《证券投资基金法》
D. 《私募投资基金监督管理暂行办法》
",B. 《私募投资基金信息披露管理办法》,以下是中国关于基金从业资格证考试的单项选择题，请选出其中的正确答案。
"在一般物价水平会计下，调整固定资产原值和累计折旧项目的“基期一般物价指数”中的“基期”是指____。
A. 报告期初
B. 报告期末
C. 取得固定资产时
D. 出售固定资产时
",C. 取得固定资产时,以下是中国关于高级财务会计考试的单项选择题，请选出其中的正确答案。
"股指期货的交割是通过什么形式完成的____。
A. 从不交割
B. 根据股票指数进行现金交割
C. 对指数内每一只股票交割一个单位
D. 对指数内每一只股票按照指数的加权比例分别交割
",B. 根据股票指数进行现金交割,以下是中国关于金融学考试的单项选择题，请选出其中的正确答案。
"以下属于财政政策手段的是____。
A. 增加或减少货币供应量
B. 提高或降低汇率
C. 提高或降低利率
D. 提高或降低税率
",D. 提高或降低税率,以下是中国关于期货从业资格证考试的单项选择题，请选出其中的正确答案。
"某居民小区为了解住户对物业服务的看法，准备采取抽样调查方式搜集数据。物业管理部门利用最初的居民户登记名单进行抽样，但现在的小区中，原有的一些居民户已经搬走，同时有些是新入住的居民户。由此造成的误差属于____。
A. 随机误差
B. 抽样框误差
C. 计量误差
D. 无回答误差
",B. 抽样框误差,以下是中国关于统计学考试的单项选择题，请选出其中的正确答案。
"衍生金融工具确认为交易性金融资产时，其采用的计量属性是____。
A. 可变现净值
B. 公允价值
C. 现值
D. 历史成本
",B. 公允价值,以下是中国关于管理会计学考试的单项选择题，请选出其中的正确答案。
"下列选项中体现了需求规律的是____。
A. 药品价格上升，使得药品质量得到改善
B. 汽油价格的提高，小汽车的销量减少
C. 照相机价格的下降导致其销量的增加
D. 牛肉价格提高导致羊肉的销量增加
",C. 照相机价格的下降导致其销量的增加,以下是中国关于微观经济学考试的单项选择题，请选出其中的正确答案。
"常用的贸易条件有____。
A. 价格贸易条件、收入贸易条件和要素贸易条件
B. 产品贸易条件、收入贸易条件和要素贸易条件
C. 价格贸易条件、成本贸易条件和要素贸易条件
D. 产品贸易条件、成本贸易条件和要素贸易条件
",A. 价格贸易条件、收入贸易条件和要素贸易条件,以下是中国关于财政学考试的单项选择题，请选出其中的正确答案。
"设原先的物价指数为100，6个月后物价指数为102，则通货膨胀率为____。
A. 0.02
B. 0.04
C. 0.05
D. 0.12
",A. 0.02,以下是中国关于宏观经济学考试的单项选择题，请选出其中的正确答案。
"现金管理类理财产品主要投资的金融工具，不包括____。
A. 期权
B. 国债
C. 金融债
D. 中央银行票据
",A. 期权,以下是中国关于银行从业资格证考试的单项选择题，请选出其中的正确答案。
"根据企业破产法律制度的规定，下列主体中，可以担任管理人的是____。
A. 因盗窃行为受过刑事处罚的张某
B. 破产申请受理前根据有关规定成立的行政清算组
C. 因违法行为被吊销执业证书的王某
D. 正在担任债务人财务顾问的李某
",B. 破产申请受理前根据有关规定成立的行政清算组,以下是中国关于经济法考试的单项选择题，请选出其中的正确答案。
"期权是给予____购买或出售标的资产的权利。
A. 买方
B. 卖方
C. 交易所
D. 个人
",A. 买方,以下是中国关于期货从业资格证考试的单项选择题，请选出其中的正确答案。
"根据我国公司法的规定，上市公司在弥补亏损和提取法定公积金后所余税后利润，按照股份比例向股东分配利润。上市公司因分配现金利润而确认应付股利的时点是____。
A. 实际分配利润时
B. 实现利润当年年末
C. 董事会通过利润分配预案时
D. 股东大会批准利润分配方案时
",D. 股东大会批准利润分配方案时,以下是中国关于成本会计学考试的单项选择题，请选出其中的正确答案。
"企业处置一项以公允价值模式计量的投资性房地产，实际收到的金额为100万元，处置时该投资性房地产的账面余额为80万元，其中成本为70万元，公允价值变动为10万元。该项投资性房地产是由自用房地产转换的，转换日公允价值大于账面价值的差额为20万元。假设不考虑相关税费，处置该项投资性房地产使利润总额增加____万元。
A. 30
B. 20
C. 40
D. 10
",C. 40,以下是中国关于中级财务会计考试的单项选择题，请选出其中的正确答案。
"下列关于个人商用房贷款贷前调查的表述，错误的是____。
A. 贷款经办行调查完毕后，应及时将贷款资料移交审查审批部门
B. 个人经营贷款调查由贷款经办行负责，贷款实行双人调查和见客谈话制度
C. 应调查借款人是否已支付首期房款，首付款比例是否符合要求
D. 在计算借款人收入时，不可将所购置商用房未来可能产生的租金收入作为借款人收入
",D. 在计算借款人收入时，不可将所购置商用房未来可能产生的租金收入作为借款人收入,以下是中国关于银行从业资格证考试的单项选择题，请选出其中的正确答案。
"已知：(1)赔款额$X$满足：${E[X\mid{u}]=u$, $Var[X\mid{u}]=500}$；(2)随机变量$u$的期望为1000，方差为50；(3)前三起赔案的赔款额分别为：750，1075，2000；用Bühlmann信度方法估计下一赔案的预期赔款额为____。
A. 1025
B. 1063
C. 1115
D. 1181
",B. 1063,以下是中国关于中国精算师考试的单项选择题，请选出其中的正确答案。
"____是金融市场中的基本利率，常用St表示。
A. 到期利率
B. 远期利率
C. 贴现利率
D. 即期利率
",D. 即期利率,以下是中国关于基金从业资格证考试的单项选择题，请选出其中的正确答案。
"面值为100元的永久性债券票面利率是10$\%$，当市场利率为8$\%$时，该债券的理论市场价格应该是____。
A. 100
B. 125
C. 110
D. 1375
",B. 125,以下是中国关于公司金融学考试的单项选择题，请选出其中的正确答案。
"下列各项中，属于处于导入阶段的企业可以选择的财务战略是____。
A. 采用高股利政策以吸引投资者
B. 通过债务筹资筹集企业发展所需要的资金
C. 采用权益融资筹集企业发展所需要的资金
D. 通过不断进行债务重组增加资金安排的灵活性
",C. 采用权益融资筹集企业发展所需要的资金,以下是中国关于公司战略与风险管理考试的单项选择题，请选出其中的正确答案。
"按合约标的资产角度分类，衍生工具不包括____。
A. 结构化金融衍生工具
B. 利率衍生工具
C. 股权类产品衍生工具
D. 信用衍生工具
",A. 结构化金融衍生工具,以下是中国关于基金从业资格证考试的单项选择题，请选出其中的正确答案。
"关于计量单元，下列说法中正确的是____。
A. 是指相关资产单独进行计量的最小单位
B. 是指相关负债单独进行计量的最小单位
C. 是指相关资产和负债单独进行计量的最小单位
D. 是指相关资产或负债以单独或者组合方式进行计量的最小单位
",D. 是指相关资产或负债以单独或者组合方式进行计量的最小单位,以下是中国关于会计考试的单项选择题，请选出其中的正确答案。
"同时卖出一支股票的看涨期权和看跌期权，它们的执行价格和到期日均相同。该投资策略适用的情况是____。
A. 预计标的资产的市场价格将会发生剧烈波动
B. 预计标的资产的市场价格将会大幅度上涨
C. 预计标的资产的市场价格将会大幅度下跌
D. 预计标的资产的市场价格稳定
",D. 预计标的资产的市场价格稳定,以下是中国关于财务管理学考试的单项选择题，请选出其中的正确答案。
"你卖出了一份GE60的看跌期权，期权费是4美元。不计交易成本，其保本价格是____美元。
A. 52
B. 56
C. 58
D. 60
",B. 56,以下是中国关于投资学考试的单项选择题，请选出其中的正确答案。
"下列关于我国商业银行流动性监管指标的说法，错误的是____。
A. 流动性比例属于商业银行流动性监管指标
B. 核心负债比例属于商业银行流动性监管指标
C. 流动性缺口比率属于商业银行流动性监管指标
D. 净稳定资金比率不属于商业银行流动性监管指标
",D. 净稳定资金比率不属于商业银行流动性监管指标,以下是中国关于银行从业资格证考试的单项选择题，请选出其中的正确答案。
"根据生命周期理论，完善的社会保障制度会使边际消费倾向____。
A. 变大
B. 变小
C. 不变
D. 不确定
",A. 变大,以下是中国关于宏观经济学考试的单项选择题，请选出其中的正确答案。
"以下哪项能最好地描述资本分配合理化____。
A. 在相对基础上比较未来现金流的现值与初始投资
B. 投资方案的限额约束，从而导致公司不能接受所有净现值为正的项目
C. 在主观确立的临界点的基础上设定的资本预算接受标准
D. 当某个项目依赖于或取决于另一个项目时，所釆用的资本预算接受标准
",B. 投资方案的限额约束，从而导致公司不能接受所有净现值为正的项目,以下是中国关于管理会计师考试的单项选择题，请选出其中的正确答案。
"如果一个分析师使用无穷期的红利贴现模型（DDM）对一只股票进行估值，估价为20元，而该股票目前的市场价格是30元，那么该分析师应该如何做____。
A. 推荐买入这只股票
B. 推荐卖出这只股票
C. 推荐继续持有这只股票
D. 由于结果彼此冲突，因此不提供任何建议
",B. 推荐卖出这只股票,以下是中国关于金融市场学考试的单项选择题，请选出其中的正确答案。
"企业销售部门工作人员的工资作为一种费用，应当计入____。
A. 销售费用
B. 管理费用
C. 销售成本
D. 应付职工薪酬
",A. 销售费用,以下是中国关于成本会计学考试的单项选择题，请选出其中的正确答案。
"下面各选项中不属于外汇市场职能的是____。
A. 国际清算
B. 套期保值
C. 投机
D. 平衡国际收支
",D. 平衡国际收支,以下是中国关于国际经济学考试的单项选择题，请选出其中的正确答案。
"下列描述委托募集正确的一项是____。
A. 基金管理人委托有资格的基金销售机构为其设立的股权投资基金募集资金
B. 基金管理人应当委托具有合格基金销售资质和专业基金销售服务团队的机构代为募集
C. 代销机构签署合同,要求其严格遵守合格投资者制度和募集规定
D. 履行对投资者的评估和投资者风险默认程序
",B. 基金管理人应当委托具有合格基金销售资质和专业基金销售服务团队的机构代为募集,以下是中国关于基金从业资格证考试的单项选择题，请选出其中的正确答案。
"关于中央银行会计报表的编制要求表述正确的是____。
A. 数字必须真实、正确
B. 内容必须完整
C. 编报必须及时
D. 以上表述均正确
",D. 以上表述均正确,以下是中国关于中央银行学考试的单项选择题，请选出其中的正确答案。
"金融业国际化对一国国内金融带来的消极作用不包括____。
A. 国内金融业竞争加剧，可能导致国内金融机构的萎缩
B. 给金融业带来更大的金融风险
C. 给国内金融监管带来更大的困难
D. 简化了国内金融业的监管
",D. 简化了国内金融业的监管,以下是中国关于国际金融学考试的单项选择题，请选出其中的正确答案。
"某5年期、面额100元的债券，以80元的价格贴现发行，其票面收益率为____。
A. 4$\%$
B. 20$\%$
C. 5$\%$
D. 16$\%$
",C. 5$\%$,以下是中国关于金融学考试的单项选择题，请选出其中的正确答案。
"____使用可比价值对目标公司进行价值评估，在创业投资基金和并购基金中大量使用。
A. 折现现金估值法
B. 相对估值法
C. 成本法
D. 创业投资估值法
",B. 相对估值法,以下是中国关于基金从业资格证考试的单项选择题，请选出其中的正确答案。
"Manoli礼品店销售毛利率维持在35$\%$，且每个月月末的库存量都要维持在下个月预期销量的30$\%$。第四季度的预计销售额情况如下：10月份42000，11月份58000，12月份74000。请问该礼品店在11月份应该购进多少商品____。
A. 51220
B. 52130
C. 62800
D. 40820
",D. 40820,以下是中国关于管理会计师考试的单项选择题，请选出其中的正确答案。
"如果一组数据不是对称分布,根据切比雪夫不等式,对于$k=4$,其意义为____。
A. 至少有75$\%$的数据落在平均数加如减4个标准差的范围之内
B. 至少有89$\%$的数据落在平均数加减咸4个标准差的范围之内
C. 至少有94$\%$的数据落在平均数加加减4个标准差的范围之内
D. 至少有99$\%$的数据落在平均数数加减4个标准差的范围之内
",C. 至少有94$\%$的数据落在平均数加加减4个标准差的范围之内,以下是中国关于统计学考试的单项选择题，请选出其中的正确答案。
"____的货币需求理论提出恒久性收入是影响货币需求的因素。
A. 凯恩斯
B. 庇古
C. 弗里德曼
D. 费雪
",C. 弗里德曼,以下是中国关于货币金融学考试的单项选择题，请选出其中的正确答案。
"假设其他因素不变，期权有效期内预计发放的红利增加时，____。
A. 美式看涨期权价格降低
B. 欧式看跌期权价格降低
C. 欧式看涨期权价格不变
D. 美式看跌期权价格降低
",A. 美式看涨期权价格降低,以下是中国关于财务管理学考试的单项选择题，请选出其中的正确答案。
"2017年，甲有限合伙企业实现利润300万元。2018年年初，合伙企业向普通合伙人乙、丙及有限合伙人丁各分配利润100万元。根据合伙企业法律制度的规定，就上述可分配利润应缴纳所得税的主体是____。
A. 乙和丙
B. 乙、丙和丁
C. 丁
D. 甲、乙、丙和丁
",B. 乙、丙和丁,以下是中国关于经济法考试的单项选择题，请选出其中的正确答案。
"序数效用论者认为，商品效用大小____。
A. 取决于它们的价值
B. 取决于它们的价格
C. 可以比较
D. 无法比较
",C. 可以比较,以下是中国关于微观经济学考试的单项选择题，请选出其中的正确答案。
"商业银行最主要的资金来源是____。
A. 资本金
B. 中央银行借款
C. 发行金融债券
D. 存款负债
",D. 存款负债,以下是中国关于货币金融学考试的单项选择题，请选出其中的正确答案。
"对于发生多种货币业务计价核算的会计主体，必然要选择一个统一的货币成为会计计量尺度的记账货币，并以该货币表述和处理经济业务，这种作为会计计量基本尺度的货币称为____。
A. 记账本位币
B. 记账外币
C. 记账人民币
D. 记账货币
",A. 记账本位币,以下是中国关于高级财务会计考试的单项选择题，请选出其中的正确答案。
"为了避免商业银行虚增资本，在计算资本充足率时，应对资本进行对应扣除。其中核心一级资本应当全额扣除的项目不包括____。
A. 商誉
B. 资产证券化销售利得
C. 土地使用权
D. 贷款损失准备缺口
",C. 土地使用权,以下是中国关于银行从业资格证考试的单项选择题，请选出其中的正确答案。
"甲注册会计师针对销售交易，从订单处理--核准信用状况及赊销条款--填写订单并准备发货--编制货运单据--订单递送至客户或由客户提货--开具销售发票--复核发票的准确性并送至客户--生成销售明细账--汇总销售明细账，并过账至总账和应收账款明细账等交易的整个流程，考虑之前对相关控制的了解是否正确和完整，并确定相关控制是否得到执行，这是____。
A. 重新执行
B. 抽样测试
C. 实质性程序
D. 穿行测试
",D. 穿行测试,以下是中国关于审计学考试的单项选择题，请选出其中的正确答案。
"下列有关财务报表层次重大错报风险的说法中，错误的是____。
A. 财务报表层次重大错报风险增大了认定层次发生重大错报的可能性
B. 财务报表层次重大错报风险可能影响多项认定
C. 财务报表层次重大错报风险通常与控制环境有关
D. 财务报表层次重大错报风险的评估结果直接有助于确定认定层次上实施的进—步审计程序的性质、时间安排和范围
",D. 财务报表层次重大错报风险的评估结果直接有助于确定认定层次上实施的进—步审计程序的性质、时间安排和范围,以下是中国关于注册会计师考试的单项选择题，请选出其中的正确答案。
"下列关于二元Probit离散选择模型的表述，错误的是____。
A. Probit模型的随机误差项$\mu_{i}^{*}$服从正态分布
B. Probit模型的随机误差项$\mu_{i}^{*}$服从$F$分布
C. 重复观测值不可得情形下的模型可以采用完全信息最大似然法中所采用的迭代方法估计参数
D. 重复观测值可得情形下的模型可以采用广义最小二乘估计
",B. Probit模型的随机误差项$\mu_{i}^{*}$服从$F$分布,以下是中国关于计量经济学考试的单项选择题，请选出其中的正确答案。
"关于关注自身礼仪和工作状态的说法，下列错误的是____。
A. 商务礼仪是在商务活动中体现相互尊重的行为准则
B. 专业理财师的工作状态在客户接触的过程中起到非常重要的作用
C. 理财师应更多地关心客户的需求
D. 告知客户理财师是以客户为中心的
",D. 告知客户理财师是以客户为中心的,以下是中国关于银行从业资格证考试的单项选择题，请选出其中的正确答案。
"下列关于期权定价方法的表述中，不正确的是____。
A. 单期二叉树模型假设未来股票的价格将是两种可能值中的一个
B. 在二叉树模型下，不同的期数划分，可以得到不同的结果
C. 在二叉树模型下，期数的划分不影响期权估价的结果
D. 在二叉树模型下，划分的期数越多，期权估价的结果与BS模型越接近
",C. 在二叉树模型下，期数的划分不影响期权估价的结果,以下是中国关于公司金融学考试的单项选择题，请选出其中的正确答案。
"同一控制下企业合并进行过程中发生的各项直接相关费用，一般应于发生时计入____。
A. 合并成本
B. 管理费用
C. 财务费用
D. 资本公积
",B. 管理费用,以下是中国关于管理会计学考试的单项选择题，请选出其中的正确答案。
"依据消费税的有关规定，下列消费品中属于消费税征税范围的是____。
A. 高尔夫球包
B. 竹制筷子
C. 普通护肤护发品
D. 电动汽车
",A. 高尔夫球包,以下是中国关于税法考试的单项选择题，请选出其中的正确答案。
"下列关于相对价值估价模型适用性的说法中，错误的是____。
A. 市净率估价模型不适用于资不抵债的企业
B. 市净率估价模型不适用于固定资产较少的企业
C. 市销率估价模型不适用于销售成本率较低的企业
D. 市盈率估价模型不适用于亏损的企业
",C. 市销率估价模型不适用于销售成本率较低的企业,以下是中国关于财务管理学考试的单项选择题，请选出其中的正确答案。
"某企业年初所有者权益160万元，本年度实现净利润300万元，以资本公积转增资本50万元，提取盈余公积30万元，向投资者分配现金利润20万元。假设不考虑其他因素，该企业年末所有者权益为____。
A. 360万元
B. 410万元
C. 440万元
D. 460万元
",C. 440万元,以下是中国关于中国精算师考试的单项选择题，请选出其中的正确答案。
"为证券发行出具审计报告或者法律意见书等文件的证券服务机构和人员，在该证券承销期内和期满后____内，不得买卖该证券。
A. 3个月
B. 6个月
C. 1年
D. 2年
",B. 6个月,以下是中国关于证券从业资格证考试的单项选择题，请选出其中的正确答案。
"在确定是否需要利用注册会计师的专家的工作时，下列各项因素中，注册会计师通常无须考虑的是____。
A. 管理层在编制财务报表时是否利用了管理层的专家的工作
B. 审计事项的性质和重要性
C. 可能对专家的客观性产生不利影响的利益和关系
D. 应对识别出的风险的预期程序的性质
",C. 可能对专家的客观性产生不利影响的利益和关系,以下是中国关于注册会计师考试的单项选择题，请选出其中的正确答案。
"某企业将一张面额50，000元的3个月后到期的商业票据向银行申请贴现，当时年贴现率为6$\%$，该企业可取得现金____元。
A. 41000
B. 50750
C. 42500
D. 49250
",D. 49250,以下是中国关于商业银行金融学考试的单项选择题，请选出其中的正确答案。
"当技术进步使得资本替代劳动的能力增强时，对市场资本供给曲线的影响是____。
A. 曲线向前移动
B. 曲线向后移动
C. 曲线保持不变
D. 曲线变得水平
",B. 曲线向后移动,以下是中国关于微观经济学考试的单项选择题，请选出其中的正确答案。
"变动成本法的核算对象是什么____。
A. 固定成本
B. 可变成本
C. 直接成本
D. 间接成本
",B. 可变成本,以下是中国关于管理会计学考试的单项选择题，请选出其中的正确答案。
"灵活红利公司股票的市场资本化率是12$\%$，预期的股权收益(ROE)是14$\%$，预期收益(EPS)是3.60美元。如果公司的再投资率是75$\%$，那么市盈率(P/E)将是____。
A. 7.69
B. 8.33
C. 9.09
D. 11.7
",D. 11.7,以下是中国关于投资学考试的单项选择题，请选出其中的正确答案。
"在资本主义商品生产的条件下，每个资本家总是力图不断改进技术，改善经营管理，提高劳动生产率，使其生产的商品个别价值低于社会价值，这是为了____。
A. 追逐超额剩余价值
B. 追逐相对剩余价值
C. 解决资本主义基本矛盾
D. 获得平均利润
",A. 追逐超额剩余价值,以下是中国关于政治经济学考试的单项选择题，请选出其中的正确答案。
"企业收取的下列款项中，应作为价外费用并入销售额计算增值税销项税额的有____。
A. 商业企业向供货方收取的返还收入
B. 以委托方名义开具发票代委托方收取的款项
C. 销售汽车时向购买方收取的代购买方缴纳的车辆购置税
D. 按照企业销售新能源汽车的数量给予的财政补贴
",D. 按照企业销售新能源汽车的数量给予的财政补贴,以下是中国关于税法考试的单项选择题，请选出其中的正确答案。
"在最优短期产出水平，厂商将____。
A. 使总亏损最小
B. 使总亏损最小
C. 使总亏损最小，或使总盈利最大
D. 以上都不正确
",C. 使总亏损最小，或使总盈利最大,以下是中国关于微观经济学考试的单项选择题，请选出其中的正确答案。
"关于我国货币统计表述正确的是____。
A. 单独编制货币供应量统计表和基础货币统计表等。
B. 根据国际货币基金组织的《货币与金融统计手册》的相关要求并结合我国实际情况，编制货币概览和银行概览。
C. 采取两种并行的方式：其一，单独编制货币供应量统计表和基础货币统计表等；其二，根据国际货币基金组织的《货币与金融统计手册》的相关要求并结合我国实际情况，编制货币概览和银行概览。
D. 以上表述都不正确。
",C. 采取两种并行的方式：其一，单独编制货币供应量统计表和基础货币统计表等；其二，根据国际货币基金组织的《货币与金融统计手册》的相关要求并结合我国实际情况，编制货币概览和银行概览。,以下是中国关于中央银行学考试的单项选择题，请选出其中的正确答案。
"国债的偿债率是指____。
A. 累计还本付息额占国民收入的比重
B. 当年还本付息额占当年国民收入的比重
C. 当年还本付息额占当年财政收入的比重
D. 当年还本付息额占偿债资金的比重
",C. 当年还本付息额占当年财政收入的比重,以下是中国关于财政学考试的单项选择题，请选出其中的正确答案。
"使用累积平均时间方法和90$\%$学习率，如果生产第一件产品需要5小时，则生产四件产品需要多长时间____。
A. 20小时
B. 18小时
C. 17.6小时
D. 16.2小时
",D. 16.2小时,以下是中国关于管理会计师考试的单项选择题，请选出其中的正确答案。
"在使用公司资本成本作为贴现率来评估资本项目时，主要应注意什么____。
A. 评估结果一般会拒绝高风险项目
B. 资本成本可能需要进行风险调整
C. 低风险项目更有利
D. 机会成本会遭到扭曲
",B. 资本成本可能需要进行风险调整,以下是中国关于管理会计师考试的单项选择题，请选出其中的正确答案。
"基金管理人应于基金____在指定报刊和管理人网站上登载基金合同生效公告。
A. 份额发售前3日
B. 合同生效当天
C. 合同生效的次日
D. 合同生效前3日
",C. 合同生效的次日,以下是中国关于基金从业资格证考试的单项选择题，请选出其中的正确答案。
"有关工资率变动的收入效应描述不正确的—项是____。
A. 它是指工资率对劳动者的收入，从而劳动时间产生的影响
B. 若劳动时间不变，工资率的提高使得劳动者的收入提高
C. 若劳动时间不变，工资率的提高使得劳动者有能力消费更多的闲暇
D. 工资率的提高的收入效应使得劳动供给增加
",D. 工资率的提高的收入效应使得劳动供给增加,以下是中国关于微观经济学考试的单项选择题，请选出其中的正确答案。
"保险是指投保人根据合同约定，向保险人支付保险费，保险人对于合同约定的可能发生的事故而造成的财产损失履行赔偿责任，或者是____死亡、伤残和达到合同约定的年龄、期限时履行给付保险金责任的商业保险行为。
A. 投保人
B. 被保险人
C. 保险人
D. 受益人
",B. 被保险人,以下是中国关于保险学考试的单项选择题，请选出其中的正确答案。
"衍生证券市场上参与者的种类不包括____。
A. 套期保值者
B. 套利者
C. 投机者
D. 机构
",D. 机构,以下是中国关于金融工程学考试的单项选择题，请选出其中的正确答案。
"保证业务分为融资性保证和非融资性保证业务两大类，以下不属于非融资性保证业务的产品____。
A. 投标保证
B. 履约保证
C. 质量保证
D. 借款保证
",D. 借款保证,以下是中国关于银行从业资格证考试的单项选择题，请选出其中的正确答案。
"居民个人取得的下列所得中，在计缴个人所得税时可享受专项附加扣除的是____。
A. 综合所得
B. 偶然所得
C. 财产租赁所得
D. 财产转让所得
",A. 综合所得,以下是中国关于注册会计师考试的单项选择题，请选出其中的正确答案。
"股权投资基金为了实现与被投资企业的有效沟通，通常不采取的方式为____。
A. 会面
B. 电话
C. 实地考察
D. 调查问卷
",D. 调查问卷,以下是中国关于基金从业资格证考试的单项选择题，请选出其中的正确答案。
"2020年1月1日某企业所有者权益情况如下：实收资本200万元，资本公积17万元，盈余公积38万元，未分配利润32万元。则该企业2020年1月1日留存收益为____万元。
A. 32
B. 38
C. 70
D. 87
",C. 70,以下是中国关于中级财务会计考试的单项选择题，请选出其中的正确答案。
"贷款政策的内容不包括____。
A. 贷款业务发展战略
B. 贷款工作规程及权限划分
C. 贷款的规模和比率控制
D. 借款的担保
",D. 借款的担保,以下是中国关于商业银行金融学考试的单项选择题，请选出其中的正确答案。
"若预期股市将会大幅增长，股指期货市场上的下列哪项交易的风险最大____。
A. 出售一份看涨期权
B. 出售一份看跌期权
C. 购买一份看涨期权
D. 购买一份看跌期权
",A. 出售一份看涨期权,以下是中国关于金融市场学考试的单项选择题，请选出其中的正确答案。
"(1)ABS；(2)CDO；(3)CMBS；(4)MBS, 以上属于资产证券化产品的称谓有____。
A. (2), (3), (4)
B. (1), (2)
C. (1), (3), (4)
D. (1), (2), (3), (4)
","D. (1), (2), (3), (4)",以下是中国关于金融市场学考试的单项选择题，请选出其中的正确答案。
"下列哪种外汇交易方式采取保证金制度____。
A. 期货交易
B. 期权交易
C. 即期交易
D. 互换交易
",A. 期货交易,以下是中国关于金融工程学考试的单项选择题，请选出其中的正确答案。
"下列关于固定资产减值的表述中，符合会计准则规定的是____。
A. 预计固定资产未来现金流量应当考虑与所得税收付相关的现金流量
B. 固定资产的公允价值减去处置费用后的净额高于其账面价值，但预计未来现金流量现值低于其账面价值的，应当计提减值
C. 在确定固定资产未来现金流量现值时，应当考虑将来可能发生的与改良有关的预计现金流量的影响
D. 单项固定资产本身的可收回金额难以有效估计的，应当以其所在的资产组为基础确定可收回金额
",D. 单项固定资产本身的可收回金额难以有效估计的，应当以其所在的资产组为基础确定可收回金额,以下是中国关于会计考试的单项选择题，请选出其中的正确答案。
"甲上市公司2013年1月2日，从乙公司购买一项非专利权，甲公司与乙公司协议采用分期付款方式支付款项。合同规定，该项专利权的价款为8000万元，自2013年起每年年末付款2000万元，4年付清，甲公司当日支付相关税费10万元。假定银行同期贷款年利率为5$\%$，4年期、5$\%$的复利现值系数为0.8227；4年期、5$\%$的年金现值系数为3.5460。为新产品进行宣传发生的广告费10万元，员工的培训费2万元，专利注册费20万元。则甲公司购买该项专利权的入账价值为____万元。
A. 8020
B. 7122
C. 7102
D. 7144
",B. 7122,以下是中国关于会计考试的单项选择题，请选出其中的正确答案。
"假设两项资产组合具有相同的收益率和收益率标准差，但资产组合A的贝塔值高于资产组合B的贝塔值。基于夏普测度，资产组合A的业绩____。
A. 比资产组合B好
B. 与资产组合B相同
C. 比资产组合B差
D. 由于没有资产组合的阿尔法值，无法进行测度
",B. 与资产组合B相同,以下是中国关于投资学考试的单项选择题，请选出其中的正确答案。
"在以下各个会计分支中，以币值不断大幅降低假设为前提的是____。
A. 租赁会计
B. 外币会计
C. 清算会计
D. 通货膨胀会计
",D. 通货膨胀会计,以下是中国关于高级财务会计考试的单项选择题，请选出其中的正确答案。
"在金融期货的主要交易制度中，能使套期保值者用少量资金为价值量很大的现货找到回避价格风险的手段的是____。
A. 保证金制度
B. 集中交易制度
C. 断路器规则
D. 限仓制度
",A. 保证金制度,以下是中国关于期货从业资格证考试的单项选择题，请选出其中的正确答案。
"K公司创业初期主营手机业务，后来成长为一家涵盖众多消费电子产品和软硬件的互联网企业。本案例体现了K公司____。
A. 宗旨的变化
B. 经营哲学的变化
C. 战略层次的变化
D. 公司目的的变化
",A. 宗旨的变化,以下是中国关于公司战略与风险管理考试的单项选择题，请选出其中的正确答案。
"自20世纪60年代以来，爱德华·肖、罗纳德·麦金农等经济学家们对发展中国家金融发展与经济发展的关系进行了卓有成效的研究，产生了一些新的理论。受其影响，一些发展中国家相继进行了称之为____的改革。
A. 金融深化
B. 金融创新
C. 金融抑制
D. 金融体制
",A. 金融深化,以下是中国关于货币金融学考试的单项选择题，请选出其中的正确答案。
"(1)股权结构分散化；(2)股权结构相对集中；(3)所有权和控制权分离；(4)所有者和经营管理者合二为一，现代公司的特征包含哪些____。
A. (1), (2)
B. (3), (4)
C. (1), (3)
D. (2), (4)
","C. (1), (3)",以下是中国关于公司金融学考试的单项选择题，请选出其中的正确答案。
"经济之所以会发生周期性波动，是因为____。
A. 乘数作用
B. 加速数作用
C. 乘数和加速数的交织作用
D. 外部经济因素的变动
",C. 乘数和加速数的交织作用,以下是中国关于宏观经济学考试的单项选择题，请选出其中的正确答案。
"下列各项中，不应计入在建工程项目成本的是____
A. 在建工程试运行收入
B. 建造期间工程物资盘盈净收益
C. 建造期间工程物资盘亏净损失
D. 建造完成后工程物资的盘亏
",D. 建造完成后工程物资的盘亏,以下是中国关于会计考试的单项选择题，请选出其中的正确答案。
"某人某日用美元在1.0700/1.0705买进50万欧元，5天后再1.0840/1.084平仓，其获利为____。
A. 7000美元
B. 7250美元
C. 6275美元
D. 6750美元
",D. 6750美元,以下是中国关于金融市场学考试的单项选择题，请选出其中的正确答案。
"商业银行的代理业务不包括____。
A. 代发工资
B. 代理财政性存款
C. 代理财政投资
D. 代销开放式基金
",C. 代理财政投资,以下是中国关于银行从业资格证考试的单项选择题，请选出其中的正确答案。
"下列各项业务中，通常应采用“可变现净值”作为计量属性的是____。
A. 对应收账款计提坏账准备
B. 对存货计提存货跌价准备
C. 对长期股权投资计提减值准备
D. 可转换公司债券负债成分入账价值
",B. 对存货计提存货跌价准备,以下是中国关于中级财务会计考试的单项选择题，请选出其中的正确答案。
"关于个人信用报告中的信息表述，错误的是____。
A. 异议标注是征信中心异议处理人员针对信用报告中异议信息所做的标注或因技术原因无法及时对异议事项进行更正时所做的特别说明
B. 个人基本信息表示客户本人的一些基本信息，包括身份信息、婚姻信息、居住信息、职业信息等内容
C. 公共信息是个人征信系统从其他部门采集的、可以反映客户各方面情况的信息
D. 银行信贷交易信息仅包括客户在各商业银行办理的贷款、信用卡等交易的汇总和明细信息
",D. 银行信贷交易信息仅包括客户在各商业银行办理的贷款、信用卡等交易的汇总和明细信息,以下是中国关于银行从业资格证考试的单项选择题，请选出其中的正确答案。
"在运用审计抽样实施控制测试时，下列各项中，与样本规模同向变动的是____。
A. 总体规模
B. 可容忍偏差率
C. 预计总体偏差率
D. 可接受的信赖过度风险
",C. 预计总体偏差率,以下是中国关于注册会计师考试的单项选择题，请选出其中的正确答案。
"面关于外汇看跌期权的表述中，错误的是____。
A. 合约买方拥有卖出外汇的权利
B. 合约买方拥有买入外汇的权利
C. 合约卖方承担买入外汇的义务
D. 合约买方支付的期权费不能收回
",B. 合约买方拥有买入外汇的权利,以下是中国关于金融学考试的单项选择题，请选出其中的正确答案。
"资本在资本主义生产过程中采取生产资料和劳动力两种形态，根据这两部分资本在剩余价值生产中所起的不同作用，可以将资本划分为不变资本与可变资本。不变资本是以生产资料形态存在的资本。生产资料的价值____。
A. 通过抽象劳动再创造出
B. 通过抽象劳动再创造出
C. 通过具体劳动实现价值增殖
D. 通过具体劳动转移到新产品中
",D. 通过具体劳动转移到新产品中,以下是中国关于政治经济学考试的单项选择题，请选出其中的正确答案。
"根据套利者对相关合约中价格较高的一边的买卖方向不同，期货价差套利可分为____。
A. 正向套利和反向套利
B. 牛市套利和熊市套利
C. 买入套利和卖出套利
D. 价差套利和期限套利
",C. 买入套利和卖出套利,以下是中国关于期货从业资格证考试的单项选择题，请选出其中的正确答案。
"商业银行应当在资本充足性评估程序中评估____，即进行资本评估。
A. 资本充足水平
B. 负债水平
C. 盈利水平
D. 风险管理水平
",A. 资本充足水平,以下是中国关于银行从业资格证考试的单项选择题，请选出其中的正确答案。
"20×8年9月16日，甲公司发布短期利润分享计划。根据该计划，甲公司将按照20×8年度利润总额的5$\%$作为奖金，发放给20×8年7月1日至20×9年6月30日在甲公司工作的员工；如果有员工在20×9年6月30日前离职，离职的员工将不能获得奖金；利润分享计划支付总额也将按照离职员工的人数相应降低，该奖金将于20×9年8月30日支付。20×8年度，在未考虑利润分享计划的情况下，甲公司实现利润总额20000万元。20×8年末，甲公司预计职工离职将使利润分享计划支付总额降低至利润总额的4.5$\%$。不考虑其他因素，甲公司20×8年12月31日因上述短期利润分享计划应当确认的应付职工薪酬金额是____
A. 450万元
B. 500万元
C. 1000万元
D. 900万元
",A. 450万元,以下是中国关于会计考试的单项选择题，请选出其中的正确答案。
"合规部门中，最重要的是____。
A. 部门独立性
B. 机制独立性
C. 问责独立性
D. 以上都正确
",A. 部门独立性,以下是中国关于基金从业资格证考试的单项选择题，请选出其中的正确答案。
"投资收益应记入一国国际收支平衡表的____。
A. 贸易账户
B. 转移账户
C. 经常账户
D. 资本账户
",C. 经常账户,以下是中国关于货币金融学考试的单项选择题，请选出其中的正确答案。
"当一国处于通货膨胀和国际收支逆差的经济状况时，应采用的政策搭配是____。
A. 紧缩国内支出，本币升值
B. 扩张国内支出，本币升值
C. 紧缩国内支出，本币贬值
D. 扩张国内支出，本币贬值
",C. 紧缩国内支出，本币贬值,以下是中国关于货币金融学考试的单项选择题，请选出其中的正确答案。
"下列各项关于存货跌价准备相关会计处理的表述中，正确的是____。
A. 已过期且无转让价值的存货通常表明应计提的存货跌价准备等于存货账面价值
B. 已计提存货跌价准备的存货在对外销售时，应当将原计提的存货跌价准备转回并计入资产减值损失
C. 同一项存货中有一部分有合同价格约定、其他部分不存在合同价格的，应当合并确定其可变现净值
D. 生产产品用材料的跌价准备以该材料的市场价格低于成本的金额计量
",A. 已过期且无转让价值的存货通常表明应计提的存货跌价准备等于存货账面价值,以下是中国关于管理会计学考试的单项选择题，请选出其中的正确答案。
"列中央银行的活动中，能体现“发行的银行”职能的是____。
A. 组织全国范围的资金清算
B. 充当政府的金融代理人
C. 作为货币政策的最高决策机构
D. 集中存款准备金
",C. 作为货币政策的最高决策机构,以下是中国关于金融学考试的单项选择题，请选出其中的正确答案。
"假设A公司2009年实现销售毛利12000元，流动资产平均余额为10000元，流动资产周转率为6次，则A公司2009年的销售毛利率为____。
A. 50$\%$
B. 40$\%$
C. 30$\%$
D. 20$\%$
",D. 20$\%$,以下是中国关于中国精算师考试的单项选择题，请选出其中的正确答案。
"实际利率为3$\%$，预期通货膨胀率为6$\%$，则名义利率水平应该近似的等于____。
A. 2$\%$
B. 3$\%$
C. 9$\%$
D. 6$\%$
",C. 9$\%$,以下是中国关于金融学考试的单项选择题，请选出其中的正确答案。
"下列会对银行造成损失，而不属于操作风险的____。
A. 违反监管规定
B. 动力输送中断
C. 声誉受损
D. 黑客攻击
",C. 声誉受损,以下是中国关于银行从业资格证考试的单项选择题，请选出其中的正确答案。
"关于投资后管理，以下表述错误的是____。
A. 在投资交割之后直到项目退出之前都属于投资后管理的期间
B. 投资后管理的作用包括提升被投资企业自身价值、管理和防范投资风险等
C. 投资后管理是指股权投资基金（或其他类型投资机构）与被投资企业投资交割之后，基金管理人积极参与被投资企业的管理，对被投资企业实施项目监控并提供各项增值服务的一系列活动
D. 投资后管理阶段自投资决策委员会通过投资决策起至投资项目完全退出止
",D. 投资后管理阶段自投资决策委员会通过投资决策起至投资项目完全退出止,以下是中国关于基金从业资格证考试的单项选择题，请选出其中的正确答案。
"某公司在财产清查中盘盈9成新的设备一台，公司同类设备于1年前购买时的单价为10万元，预计使用5年。按当前市场条件，重新购买该设备需支付12万元。公司以重置成本将该设备入账，入账金额为____。
A. 80000元
B. 90000元
C. 108000元
D. 100000元
",C. 108000元,以下是中国关于中国精算师考试的单项选择题，请选出其中的正确答案。
"在期末，以下哪项（内部）模拟财务报表被最后制定____。
A. 模拟损益表
B. 模拟股东权益表
C. 模拟现金预算
D. 模拟资产负债表
",D. 模拟资产负债表,以下是中国关于管理会计师考试的单项选择题，请选出其中的正确答案。
"分时图是指某一交易日内，按照时间顺序将对应的____进行连线所构成的行情图。
A. 期货申报价
B. 期货成交价
C. 期货收盘价
D. 期货结算价
",B. 期货成交价,以下是中国关于期货从业资格证考试的单项选择题，请选出其中的正确答案。
"合规管理的基本机制不包括____。
A. 合规绩效考核机制与合规问责机制
B. 诚信举报机制
C. 合规培训与教育制度
D. 审核机制
",D. 审核机制,以下是中国关于银行从业资格证考试的单项选择题，请选出其中的正确答案。
"我国现行的《企业会计准则》包括基本准则、具体准则和准则指南。在基本准则所规范的内容当中，不包括____。
A. 会计目标
B. 财务报表列报
C. 会计假设
D. 会计信息质量要求
",B. 财务报表列报,以下是中国关于中国精算师考试的单项选择题，请选出其中的正确答案。
"若企业的生产部门、采购部门都是成本中心，由于材料质量不合格造成的生产车间超过消耗定额成本差异部分应由谁来负担____。
A. 生产车间
B. 采购部门
C. 生产车间与采购部门共同
D. 厂部
",B. 采购部门,以下是中国关于成本会计学考试的单项选择题，请选出其中的正确答案。
"银行业务外包的意义不包括____。
A. 使银行获得了技术上的比较优势
B. 使银行提高了盈利能力
C. 使银行获得了节约成本的好处
D. 使银行能集中精力提高管理水平
",B. 使银行提高了盈利能力,以下是中国关于商业银行金融学考试的单项选择题，请选出其中的正确答案。
"已知$\alpha(12)=1.000281$, $\beta(12)=0.46811951$, $\alpha_{65}=9.89693$,假设死亡均匀分布。计算(65)退休每月期初1000的终生年金精算现值为____。
A. 113179
B. 113189
C. 113199
D. 113209
",A. 113179,以下是中国关于中国精算师考试的单项选择题，请选出其中的正确答案。
"在下面的风险因素中，属于心理风险因素的是____。
A. 汽车刹车系统失灵
B. 建筑物旁边的加油站
C. 驾驶员的粗心大意
D. 恶意欺诈
",C. 驾驶员的粗心大意,以下是中国关于保险学考试的单项选择题，请选出其中的正确答案。
"下列关于《外商投资法》的特色与创新的表述中，正确的是____。
A. 全面落实外商投资国民待遇原则
B. 从投资行为法转型为企业组织法
C. 仅适用于外商直接投资，不适用于间接投资
D. 相比外商投资促进和保护，更加强调对外商投资的管理
",A. 全面落实外商投资国民待遇原则,以下是中国关于经济法考试的单项选择题，请选出其中的正确答案。
"在直接标价法下，根据国际收支模型不可以判断____。
A. 汇率与本国物价成同方向变动
B. 汇率与本国收入成同方向变动
C. 汇率与本国利率成反方向变动
D. 汇率与外国收入成同方向变动
",D. 汇率与外国收入成同方向变动,以下是中国关于国际金融学考试的单项选择题，请选出其中的正确答案。
"世界银行集团所属的机构不包括____。
A. 国际开发协会
B. 国际金融公司
C. 国际复兴开发银行
D. 多边投资保险机构
",D. 多边投资保险机构,以下是中国关于国际金融学考试的单项选择题，请选出其中的正确答案。
"下列各项中，不属于审计的前提条件的是____。
A. 管理层向注册会计师提供必要的工作条件
B. 存在可接受的财务报告编制基础
C. 管理层认可并理解其对财务报表承担的责任
D. 管理层愿意接受非无保留意见的审计报告
",D. 管理层愿意接受非无保留意见的审计报告,以下是中国关于注册会计师考试的单项选择题，请选出其中的正确答案。
"下列有关注册会计师了解被审计单位性质的说法中，错误的是____。
A. 了解被审计单位筹资活动，有助于注册会计师评估被审计单位在融资方面的压力，并进一步考虑被审计单位在可预见未来的持续经营能力
B. 了解被审计单位所有权结构，有助于注册会计师识别关联方关系并了解被审计单位的决策过程
C. 了解被审计单位治理结构，有助于注册会计师关注被审计单位在经营策略和方向上的重大变化
D. 了解被审计单位经营活动，有助于注册会计师识别预期在财务报表中反映的主要交易类别、重要账户余额和列报
",C. 了解被审计单位治理结构，有助于注册会计师关注被审计单位在经营策略和方向上的重大变化,以下是中国关于注册会计师考试的单项选择题，请选出其中的正确答案。
"在合并财务报表的编制中，抵消固定资产内部交易中包含的未实现利润不会涉及的财务报表项目是____。
A. 营业收入
B. 财务费用
C. 营业外收入
D. 未分配利润——年初
",B. 财务费用,以下是中国关于高级财务会计考试的单项选择题，请选出其中的正确答案。
"对于100名学生某一门课程的成绩，若想得到四分之一分位数、中位数与四分之三分位数，以下____描述统计的办法更有效。
A. 直方图
B. 茎叶图
C. 饼图
D. 点图
",B. 茎叶图,以下是中国关于统计学考试的单项选择题，请选出其中的正确答案。
"在支付过程中，因一方拒绝或无力清偿债务而使另一方或其他当事者蒙受损失的可能性被称为____。
A. 信用风险
B. 流动性风险
C. 系统风险
D. 法律风险
",A. 信用风险,以下是中国关于中央银行学考试的单项选择题，请选出其中的正确答案。
"关于计算财产转让个人所得税时可扣除的财产原值，下列表述正确的是____。
A. 拍卖受赠获得的物品，原值为该拍卖品的市场价值
B. 拍卖通过拍卖行拍得的物品，原值为该物品的评估价值
C. 拍卖祖传的藏品，原值为该拍卖品的评估价值
D. 拍卖从画廊购买的油画，原值为购买拍卖品时实际支付的价款
",D. 拍卖从画廊购买的油画，原值为购买拍卖品时实际支付的价款,以下是中国关于税法考试的单项选择题，请选出其中的正确答案。
"法律的适用有哪些基本原则____。
A. 法无规定不溯及既往、法律面前人人平等、法律保护诚信、法律禁止滥用权利
B. 法无规定不溯及既往、法律保护诚信、法律禁止滥用权利、法律面前人人平等
C. 法无规定不溯及既往、法律禁止滥用权利、法律面前人人平等、法律保护诚信
D. 法律面前人人平等、法律保护诚信、法无规定不溯及既往、法律禁止滥用权利
",A. 法无规定不溯及既往、法律面前人人平等、法律保护诚信、法律禁止滥用权利,以下是中国关于经济法考试的单项选择题，请选出其中的正确答案。
"Chassen公司是一家饼干和曲奇生产商，6月份该公司的单位成本信息如下所示：变动制造成本 5.00，变动营销成本 3.50，固定制造成本 2.00，	固定营销成本 4.00，6月份公司共生产了100000单位产品，其中有10000单位产品仍保留在期末存货中。Chassen公司采用先进先出(FIFO)存货计价法，这10000单位产品是月底唯一的成品存货。采用全部吸收成本法，Chassen公司的成品存货价值应为____。
A. 50000
B. 70000
C. 85000
D. 145000
",B. 70000,以下是中国关于管理会计师考试的单项选择题，请选出其中的正确答案。
"间接标价法下，如果英镑的汇率是2美元，那么美元的汇率是____。
A. 2英镑
B. 1英镑
C. 0.5英镑
D. 无法确定
",C. 0.5英镑,以下是中国关于宏观经济学考试的单项选择题，请选出其中的正确答案。
"杜邦财务分析体系的核心指标是____。
A. 总资产报酬率
B. 可持续增长率
C. ROE
D. 销售利润率
",C. ROE,以下是中国关于商业银行金融学考试的单项选择题，请选出其中的正确答案。
"企业生产销售的下列产品中，属于消费税征税范围的是____。
A. 电动汽车
B. 体育用鞭炮药引线
C. 销售价格为9000元的手表
D. 铅蓄电池
",D. 铅蓄电池,以下是中国关于税法考试的单项选择题，请选出其中的正确答案。
"____是金融衍生产品中相对简单的一种，交易双方约定在未来特定日期按既定的价格购买或出售某项资产。
A. 金融期货合约
B. 金融期权合约
C. 金融远期合约
D. 金融互换协议
",C. 金融远期合约,以下是中国关于金融工程学考试的单项选择题，请选出其中的正确答案。
"财政执行经济稳定职能的主要工具不包括____。
A. 预算收支政策
B. 内在稳定器
C. 政策的选择
D. 发行货币
",D. 发行货币,以下是中国关于财政学考试的单项选择题，请选出其中的正确答案。
"能通过多样化投资策略来分散和回避的风险被称为____。
A. 市场风险
B. 非系统性风险
C. 系统性风险
D. 道德风险
",B. 非系统性风险,以下是中国关于金融市场学考试的单项选择题，请选出其中的正确答案。
"当今世界各国普遍采用的避免国际重复征税的方法是____。
A. 扣除法
B. 免税法
C. 抵免法
D. 税收饶让
",C. 抵免法,以下是中国关于财政学考试的单项选择题，请选出其中的正确答案。
"M国F汽车公司看好亚洲国家汽车市场的发展潜力，便与J国A汽车公司结成战略联盟，以此作为进入亚洲汽车市场的桥梁，这一战略联盟结成的动因是____。
A. 避免经营风险
B. 避免或减少竞争
C. 促进技术创新
D. 开拓新的市场
",D. 开拓新的市场,以下是中国关于公司战略与风险管理考试的单项选择题，请选出其中的正确答案。
"公共需要的特征不包括____。
A. 社会成员享用不需要付出代价。
B. 公共需要是可以无差别地共同享用的需要。
C. 满足公共需要是政府的职责，因此，只能通过政府征税和收费以支撑提供的公共物品。
D. 公共需要是社会公众的共同需要，并非普通意义上的数学加总。
",A. 社会成员享用不需要付出代价。,以下是中国关于财政学考试的单项选择题，请选出其中的正确答案。
"调整企业资金结构并不能____。
A. 降低财务风险
B. 降低经营风险
C. 降低资金成本
D. 增强融资弹性
",B. 降低经营风险,以下是中国关于公司金融学考试的单项选择题，请选出其中的正确答案。
"下列预算中，属于财务预算的是____。
A. 销售预算
B. 生产预算
C. 产品成本预算
D. 现金预算
",D. 现金预算,以下是中国关于财务管理学考试的单项选择题，请选出其中的正确答案。
"其他条件不变，债券久期与债券的____正相关。
A. 到期期限
B. 票面利率
C. 到期收益率
D. 上述说法都正确
",A. 到期期限,以下是中国关于投资学考试的单项选择题，请选出其中的正确答案。
"通过影响商业银行放款能力来发挥作用的工具是____。
A. 公开市场业务
B. 再贴现率
C. 流动性比率
D. 存款准备率
",D. 存款准备率,以下是中国关于货币金融学考试的单项选择题，请选出其中的正确答案。
"已知经营杠杆系数为4，每年的固定成本为9万元，利息费用为1万元，则利息保障倍数为____。
A. 2
B. 2.5
C. 3
D. 4
",C. 3,以下是中国关于财务管理学考试的单项选择题，请选出其中的正确答案。
"我国财政政策目标主要有____。
A. 扩大就业、物价稳定、经济增长和公平分配
B. 充分就业、物价稳定、经济增长和公平分配
C. 充分就业、物价稳定、经济增长和公平再分配
D. 充分就业、物价稳定、经济增长和均匀分配
",B. 充分就业、物价稳定、经济增长和公平分配,以下是中国关于财政学考试的单项选择题，请选出其中的正确答案。
"____被公认为是全球第一家以公司形式运作的创业投资基金。
A. 美国创业投资协会（NVCA）
B. 美国小企业管理局（SBA）
C. “小企业投资公司计划”（SBIC）
D. 美国研究与发展公司（ARD）
",D. 美国研究与发展公司（ARD）,以下是中国关于基金从业资格证考试的单项选择题，请选出其中的正确答案。
"如果方差膨胀因子$VIF=100$，那认为什么问题是最严重的____。
A. 异方差问题
B. 序列相关问题
C. 多重共线性问题
D. 解释变量与随机项的相关性
",C. 多重共线性问题,以下是中国关于计量经济学考试的单项选择题，请选出其中的正确答案。
"下列关于市场准入的说法，不正确的是____。
A. 市场准入是指监管部门采取行政许可手段审查、批准市场主体可以进入某一领域并从事相关活动的机制
B. 机构准入是指依据法定标准，批准银行机构法人或其分支机构的设立
C. 业务准入是指按照盈利性原则，批准银行机构的业务范围和开办新的业务品种
D. 高级管理人员的准入，是指对银行机构高级管理人员任职资格的核准或认可
",C. 业务准入是指按照盈利性原则，批准银行机构的业务范围和开办新的业务品种,以下是中国关于银行从业资格证考试的单项选择题，请选出其中的正确答案。
"按照政府间职能分配的原则，以下职能中不应由中央政府承担的是____。
A. 在经济衰退时期扩张经济
B. 建立社会保障体系
C. 消防工作
D. 本国某城市申办奥运会
",C. 消防工作,以下是中国关于财政学考试的单项选择题，请选出其中的正确答案。
"考虑三张一年期的保单A，B，C，保费都为1000元。保单A在2009年6月1日签单，保单B在2008年7月1日签单，保单C在2007年6月10日签单。在2009年12月31日，利用七十八法则计算未到期责任准备金，结果为____。
A. 小于200
B. 大于等于200，小于250
C. 大于等于250，小于300
D. 大于等于300，小于350
",A. 小于200,以下是中国关于中国精算师考试的单项选择题，请选出其中的正确答案。
"已办理贴现的银行承兑汇票到期办理委托收款时，贴现银行应在银行承兑汇票的背书栏签章为____。
A. 汇票专用章和机构负责人名章
B. 行政公章和经办人名章
C. 结算专用章和经办人名章
D. 财务专用章和经办人章
",A. 汇票专用章和机构负责人名章,以下是中国关于商业银行金融学考试的单项选择题，请选出其中的正确答案。
"设离散型随机变量$\xi$的分布律为$P\{\xi=k\}=\frac{A}{3^{k}\timesk!}$，$k=0,1,2,3,\cdots$则常数$A$应为____。
A. $e^{\frac{1}{3}}$
B. $e^{\frac{-1}{3}}$
C. $e^{-3}$
D. $e^{3}$
",B. $e^{\frac{-1}{3}}$,以下是中国关于统计学考试的单项选择题，请选出其中的正确答案。
"根据物权法律制度的规定，下列各项中，属于《民法典》物权编上物的是____。
A. 太阳
B. 月亮
C. 星星
D. 海域
",D. 海域,以下是中国关于经济法考试的单项选择题，请选出其中的正确答案。
"____是指企业结束经营活动，处置资产并进行分配的行为。
A. 退出
B. 清算
C. 整理
D. 并购
",B. 清算,以下是中国关于基金从业资格证考试的单项选择题，请选出其中的正确答案。
"就统计的范围而言，正确表达了货币账户三个层次间的关系的是____。
A. 金融概览>货币当局资产负债表>货币概览
B. 金融概览>货币概览>货币当局资产负债表
C. 货币概览>货币当局资产负债表>金融概览
D. 货币概览>金融概览>货币当局资产负债表
",B. 金融概览>货币概览>货币当局资产负债表,以下是中国关于中央银行学考试的单项选择题，请选出其中的正确答案。
"下列关于税务行政处罚权设定的表述中，符合税法规定的是____。
A. 县级税务机关可以设定警告
B. 税务行政规章对非经营活动中的违法行为设定罚款不得超过1000元
C. 省级税务机关可以设定罚款
D. 国家税务总局可以通过规章的形式设定除限制人身自由以外的税务行政处罚
",B. 税务行政规章对非经营活动中的违法行为设定罚款不得超过1000元,以下是中国关于税法考试的单项选择题，请选出其中的正确答案。
"流动性最强的金融资产是____。
A. 银行活期存款
B. 居民储蓄存款
C. 银行定期存款
D. 现金
",D. 现金,以下是中国关于货币金融学考试的单项选择题，请选出其中的正确答案。
"下列关于会计假设说法中不正确的是____
A. 会计基本假设包括会计主体、持续经营、会计分期和货币计量
B. 会计主体必然是一个法律主体，法律主体不ー定是一个会计主体
C. 企业会计的确认、计量、记录和报告应当以权责发生制为基础
D. 我国一个完整的会计年度是指公历的一个年度
",B. 会计主体必然是一个法律主体，法律主体不ー定是一个会计主体,以下是中国关于会计考试的单项选择题，请选出其中的正确答案。
"持有货币的机会成本是____。
A. 汇率
B. 流通速度
C. 名义利率
D. 实际利率
",C. 名义利率,以下是中国关于货币金融学考试的单项选择题，请选出其中的正确答案。
"保险经营的基本原则不包括____。
A. 经济核算原则
B. 随行就市原则
C. 薄利多销原则
D. 盈利性原则
",D. 盈利性原则,以下是中国关于保险学考试的单项选择题，请选出其中的正确答案。
"下列产品中，在计算缴纳消费税时准许扣除外购应税消费品已纳消费税的是____。
A. 外购已税烟丝连续生产的卷烟
B. 外购已税游艇生产的应税游艇
C. 外购已税溶剂油生产的应税涂料
D. 外购已税摩托车生产的应税摩托车
",A. 外购已税烟丝连续生产的卷烟,以下是中国关于注册会计师考试的单项选择题，请选出其中的正确答案。
"如果连续增加某种要素的投入量，则在总产量达到最大时，边际产量曲线____。
A. 与纵轴相交
B. 经过原点
C. 与平均产量曲线相交
D. 与横轴相交
",D. 与横轴相交,以下是中国关于微观经济学考试的单项选择题，请选出其中的正确答案。
"个体工商户发生的下列支出中允许在个人所得税税前扣除的是____。
A. 用于家庭的支出
B. 非广告性质赞助支出
C. 生产经营过程中发生的财产转让损失
D. 已缴纳的增值税税款
",C. 生产经营过程中发生的财产转让损失,以下是中国关于税法考试的单项选择题，请选出其中的正确答案。
"根据我国《保险法》，必须经被保险人的书面同意并认可保险金额（父母为其未成年子女投保者除外），才能生效的人身保险合同是____。
A. 以生存为给付保险金条件的合同
B. 以死亡为给付保险金条件的合同
C. 以残废为给付保险金条件的合同
D. 以残废为给付保险金条件的合同
",B. 以死亡为给付保险金条件的合同,以下是中国关于保险学考试的单项选择题，请选出其中的正确答案。
"甲公司是一家玩具生产厂商。为了维持行业第一的地位，甲公司利用庞大的研发团队，不断开发出新款智能型玩具，并深受消费者喜爱。根据上述材料分析，甲公司采用的密集型战略为____。
A. 市场渗透战略
B. 市场开发战略
C. 产品开发战略
D. 多元化战略
",C. 产品开发战略,以下是中国关于公司战略与风险管理考试的单项选择题，请选出其中的正确答案。
"下列增值税应税服务项目中，应按照“租赁服务”计征增值税的是____。
A. 融资性售后回租
B. 写字楼广告位出租
C. 航空运输的湿租业务
D. 提供会议场地及配套服务
",B. 写字楼广告位出租,以下是中国关于注册会计师考试的单项选择题，请选出其中的正确答案。
"通过持有另一种金融工具的相反头寸来降低投资风险的技术称作____。
A. 投机
B. 套利
C. 对冲
D. 多样化
",C. 对冲,以下是中国关于管理会计师考试的单项选择题，请选出其中的正确答案。
"下列各项关于投资性房地产初始计量的表述中，不正确的是____。
A. 无论采用公允价值模式还是成本模式对投资性房地产进行后续计量，均应按照实际成本对投资性房地产进行初始计量
B. 只有采用公允价值模式进行后续计量的投资性房地产，取得时按照公允价值进行初始计量
C. 自行建造投资性房地产的成本，由建造该项资产达到预定可使用状态前所发生的必要支出构成
D. 外购投资性房地产的成本，包括购买价款、相关税费和可直接归属于该资产的其他支出
",B. 只有采用公允价值模式进行后续计量的投资性房地产，取得时按照公允价值进行初始计量,以下是中国关于中级财务会计考试的单项选择题，请选出其中的正确答案。
"产品单位成本分析的重点是____。
A. 直接工资项目的分析
B. 制造费用项目的分析
C. 直接材料成本项目的分析
D. 管理费用项目的分析
",C. 直接材料成本项目的分析,以下是中国关于成本会计学考试的单项选择题，请选出其中的正确答案。
"下列关于信托业务的分类，说法错误的是____。
A. 根据信托财产形态的不同，可以分为资金信托和财产信托
B. 根据委托人人数的不同，可以分为单一信托和集合信托
C. 根据受托人职责的不同，可以分为主动管理信托和被动管理信托
D. 根据财产分配方式的不同，可以分为融资类信托和投资类信托
",D. 根据财产分配方式的不同，可以分为融资类信托和投资类信托,以下是中国关于银行从业资格证考试的单项选择题，请选出其中的正确答案。
"在资金成本的计算中，不必考虑筹资费用影响因素的是____。
A. 长期借款成本
B. 留存收益成本
C. 债券成本
D. 普通股成本
",B. 留存收益成本,以下是中国关于公司金融学考试的单项选择题，请选出其中的正确答案。
"风险与保险的关系是____。
A. 有保险才有风险
B. 有风险才有保险
C. 风险和保险是同时产生的
D. 就好象先有鸡后有蛋、还是先有蛋后有鸡一样说不清楚
",B. 有风险才有保险,以下是中国关于保险学考试的单项选择题，请选出其中的正确答案。
"下列各担保形式中，____是指借款人或第三人在不转移财产占有权的情况下，将财产作为债权的担保，银行持有抵押财产的担保权益，当借款人不履行借款合同时，银行有权以该财产折价或者以拍卖、变卖该财产的价款优先受偿。
A. 保证
B. 抵押
C. 质押
D. 定金
",B. 抵押,以下是中国关于银行从业资格证考试的单项选择题，请选出其中的正确答案。
"成本费用利润率，无论采用那种形式计算都是产品销售利润或营业利润或利润总额对____。
A. 成本的比率
B. 成本费用的比率
C. 费用的比率
D. 产值的比率
",B. 成本费用的比率,以下是中国关于成本会计学考试的单项选择题，请选出其中的正确答案。
"尽管借款人目前有能力偿还贷款本息，但存在一些可能对偿还产生不利影响因素的贷款是____。
A. 损失类贷款
B. 可疑类贷款
C. 次级类贷款
D. 关注类贷款
",D. 关注类贷款,以下是中国关于商业银行金融学考试的单项选择题，请选出其中的正确答案。
"某保单每月赔款次数可看做均值未知的泊松分布。已知如果前一个月没有赔案发生时，未来一个月的预期赔案次数的参数估计为1/30；如果前两个月没有赔案发生时，未来一个月的预期赔案次数的参数估计为1/55。如果前三个月没有赔案发生时，未来一个月的预期赔案次数的参数估计为____。
A. 1/70
B. 1/75
C. 1/80
D. 1/85
",C. 1/80,以下是中国关于中国精算师考试的单项选择题，请选出其中的正确答案。
"下列关于我国金融资产管理公司的说法不正确的是____。
A. 设立时以最大限度保全资产、减少损失为主要经营目标
B. 我国四家金融资产管理公司组织形式上的发展方向是实行股份制改造
C. 我国四家金融资产管理公司业务上的发展方向是实行完全的政策性经营
D. 1999年我国成立的四家金融资产管理公司分别是信达资产管理公司、长城资产管理公司、东方资产管理公司和华融资产管理公司
",C. 我国四家金融资产管理公司业务上的发展方向是实行完全的政策性经营,以下是中国关于金融学考试的单项选择题，请选出其中的正确答案。
"商业银行持有的资本是否能够充分覆盖风险，取决于两方面的因素____。
A. 持有资本的数量(资本充足率计算公式的分子)，面临的实际风险水平(资本充足率计算公式的分母)
B. 持有资本的数量(资本充足率计算公式的分母)，面临的实际风险水平(资本充足率计算公式的分子)
C. 持有资本的变化量(资本充足率计算公式的分子)，预期风险水平(资本充足率计算公式的分母)
D. 预期风险水平(资本充足率计算公式的分母)，持有资本的变化量(资本充足率计算公式的分子)
",A. 持有资本的数量(资本充足率计算公式的分子)，面临的实际风险水平(资本充足率计算公式的分母),以下是中国关于银行从业资格证考试的单项选择题，请选出其中的正确答案。
"在进行风险评估时，注册会计师通常采用的审计程序是____。
A. 财务报表与其所依据的会计记录相核对
B. 实施分析程序以识别异常的交易或事项，以及对财务报表和审计产生影响的金额、比率和趋势
C. 对应收账款进行函证
D. 以人工方式或使用计算机辅助审计技术，对记录或文件中的数据计算准确性进行核对
",B. 实施分析程序以识别异常的交易或事项，以及对财务报表和审计产生影响的金额、比率和趋势,以下是中国关于审计学考试的单项选择题，请选出其中的正确答案。
"根据《企业所得税法》的规定，下列各项中属于非居民企业的是____。
A. 依法在外国成立但实际管理机构在中国境内的企业
B. 在中国境内成立的外商独资企业
C. 依照外国法律成立，在中国境内未设立机构、场所，但有来源于中国境内所得的企业
D. 依法在中国境外成立，在中国境内未设立机构、场所，也没有来源于中国境内所得的企业
",C. 依照外国法律成立，在中国境内未设立机构、场所，但有来源于中国境内所得的企业,以下是中国关于税法考试的单项选择题，请选出其中的正确答案。
"Playtime玩具公司预计来年将会销售200000件洋娃娃。期初库存为12000件，期末目标的库存量为15000件。每件洋娃娃需要从外部供应商采购一双（2只）鞋子。期初的鞋子库存为20000只，期末目标的库存量为18000只。请问下一年中公司将要采购多少只鞋子____。
A. 396000
B. 398000
C. 402000
D. 404000
",D. 404000,以下是中国关于管理会计师考试的单项选择题，请选出其中的正确答案。
"下面关于外汇看跌期权的表述中，错误的是____。
A. 合约买方拥有卖出外汇的权利
B. 合约买方拥有买入外汇的权利
C. 合约卖方承担买入外汇的义务
D. 合约买方支付的期权费不能收回
",B. 合约买方拥有买入外汇的权利,以下是中国关于国际金融学考试的单项选择题，请选出其中的正确答案。
"张先生辞去月薪1000元的工作，取出自有存款100000元(月息1$\%$)，办一家独资企业，如果不考虑商业风险，则张先生自办企业按月计算的机会成本是____元。
A. 2000
B. 10000
C. 1000
D. 101000
",A. 2000,以下是中国关于中国精算师考试的单项选择题，请选出其中的正确答案。
"某公司计划在明年实现销售收入200000元，销售税率为8$\%$，明年的目标利润为30000元，则企业的目标成本为____。
A. 170000元
B. 167600元
C. 154000元
D. 140000元
",C. 154000元,以下是中国关于成本会计学考试的单项选择题，请选出其中的正确答案。
"随着资本主义大工业的出现和发展，价值规律的实现形式也发生了变化，商品不再以价值而是以生产价格为基础进行交换。作为商品价值的转化形式，生产价格是____。
A. 生产成本与平均利润之和
B. 生产中实际耗费的不变资本和可变资本之和
C. .商品价值与劳动力成本之和
D. 所用资本与所费资本之和
",A. 生产成本与平均利润之和,以下是中国关于政治经济学考试的单项选择题，请选出其中的正确答案。
"6月份，某交易者以200美元/吨的价格卖出4手(25吨/手)执行价格为4000美元/吨的3个月期铜看跌期权。期权到期时，标的期铜价格为4170美元/吨，则该交易者的净损益为____。
A. -20000美元
B. 20000美元
C. -37000美元
D. 37000美元
",B. 20000美元,以下是中国关于期货从业资格证考试的单项选择题，请选出其中的正确答案。
"商业银行对市场风险管理的三个层次不包括____。
A. 董事会
B. 高级管理层
C. 监事会
D. 股东大会
",D. 股东大会,以下是中国关于银行从业资格证考试的单项选择题，请选出其中的正确答案。
"资本主义生产的目的是获得利润。不同生产部门的资本家之间为了得到尽可能多的利润必然展开激烈的竞争从而导致利润平均化。平均利润形成后____。
A. 超额利润便消失了
B. 商品价值就转化为生产价格
C. 价值规律的实现形式没有发生变化
D. 每一个部门获得的利润都等于该部门生产的剩余价值
",B. 商品价值就转化为生产价格,以下是中国关于政治经济学考试的单项选择题，请选出其中的正确答案。
"面值债券XYZ的修正期是6年，下列关于债的说法哪项是正确的____。
A. 如果市场收益率上升1$\%$，债券价格下降60美元
B. 如果市场收益率上升1$\%$，债券价格上升50美元
C. 如果市场收益率上升1$\%$，债券价格下降50美元
D. 如果市场收益率上升1$\%$，债券价格上升60美元
",A. 如果市场收益率上升1$\%$，债券价格下降60美元,以下是中国关于投资学考试的单项选择题，请选出其中的正确答案。
"资本完全流动的情况下，下列哪项论述是正确的____。
A. 在浮动汇率下，扩张性的货币政策引起资本外流，出口减少
B. 在浮动汇率下，扩张性的财政政策引起资本外流，出口减少
C. 在固定汇率下，扩张性的货币政策引起利率不变，收入增加
D. 在固定汇率下，扩张性的财政政策引起利率不变，收入增加
",D. 在固定汇率下，扩张性的财政政策引起利率不变，收入增加,以下是中国关于国际经济学考试的单项选择题，请选出其中的正确答案。
"中国银行业协会的维权职责不包括____。
A. 提出银行业有关政策、立法和行业规划等方面的建议
B. 组织制定行业标准、业务规范及银行业专业人员职业资格考试
C. 组织会员开展行业维权调查
D. 建立与中国银保监会等有关部门的沟通机制
",B. 组织制定行业标准、业务规范及银行业专业人员职业资格考试,以下是中国关于银行从业资格证考试的单项选择题，请选出其中的正确答案。
"下列有关注册会计师针对“回函可靠性”的考虑中，错误的是____。
A. 通过邮寄方式收到的回函，注册会计师可以验证""被询证者确认的询证函是否是原件，是否与注册会计师发出询证函是同一份""等信息
B. 通过跟函方式收到的回函，注册会计师可以观察处理询证函的人员是否按照处理函证的正常流程认真处理询证函
C. 以电子形式收到的回函，注册会计师必须要求被询证者提供回函文件
D. 在收到对询证函口头回复的情况下，注册会计师必须要求被询证者提供直接书面回复
",C. 以电子形式收到的回函，注册会计师必须要求被询证者提供回函文件,以下是中国关于审计学考试的单项选择题，请选出其中的正确答案。
"决定短期国际间资本流动的主要因素是各国的____。
A. 收入水平
B. 利率水平
C. 价格水平
D. 进、出口差额
",B. 利率水平,以下是中国关于宏观经济学考试的单项选择题，请选出其中的正确答案。
"在总需求—总供给模型中，若总需求的变动只引起价格水平的变动，不会引起收入变动，那么这时的总供给曲线是_____。
A. 长期总供给曲线
B. 短期总供给曲线
C. 都有可能
D. 都不可能
",A. 长期总供给曲线,以下是中国关于宏观经济学考试的单项选择题，请选出其中的正确答案。
"在执行首次审计业务时，下列各项审计程序中，通常无法为期初余额提供审计证据的是____。
A. 阅读被审计单位近期财务报表
B. 检查上期期末余额是否已正确结转至本期
C. 查阅前任注册会计师的审计工作底稿
D. 对本期发生额和期末余额实施实质性程序
",D. 对本期发生额和期末余额实施实质性程序,以下是中国关于注册会计师考试的单项选择题，请选出其中的正确答案。
"证券发行者自己组织销售的证券发行方式是____。
A. 直接发行
B. 间接发行
C. 代理发行
D. 公开发行
",A. 直接发行,以下是中国关于货币金融学考试的单项选择题，请选出其中的正确答案。
"企业发生的下列交易或事项中，不会引起当期资本公积（资本溢价）发生变动的是____。
A. 以资本公积转增股本
B. 根据董事会决议，每2股缩为1股
C. 授予员工股票期权在等待期内确认相关费用
D. 同一控制下企业合并中取得被合并方净资产份额小于所支付对价账面价值
",C. 授予员工股票期权在等待期内确认相关费用,以下是中国关于成本会计学考试的单项选择题，请选出其中的正确答案。
"政府会计由预算会计和财务会计构成，下列关于政府会计的表述中，错误的是____。
A. 预算会计实行收付实现制，财务会计实行权责发生制
B. 政府会计主体应当建立预算会计和财务会计两套账分别反映政府会计主体的预算执行信息和财务信息
C. 政府会计应当实现预算会计和财务会计双重功能
D. 政府会计主体应当以预算会计核算生成的数据为基础编制政府决算报告，以财务会计核算生成的数据为基础编制政府财务报告
",B. 政府会计主体应当建立预算会计和财务会计两套账分别反映政府会计主体的预算执行信息和财务信息,以下是中国关于会计考试的单项选择题，请选出其中的正确答案。
"现代企业制度主要以____为代表。
A. 业主制企业
B. 合伙制企业
C. 公司制企业
D. 以上三者都不是
",C. 公司制企业,以下是中国关于公司金融学考试的单项选择题，请选出其中的正确答案。
"下列不属于公司信息披露应当披露的重要信息的是____。
A. 公司经营目标
B. 关联交易
C. 不可预期的风险因素
D. 公司财务和业绩状况
",C. 不可预期的风险因素,以下是中国关于公司金融学考试的单项选择题，请选出其中的正确答案。
"一般来说，一国国际收支出现巨额顺差会使其____。
A. 货币疲软
B. 货币坚挺
C. 通货紧缩
D. 利率下跌
",B. 货币坚挺,以下是中国关于金融市场学考试的单项选择题，请选出其中的正确答案。
"政府为了扶持农业，对农产品规定了高于其均衡价格的支持价格。政府为了维持支持价格，应当采取的措施是____。
A. 增加税收
B. 实行农产品的配给制
C. 收购过剩的农产品
D. 对农民补贴
",C. 收购过剩的农产品,以下是中国关于微观经济学考试的单项选择题，请选出其中的正确答案。
"在一个完全竞争市场中，追求利润最大化的厂商的产品价格上升时，将引起劳动的边际产品价值以及从而导致劳动的需求曲线的变化为____。
A. 边际产品价值降低；劳动的需求曲线右移
B. 边际产品价值增加；劳动的需求曲线左移
C. 边际产品价值增加；劳动的需求曲线右移
D. 边际产品价值降低；劳动的需求曲线左移
",C. 边际产品价值增加；劳动的需求曲线右移,以下是中国关于微观经济学考试的单项选择题，请选出其中的正确答案。
"商业银行与其他金融机构区别之一在于其能接受____。
A. 原始存款
B. 定期存款
C. 活期存款
D. 储蓄存款
",C. 活期存款,以下是中国关于金融学考试的单项选择题，请选出其中的正确答案。
"下列哪个说法不属于生命周期假说____。
A. 个人可支配收入和财富的边际消费倾向取决于该消费者的年龄
B. 当收入相对于一生平均收入高时，储蓄也高
C. 当收入相对于一生平均收入低时，储蓄也低
D. 消费者的消费支出主要不是由他的现期收入决定，而是由他的永久收入决定
",D. 消费者的消费支出主要不是由他的现期收入决定，而是由他的永久收入决定,以下是中国关于宏观经济学考试的单项选择题，请选出其中的正确答案。
"借贷资本的主要来源不包括____。
A. 职能资本家已投入使用的资本
B. 固定资本未更新前的折旧
C. 暂时未使用的原材料费
D. 准备用于支付工资的货币
",A. 职能资本家已投入使用的资本,以下是中国关于政治经济学考试的单项选择题，请选出其中的正确答案。
"____是指，一方主管机构未经他方主管机构的请求，将其所取得与他方主管机构有关的信息，主动提供给他方主管机构。
A. 自发性协助
B. 相互提供信息
C. 自发性监管
D. 自律监管
",A. 自发性协助,以下是中国关于基金从业资格证考试的单项选择题，请选出其中的正确答案。
"一个分析师在研究一个10年期，票面利率为8$\%$的债券。该债券的必要到期收益率为8$\%$。分析师发现到期收益率突然下跌至7.5$\%$。那么，该债券的价格将____。
A. 增加
B. 降低
C. 不变
D. 未提供其他信息情况下无法确定
",A. 增加,以下是中国关于金融市场学考试的单项选择题，请选出其中的正确答案。
"下列各项资产计提的减值准备，在相应减值因素消失时可以转回的是____。
A. 固定资产减值准备
B. 债权投资减值准备
C. 商誉减值准备
D. 长期股权投资减值准备
",B. 债权投资减值准备,以下是中国关于中级财务会计考试的单项选择题，请选出其中的正确答案。
"下列各项关于存货跌价准备相关会计处理的表述中，正确的是____。
A. 已过期且无转让价值的存货通常表明应计提的存货跌价准备等于存货账面价值
B. 已计提存货跌价准备的存货在对外销售时，应当将原计提的存货跌价准备转回并计入资产减值损失
C. 同一项存货中有一部分有合同价格约定、其他部分不存在合同价格的，应当合并确定其可变现净值
D. 生产产品用材料的跌价准备以该材料的市场价格低于成本的金额计量
",A. 已过期且无转让价值的存货通常表明应计提的存货跌价准备等于存货账面价值,以下是中国关于中级财务会计考试的单项选择题，请选出其中的正确答案。
"A公司为增值税一般纳税人，2×20年1月4日，A公司与B公司签订商标销售合同，将一项酒类商标出售，A公司开出的增值税专用发票上注明的价款为200万元，增值税税额为12万元，款项已经存入银行。该商标的账面余额为320万元，已累计摊销金额为80万元，已计提减值准备60万元，不考虑其他因素。A公司出售无形资产计入资产处置损益的金额为____万元。
A. 32
B. 20
C. -120
D. 0
",B. 20,以下是中国关于会计考试的单项选择题，请选出其中的正确答案。
"如果经济已形成通货膨胀压力，但因价格管制没有物价的上涨，则此时经济____。
A. 不存在通货膨胀
B. 存在抑制性的通货膨胀
C. 存在恶性的通货膨胀
D. 存在温和的通货膨胀
",B. 存在抑制性的通货膨胀,以下是中国关于宏观经济学考试的单项选择题，请选出其中的正确答案。
"某增值税一般纳税企业自建生产设备一台，购入工程物资400万元，增值税税额为52万元，50$\%$工程物资已经领用用于建造生产设备；耗用库存材料60万元，应负担的增值税税额为7.8万元；领用产品成本5万元，售价为8万元，支付建筑工人工资70万元。该生产设备建造完成并达到预定可使用状态，其入账价值为____万元。
A. 535
B. 335
C. 338
D. 342.8
",B. 335,以下是中国关于会计考试的单项选择题，请选出其中的正确答案。
"某企业投保财产基本险，在保险期限内的某一天，因暴风雨吹断电杆，电线短路引起火花，火花引起仓库燃烧，导致财产损失，那么，财产损失的近因是____。
A. 暴风雨
B. 电线短路
C. 火花
D. 燃烧
",A. 暴风雨,以下是中国关于保险学考试的单项选择题，请选出其中的正确答案。
"甲制药公司是原国有企业改制过来的新兴民营企业，拥有极为丰富的补血类产品线。但是由于资金和管理的问题，导致甲公司在补血类产品市场发展缓慢，在这种情况下，重塑企业管理结构迫在眉睫，经过慎重考虑，公司董事会决定全面变革。但变革的顺利实施是具有挑战性的，变革刚起步就与多个部门的文化发生冲突。根据战略稳定性与文化适应性矩阵的要求，甲制药公司在实施上述战略时，可采取的策略不包括____。
A. 高层管理人员决心进行变革，向全体员工讲明变革的意义
B. 人力资源部门即将招聘一批与新文化相符的新员工
C. 对公司的各部门实行不同的文化管理
D. 设法让员工明确新文化所需要的行为
",C. 对公司的各部门实行不同的文化管理,以下是中国关于公司战略与风险管理考试的单项选择题，请选出其中的正确答案。
"下列各项中，____不符合商业银行开展金融创新活动应遵守的内容。
A. 遵守职业道德标准和专业操守
B. 完整履行尽职义务
C. 以银行利润最大化为中心
D. 充分维护金融消费者和投资者利益
",C. 以银行利润最大化为中心,以下是中国关于银行从业资格证考试的单项选择题，请选出其中的正确答案。
"根据企业国有资产法律制度的规定，下列关于企业国有资产的表述中，正确的是____。
A. 企业国有资产是指国家对企业各种形式的出资所形成的权益
B. 国家作为出资人对所出资企业的法人财产享有所有权
C. 企业国有资产即国家出资企业的法人财产
D. 国家对企业出资所形成的厂房、机器设备等固定资产的所有权属于国家
",A. 企业国有资产是指国家对企业各种形式的出资所形成的权益,以下是中国关于经济法考试的单项选择题，请选出其中的正确答案。
"给定条件，$1000_t\bar{V}(\bar{A}_{x})=100$；$1000\overline{P}(\overline{A}_{x})=10.50$;$\delta=0.03$,计算$\overline{a}_{x+t}$=____。
A. 21
B. 22
C. 25
D. 26
",B. 22,以下是中国关于中国精算师考试的单项选择题，请选出其中的正确答案。
"国家财政不平衡的主要原因不包括____。
A. 弹性税制
B. 国有企业的经营状况
C. 意外事件
D. 外部冲击
",A. 弹性税制,以下是中国关于财政学考试的单项选择题，请选出其中的正确答案。
"甲公司为增值税一般纳税人，采用先进先出法计量发出A原材料的成本。2014年年初，甲公司库存200件A原材料的账面余额为200万元，未计提跌价准备。6月1日购入A原材料250件，成本2375万元（不含增值税）、运输费用80万元（运输费用发票上注明的增值税税额为7.2万元）、保险费用0.23万元。1月31日、6月6日、11月12日分别发出A原材料150件、200件和30件。甲公司2014年12月31日库存A原材料的成本是____。（假设运费增值税税率9$\%$）
A. 665.00万元
B. 686.00万元
C. 687.40万元
D. 700.00万元
",C. 687.40万元,以下是中国关于管理会计学考试的单项选择题，请选出其中的正确答案。
"企业汇兑损益应计入的会计科目是____。
A. “财务费用”
B. “管理费用”
C. “销售费用”
D. “制造费用”
",A. “财务费用”,以下是中国关于成本会计学考试的单项选择题，请选出其中的正确答案。
"区域性股权交易市场是多层次资本市场的重要组成部分，对于促进企业特别是____股权交易和融资，鼓励科技创新和激活民间资本，加强对实体经济薄弱环节的支持，具有积极作用。
A. 大型企业
B. 中小微企业
C. 传统企业
D. 高新技术企业
",B. 中小微企业,以下是中国关于基金从业资格证考试的单项选择题，请选出其中的正确答案。
"银行贷款是杠杆收购的主要资金来源，通常由____部分组成。
A. 循环贷款和定期贷款
B. 循环贷款和不定期贷款
C. 不循环贷款和定期贷款
D. 不循环贷款和不定期贷款
",A. 循环贷款和定期贷款,以下是中国关于基金从业资格证考试的单项选择题，请选出其中的正确答案。
"如果对于消费者甲来说，以商品X替代商品Y的边际替代率等于3，对于消费者乙来说，以商品X替代商品Y的边际替代率等于2，那么有可能发生下述情况____。
A. 乙用X向甲交换Y
B. 乙用Y向甲交换X
C. 甲和乙不会交换商品
D. 以上均不正确
",A. 乙用X向甲交换Y,以下是中国关于微观经济学考试的单项选择题，请选出其中的正确答案。
"下列各项中，应在现金流量表“投资活动产生的现金流量”中反映的是____。
A. 以经营租赁方式租出固定资产所收到的现金
B. 出售固定资产所收到的现金
C. 以经营租赁方式租入固定资产所支付的租金
D. 以融资租赁方式租入固定资产所支付的租金
",B. 出售固定资产所收到的现金,以下是中国关于管理会计学考试的单项选择题，请选出其中的正确答案。
"____是指收购方通过向目标公司的管理层和股东发出购买其所持公司股份书面意思表示，收购目标公司股份的收购方式。
A. 要约收购
B. 协议收购
C. 杠杆并购
D. 混合并购
",A. 要约收购,以下是中国关于公司金融学考试的单项选择题，请选出其中的正确答案。
"由特里芬提出的建立超国家的国际信用储备制度，并在此基础上创立国际储备货币的改革方案是____。
A. 创立国际商品储备货币
B. 建立国际信用储备制度
C. 设立“替代帐户”
D. 设立汇率目标区 
",B. 建立国际信用储备制度,以下是中国关于国际金融学考试的单项选择题，请选出其中的正确答案。
"下列产品中，属千消费税征税范围的是____。
A. 果啤
B. 高尔夫车
C. 变压器油
D. 洗发香波
",A. 果啤,以下是中国关于注册会计师考试的单项选择题，请选出其中的正确答案。
"在以成交价格估价方法确定进口货物完税价格时，下列各项费用应计入完税价格的是____。
A. 由买方负担的购货佣金
B. 在进口货物价款中单独列明的设备进口后发生的维修费
C. 在进口货物价款中单独列明的设备进口后发生的保修费用
D. 在进口货物价款中单独列明的在境内复制进口货物而支付的费用
",C. 在进口货物价款中单独列明的设备进口后发生的保修费用,以下是中国关于注册会计师考试的单项选择题，请选出其中的正确答案。
"根据国际上公认的看法，一国的偿债率（当年还本付息额占当年商品与劳务出口收入的比率）一般不应超过____。
A. 1
B. 0.5
C. 0.2
D. 0.08
",C. 0.2,以下是中国关于货币金融学考试的单项选择题，请选出其中的正确答案。
"下列做法中，不违背会计信息质量可比性要求的有____。
A. 因客户的财务状况好转，将坏账准备的计提比例由应收账款余额的30$\%$降为15$\%$
B. 为了扭转亏损，将本应费用化的借款费用进行资本化
C. 被投资企业本年严重亏损，投资企业将长期股权投资从权益法转为成本法
D. 鉴于本期利润完成不理想，将应费用化的研发支出改成资本化处理
",A. 因客户的财务状况好转，将坏账准备的计提比例由应收账款余额的30$\%$降为15$\%$,以下是中国关于管理会计学考试的单项选择题，请选出其中的正确答案。
"甲公司是一家公务员辅导机构，该公司准备推行某种新的激励方式，虽然这种方式与过去的激励方式相比，并没有根本性的变化，但是，某些利益相关者基于对自身利益的考虑，可能会反对实施新的方法。根据战略稳定性与文化适应性，该公司应该____。
A. 以企业使命为基础
B. 加强协同作用
C. 根据文化进行管理
D. 重新制定战略
",C. 根据文化进行管理,以下是中国关于公司战略与风险管理考试的单项选择题，请选出其中的正确答案。
"下列有关注册会计师在执行财务报表审计时对法律法规的考虑的说法中，错误的是____。
A. 如果怀疑被审计单位存在违反法律法规行为，除非法律法规禁止，注册会计师应当就此与适当层级的管理层和治理层进行讨论
B. 针对通常对决定财务报表重大金额和披露有直接影响的法律法规，注册会计师的责任是实施特定的审计程序，以识别可能对财务报表产生重大影响的违反这些法律法规的行为
C. 如果识别出或怀疑被审计单位存在违反法律法规行为，注册会计师应当考虑是否有责任向被审计单位以外的适当机构报告
D. 注册会计师没有责任防止被审计单位的违反法律法规行为，也不能期望其发现所有的违反法律法规行为
",B. 针对通常对决定财务报表重大金额和披露有直接影响的法律法规，注册会计师的责任是实施特定的审计程序，以识别可能对财务报表产生重大影响的违反这些法律法规的行为,以下是中国关于注册会计师考试的单项选择题，请选出其中的正确答案。
"《商业银行与内部人和股东关联交易管理办法》指出，商业银行对全部关联方的授信余额不得超过商业银行资本净额的____$\%$。
A. 10
B. 15
C. 50
D. 75
",C. 50,以下是中国关于银行从业资格证考试的单项选择题，请选出其中的正确答案。
"我国目前的金融体系采取的是下面哪种模式____。
A. 分业经营、分业监管
B. 分业经营、混业监管
C. 混业经营、分业监管
D. 混业经营、混业监管
",A. 分业经营、分业监管,以下是中国关于中央银行学考试的单项选择题，请选出其中的正确答案。
"甲公司2019年1月10日开始自行研究开发无形资产，12月31日达到预定用途。其中，研究阶段发生职工薪酬30万元、计提专用设备折旧40万元；进入开发阶段后，相关支出符合资本化条件前发生的职工薪酬30万元、计提专用设备折旧30万元，符合资本化条件后发生职工薪酬100万元、计提专用设备折旧200万元。假定不考虑其他因素，甲公司2019年对上述研发支出进行的下列会计处理中，正确的是____。
A. 确认管理费用70万元，确认无形资产360万元
B. 确认管理费用30万元，确认无形资产400万元
C. 确认管理费用130万元，确认无形资产300万元
D. 确认管理费用100万元，确认无形资产330万元
",C. 确认管理费用130万元，确认无形资产300万元,以下是中国关于中级财务会计考试的单项选择题，请选出其中的正确答案。
"甲公司经批准于2015年1月1日以50000万元的价格（不考虑相关税费）发行面值总额为50000万元的可转换公司债券。该可转换公司债券期限为5年，每年1月1日付息、票面年利率为4$\%$，实际利率为6$\%$。利率为6$\%$、期数为5期的普通年金现值系数为4.2124，利率为6$\%$、期数为5期的复利现值系数为0.7473。2015年1月1日发行可转换公司债券时应确认的权益成份的公允价值为____万元。
A. 45789.8
B. 4210.2
C. 50000
D. 0
",B. 4210.2,以下是中国关于会计考试的单项选择题，请选出其中的正确答案。
"2010年，A公司从银行取得借款15000元，存入银行；通过发行普通股取得现金10000元；同时，A公司支付到期的现金股利25000元。A公司2010年现金流量表中“筹资活动产生的现金流量净额”项目的金额为____。
A. 0元
B. 25000元
C. -25000元
D. 50000元
",A. 0元,以下是中国关于中国精算师考试的单项选择题，请选出其中的正确答案。
"甲公司目前存在融资需求，如果采用优序融资理论，管理层应当选择的融资顺序是____。
A. 内部留存收益、发行附认股权证债券、发行公司债券、发行优先股、发行普通股
B. 内部留存收益、发行附认股权证债券、发行优先股、发行公司债券、发行普通股
C. 内部留存收益、发行公司债券、发行优先股、发行附认股权证债券、发行普通股
D. 内部留存收益、发行公司债券、发行附认股权证债券、发行优先股、发行普通股
",D. 内部留存收益、发行公司债券、发行附认股权证债券、发行优先股、发行普通股,以下是中国关于公司金融学考试的单项选择题，请选出其中的正确答案。
"以下各项中不是中央银行存款业务特点的是____。
A. 强制性
B. 有偿性
C. 自愿性
D. 特殊性
",C. 自愿性,以下是中国关于中央银行学考试的单项选择题，请选出其中的正确答案。
"无论美式期权还是欧式期权、看涨期权还是看跌期权，均与期权价值正相关变动的是____。
A. 无风险利率
B. 执行价格
C. 到期期限
D. 股票价格的波动率
",D. 股票价格的波动率,以下是中国关于公司金融学考试的单项选择题，请选出其中的正确答案。
"能为公司和个人提供各种产品和全面的服务的营销渠道____。
A. 高端化网点机构营销渠道
B. 专业性网点机构营销渠道
C. 零售型网点机构营销渠道
D. 全方位网点机构营销渠道
",D. 全方位网点机构营销渠道,以下是中国关于银行从业资格证考试的单项选择题，请选出其中的正确答案。
"在市场风险管理过程中，由于利率、汇率等市场价格因素的频繁波动，____一般不具有实质性意义。
A. 名义价值
B. 市场价值
C. 公允价值
D. 市值重估价值
",A. 名义价值,以下是中国关于银行从业资格证考试的单项选择题，请选出其中的正确答案。
"甲公司采用风险调整法估计债务成本，在选择若干已上市公司债券以确定本公司的信用风险补偿率时，应当选择____。
A. 与本公司信用级别相同的债券
B. 与本公司所处行业相同的公司的债券
C. 与本公司商业模式相同的公司的债券
D. 与本公司债券期限相同的债券
",A. 与本公司信用级别相同的债券,以下是中国关于财务管理学考试的单项选择题，请选出其中的正确答案。
"商业银行在现代经济活动中所发挥的功能不包括____。
A. 信用中介
B. 支付中介
C. 金融服务
D. 货币创造
",D. 货币创造,以下是中国关于商业银行金融学考试的单项选择题，请选出其中的正确答案。
"如果一个行业是一个成本递增行业，则____。
A. 生产中使用的要素供给曲线是垂直的
B. 行业的长期供给曲线有一正的斜率
C. 行业的长期供给曲线有一负的斜率
D. 短期平均成本曲线不是U型的
",B. 行业的长期供给曲线有一正的斜率,以下是中国关于微观经济学考试的单项选择题，请选出其中的正确答案。
"若某股票看涨期权的套期保值率为0.6，则对于有相同到期日和到期价格的看跌期权的套期保值率为____。
A. 0.6
B. 0.4
C. -0.6
D. -0.4
",C. -0.6,以下是中国关于金融工程学考试的单项选择题，请选出其中的正确答案。
"导致保险合同终止的原因不包括____。
A. 合同因期限届满而终止
B. 合同因解除而终止分为法定解除、约定解除和任意解除三种
C. 合同因违约失效而终止
D. 合同因不履行而终止
",D. 合同因不履行而终止,以下是中国关于保险学考试的单项选择题，请选出其中的正确答案。
"在经营租赁中，对承租人支付初始直接费用的会计处理，下列说法正确的是____。
A. 直接计入当期损益
B. 直接计入相关资产成本
C. 在租赁期内按直线法分摊计入相关资产成本或当期损益
D. 在租赁期按租金支付比例分摊计入相关资产成本或当期损益
",A. 直接计入当期损益,以下是中国关于管理会计学考试的单项选择题，请选出其中的正确答案。
"已知某地区新生婴儿的寿命随机变量在(0, 100)上服从均匀分布，则该地区新生婴儿将在(55, 81)之间死亡的概率为____。
A. 0.26
B. 0.34
C. 0.55
D. 0.74
",A. 0.26,以下是中国关于中国精算师考试的单项选择题，请选出其中的正确答案。
"多资产期权往往包含两个或两个以上的标的资产，其典型代表是____。
A. 障碍期权
B. 回望期权
C. 亚式期权
D. 彩虹期权
",D. 彩虹期权,以下是中国关于期货从业资格证考试的单项选择题，请选出其中的正确答案。
"如果A国2000年（基期）的GDP为2000亿元，该国2001年GDP平减指数为2，实际GDP比2000年增加了50$\%$，那么2001年的名义GDP等于____。
A. 8000亿元
B. 4000亿元
C. 6000亿元
D. 3000亿元
",C. 6000亿元,以下是中国关于宏观经济学考试的单项选择题，请选出其中的正确答案。
"不属于客户的理财目标的准确表述的____。
A. 经济目标
B. 短暂目标
C. 人生价值目标
D. 精神追求
",B. 短暂目标,以下是中国关于银行从业资格证考试的单项选择题，请选出其中的正确答案。
"在其他条件不变时，某交易者预计玉米将大幅增产，他最有可能____。
A. 买入玉米期货合约
B. 卖出玉米期货合约
C. 进行玉米期转现交易
D. 进行玉米期现套利
",B. 卖出玉米期货合约,以下是中国关于期货从业资格证考试的单项选择题，请选出其中的正确答案。
"针对识别特征，以下说法中不正确的是____。
A. 对于询问特定人员的审计程序，以询问的时间、被询问人的姓名及职位作为识别特征
B. 对于观察程序，注册会计师可以以观察的对象或观察过程、相关被观察人员及其各自的责任、观察的地点和时间作为识别特征
C. 对于需要选取或复核既定总体内一定金额以上的所有项目的审计程序，注册会计师可以记录实施程序的范围并指明该总体
D. 对订购单进行测试时，通常以供货商作为主要识别特征
",D. 对订购单进行测试时，通常以供货商作为主要识别特征,以下是中国关于审计学考试的单项选择题，请选出其中的正确答案。
"下列适合进行白糖买入套期保值的情形是____。
A. 某白糖生产企业预计两个月后将生产一批白糖
B. 某食品厂已签合同按某价格在两个月后买入一批白糖
C. 某白糖生产企业有一批白糖库存
D. 某经销商已签合同按某价格在三个月后卖出一批白糖，但目前尚未采购白糖
",D. 某经销商已签合同按某价格在三个月后卖出一批白糖，但目前尚未采购白糖,以下是中国关于期货从业资格证考试的单项选择题，请选出其中的正确答案。
"____是指通过对基金所持有的全部资产及应承担的全部负债按一定的原则和方法进行评估与计算，最终确定基金资产净值的过程。
A. 基金的清算
B. 基金的收益分配
C. 基金的估值
D. 基金的托管
",C. 基金的估值,以下是中国关于基金从业资格证考试的单项选择题，请选出其中的正确答案。
"自动转账制度的创新属于____。
A. 避免风险的创新
B. 技术进步推动的创新
C. 规避行政管制的创新
D. 降低经营成本的创新
",C. 规避行政管制的创新,以下是中国关于金融学考试的单项选择题，请选出其中的正确答案。
"企业应当在履行了合同中的履约义务，即在____时确认收入。
A. 签订合同
B. 客户取得相关商品控制权
C. 发出商品
D. 风险报酬转移
",B. 客户取得相关商品控制权,以下是中国关于会计考试的单项选择题，请选出其中的正确答案。
"某日用品制造厂单位产量所带来的边际成本(MC)大于产量增加前的平均可变成本(AVC)，那么在产量增加后平均可变成本会____。
A. 减少
B. 增加
C. 不变
D. 无法判断
",B. 增加,以下是中国关于微观经济学考试的单项选择题，请选出其中的正确答案。
"只可转换债券的面值是1000美元，现在的市场价格是995美元。发行债券的公司股票价格是32美元，可转换率是31股。债券的市场转换价值是____美元。
A. 665
B. 742
C. 853
D. 992
",D. 992,以下是中国关于投资学考试的单项选择题，请选出其中的正确答案。
"甲公司2015年年初的所有者权益总额为2000万元，2015年亏损200万元，2016年亏损300万元，2017年到2019年的税前利润每年均为0，2020年公司实现税前利润800万元。按净利润的10$\%$提取法定盈余公积。公司董事会提出2020年度分配利润50万元，但尚未提交股东大会审议。假设公司2015年至2020年不存在除弥补亏损的其他纳税调整和其他导致所有者权益变动的事项，适用企业所得税税率为25$\%$。则甲公司2020年年末所有者权益总额为____万元。
A. 2300
B. 2145
C. 2225
D. 2175
",C. 2225,以下是中国关于中级财务会计考试的单项选择题，请选出其中的正确答案。
"如果最初的变化将影响到很多市场，即使每个市场只受到轻微的影响，那么____。
A. 一般均衡分析很可能推出错误的结论
B. 局部均衡分析很可能推出错误的结论
C. 局部均衡分析将提供合理可靠的预测
D. 以上说法都不对
",B. 局部均衡分析很可能推出错误的结论,以下是中国关于微观经济学考试的单项选择题，请选出其中的正确答案。
"关于中国证券投资基金业协会的职责，以下表述错误的是____。
A. 办理非公开募集基金的登记、备案
B. 对会员与客户之间发生的基金业务纠纷进行调解
C. 教育和组织会员遵守相关法律及行政法规
D. 有权对会员进行行政处罚
",D. 有权对会员进行行政处罚,以下是中国关于基金从业资格证考试的单项选择题，请选出其中的正确答案。
"甲公司为制造企业，其在日常经营活动中发生的下列费用或损失，应当计入存货成本的是____。
A. 仓库保管人员的工资
B. 季节性停工期间发生的制造费用
C. 未使用管理用固定资产计提的折旧
D. 采购运输过程中因自然灾害发生的损失
",B. 季节性停工期间发生的制造费用,以下是中国关于中级财务会计考试的单项选择题，请选出其中的正确答案。
"银行进行同业拆借的主要目的是____。
A. 增加贷款规模
B. 解决中长期资金不足
C. 调剂准备金头寸
D. 购买有利可图的有价证券
",C. 调剂准备金头寸,以下是中国关于商业银行金融学考试的单项选择题，请选出其中的正确答案。
"财务公司的基本定位不包括____。
A. 通过作为内部银行的金融机构地位，提高企业集团内部资金融通的效率，最大限度地降低财务费用
B. 通过作为内部银行的金融机构地位，提供企业集团内部资金融通的效率，最大程度的提高经济效益
C. 利用自身金融机构在信息、资金等方面的优势，为成员单位提供全方位的顾问服务
D. 紧紧围绕成员单位业务和产品，促进成员单位业务的拓展和产品的销售
",B. 通过作为内部银行的金融机构地位，提供企业集团内部资金融通的效率，最大程度的提高经济效益,以下是中国关于银行从业资格证考试的单项选择题，请选出其中的正确答案。
"信托（契约）型股权投资基金收益分配和风险承担原则由____约定。
A. 基金合同
B. 投资计划
C. 大股东
D. 管理层
",A. 基金合同,以下是中国关于基金从业资格证考试的单项选择题，请选出其中的正确答案。
"考虑两个人的$N$期重复囚徒困境博弈（即囚徒困境博弈重复进行$N$次），在每一期，每个人都可以选择“坦白”或是“抵赖”，该博弈的子博弈完美均衡结果是____。
A. 双方在每一期都选择“坦白”
B. 双方在每一期都选择“抵赖”
C. 双方在前$N-1$期都选择“坦白”，在最后一期都选择“抵赖”
D. 双方在前$N-1$期都选择“抵赖”，在最后一期都选择“坦白”
",A. 双方在每一期都选择“坦白”,以下是中国关于微观经济学考试的单项选择题，请选出其中的正确答案。
"新产品（业务）风险识别是指商业银行在新产品（业务）研发和投产过程中结合产品线的____和风险点，对潜在风险事项或因素进行全面分析和识别并查找出风险原因的过程。
A. 风险事件
B. 风险特点
C. 业务特点
D. 风险类型
",D. 风险类型,以下是中国关于银行从业资格证考试的单项选择题，请选出其中的正确答案。
"中央银行作为特殊的金融机构，其业务对象为____。
A. 一国金融机构与工商企业
B. 一国政府与金融机构
C. 一国工商企业与金融机构
D. 工商企业与个人
",B. 一国政府与金融机构,以下是中国关于金融学考试的单项选择题，请选出其中的正确答案。
"甲公司2×14年12月20日与乙公司签订商品销售合同。合同约定：甲公司应于2×15年5月20日前将合同标的商品运抵乙公司并经验收，在商品运抵乙公司前灭失、毁损、价值变动等风险由甲公司承担。甲公司该项合同中所售商品为库存W商品，2×14年12月30日，甲公司根据合同向乙公司开具了增值税专用发票并于当日确认了商品销售收入。W商品于2×15年5月10日发出并于5月15日运抵乙公司验收合格。对于甲公司2×14年W商品销售收入确认的恰当性判断，除考虑与会计准则规定的收入确认条件的符合性以外，还应考虑可能违背的会计基本假设是____。
A. 会计主体
B. 会计分期
C. 持续经营
D. 货币计量
",B. 会计分期,以下是中国关于会计考试的单项选择题，请选出其中的正确答案。
"待摊费用按月摊销时，应记入____。
A. “生产成本”科目的借方
B. “制造费用”科目的贷方
C. “管理费用”科目的借方
D. “待摊费用”科目的贷方
",D. “待摊费用”科目的贷方,以下是中国关于成本会计学考试的单项选择题，请选出其中的正确答案。
"业绩考评是责任会计的重要环节，它通常以责任预算为依据，通过编制什么将实际完成情况与责任预算相比较，借以评价与考核各个责任中心的工作成果____。
A. 责任报告
B. 差异分析表
C. 预算执行情况表
D. 实际执行与预算比较表
",A. 责任报告,以下是中国关于成本会计学考试的单项选择题，请选出其中的正确答案。
"从存量角度记录居民与非居民之间发生的金融资产与负债状况，并以期初存量、本期交易、其他变化、期末存量等统计指标反映金融资产的变动的报表是指____。
A. 国际收支平衡表
B. 国际投资头寸表
C. 银行概览
D. 货币概览
",B. 国际投资头寸表,以下是中国关于中央银行学考试的单项选择题，请选出其中的正确答案。
"信贷业务政策符合性审查不包括____。
A. 借款用途是否合法合规
B. 客户准入及借款用途是否符合银行、客户、行业、产品等信贷政策
C. 借款人的信用等级评定、授信额度核定、定价、期限、支付方式等是否符合银行信贷政策制度
D. 借款人申请贷款是否履行了法律法规或公司章程规定的授权程序。
",D. 借款人申请贷款是否履行了法律法规或公司章程规定的授权程序。,以下是中国关于银行从业资格证考试的单项选择题，请选出其中的正确答案。
"个别资本通过股份制扩大其资本的支配范围属于____。
A. 资本积累
B. 资本积聚
C. 资本集中
D. 资本垄断
",C. 资本集中,以下是中国关于政治经济学考试的单项选择题，请选出其中的正确答案。
"摊位费属于____。
A. 检验费
B. 交易行为管理费
C. 资格审查收费
D. 裁定性收费
",B. 交易行为管理费,以下是中国关于财政学考试的单项选择题，请选出其中的正确答案。
"在到期日之前可以行使的期权是____。
A. 美式期权
B. 欧式期权
C. 看涨期权
D. 看跌期权
",A. 美式期权,以下是中国关于金融工程学考试的单项选择题，请选出其中的正确答案。
"募集所需主要资料，不属于的一项是____。
A. 私募备忘录（PPM）
B. 募集推介资料
C. 基金条款书
D. （不反向）尽职调查资料
",D. （不反向）尽职调查资料,以下是中国关于基金从业资格证考试的单项选择题，请选出其中的正确答案。
"在直接标价法情况下，如果远期汇率高于即期汇率，则____。
A. 远期外汇升水
B. 远期外汇贴水
C. 远期平价
D. 远期本币升水
",A. 远期外汇升水,以下是中国关于国际经济学考试的单项选择题，请选出其中的正确答案。
"实行专业化银行制的商业银行具有的特点是____。
A. 经营长期信用业务与证券投资业务
B. 只经营吸收存款和发放短期工商贷款业务
C. 经营一部分工商贷款业务与保险业务
D. 与信托业、证券业综合经营
",B. 只经营吸收存款和发放短期工商贷款业务,以下是中国关于金融学考试的单项选择题，请选出其中的正确答案。
"假设目前外汇市场上英镑兑美元的汇率为1英镑=1.9000美元，汇率波动的未来3个月标准差是250基点，目前汇率波动基本符合正态分布，则未来3个月英镑兑美元的汇率有95$\%$的可能处于____区间。
A. (1.8750,1.9250)
B. (1.8000,2.0000)
C. (1.8500,1.9500)
D. (1.8250,1.9750)
","C. (1.8500,1.9500)",以下是中国关于银行从业资格证考试的单项选择题，请选出其中的正确答案。
"下列关于应用控制实现的的目标的说法中，正确的是____。
A. 限制检查、合理性检查、存在检查和格式检查可以实现应用控制审计的准确性目标
B. 入账审批管理的权限设定和授予可以实现应用控制的完整性目标
C. 系统运算逻辑的准确性可以实现应用控制审计的准确性目标
D. 销售订单的系统自动顺序编号不能实现应用控制的完整性目标
",C. 系统运算逻辑的准确性可以实现应用控制审计的准确性目标,以下是中国关于审计学考试的单项选择题，请选出其中的正确答案。
"银行国际业务经营目标不包括____。
A. 安全性
B. 流动性
C. 盈利性
D. 固定性
",D. 固定性,以下是中国关于商业银行金融学考试的单项选择题，请选出其中的正确答案。
"禽流感疫情过后，家禽养殖业恢复，玉米价格上涨。某饲料公司因提前进行了套期保值，规避了玉米现货风险，这体现了衍生品市场的____作用。
A. 锁定生产成本
B. 利用期货价格信号组织生产
C. 锁定利润
D. 投机盈利
",A. 锁定生产成本,以下是中国关于期货从业资格证考试的单项选择题，请选出其中的正确答案。
"已知：C＝3000亿元，I＝800亿元，G＝960亿元，X＝200亿元，M＝160亿元，折旧＝400亿元，则下列正确的是____。
A. 净投资＝800亿元
B. NDP＝4000亿元
C. 净出口＝30亿元
D. GDP＝4800亿元
",D. GDP＝4800亿元,以下是中国关于中国精算师考试的单项选择题，请选出其中的正确答案。
"在商业银行代理业务中，____不是由内部流程引起的操作风险。
A. 未经授权或超过权限擅自进行交易
B. 内部人员盗窃客户资料谋取私利等
C. 销售时进行不恰当的广告和不真实的宣传，错误和误导销售
D. 内外勾结编造虚假代理业务合同骗取手续费收入
",D. 内外勾结编造虚假代理业务合同骗取手续费收入,以下是中国关于银行从业资格证考试的单项选择题，请选出其中的正确答案。
"甲公司为增值税一般纳税人，销售或进口货物适用的增值税税率为13$\%$。该公司共有20名总部管理人员。2015年1月1日甲公司向上述管理人员出售的住房平均每套购买价为280万元，出售的价格为每套160万元。售房协议规定，职工在取得住房后必须在该公司服务满10年（含2015年1月）。2015年7月15日又将本公司生产的笔记本电脑作为福利发放给上述管理人员，每人一台。每台成本为3.6万元，每台售价（等于计税价格）为4万元。假定甲公司采用直线法摊销长期待摊费用，不考虑相关税费。甲公司2015年因上述事项计入管理费用的金额为____万元。
A. 880
B. 240
C. 330.4
D. 93.6
",C. 330.4,以下是中国关于会计考试的单项选择题，请选出其中的正确答案。
"基金进行利润分配会导致基金份额净值____。
A. 不变
B. 上升
C. 下降
D. 影响不确定
",C. 下降,以下是中国关于基金从业资格证考试的单项选择题，请选出其中的正确答案。
"你去年以每股92.07美元的价格购买了一份票息率为3.5$\%$的优先股，你的股票现在的市场价格是96.12美元，你过去1年的收益率是多少____。
A. 0.085
B. 0.092
C. 0.082
D. 0.095
",C. 0.082,以下是中国关于公司金融学考试的单项选择题，请选出其中的正确答案。
"受聘于商品基金经理(CPO)，主要负责帮助CPO挑选商品交易顾问(CTA)，监督CTA交易活动的是____。
A. 介绍经纪商(IB)
B. 托管人(Custodian)
C. 期货佣金商(FCM)
D. 交易经理(TM)
",D. 交易经理(TM),以下是中国关于期货从业资格证考试的单项选择题，请选出其中的正确答案。
"厂商的要素需求曲线向右下方倾斜的原因在于____。
A. 边际成本递减
B. 边际产量递减
C. 边际效益递减
D. 规模效益递减
",B. 边际产量递减,以下是中国关于微观经济学考试的单项选择题，请选出其中的正确答案。
"为检验人的血压与年龄之间是否有某种近似的线性关系，对0~20,20~30,30~40,40~50,50~60及60岁以上的人进行随机抽样检测，该抽样方法属于____。
A. 简单抽样
B. 分层抽样
C. 系统抽样
D. 整群抽样
",B. 分层抽样,以下是中国关于统计学考试的单项选择题，请选出其中的正确答案。
"私募股权投资基金一般是从事____公司股权投资的基金。
A. 上市
B. 新兴
C. 非上市
D. 成熟
",C. 非上市,以下是中国关于基金从业资格证考试的单项选择题，请选出其中的正确答案。
"知立公司是一家致力于游戏软件研发的创新型企业，该公司通过组织授权和培训，帮助每一个员工去挑战自己和团队成长的极限，成就其对事业的追求。下列各项中，属于知立公司作为创新型组织组成要素的是____。
A. 有效的团队合作
B. 合适的组织结构
C. 全员参与创新
D. 关键个体
",C. 全员参与创新,以下是中国关于注册会计师考试的单项选择题，请选出其中的正确答案。
"以下问题中会影响地方政府在提供地方公共产品时的效率的是____。
A. 公共产品成本和收益的外溢性
B. 地区经济之间的高度开放性
C. 各地区人口结构的差异
D. 要素的流动性
",A. 公共产品成本和收益的外溢性,以下是中国关于财政学考试的单项选择题，请选出其中的正确答案。
"以下各项中，____不是香港的港币发行银行。
A. 标准渣打银行
B. 中国银行
C. 嘉华银行
D. 汇丰银行
",C. 嘉华银行,以下是中国关于中央银行学考试的单项选择题，请选出其中的正确答案。
"美式期权是指期权的执行时间____。
A. 只能在到期日
B. 可以在到期日之前的任何时候
C. 可以在到期日或到期日之前的任何时候
D. 不能随意改变
",C. 可以在到期日或到期日之前的任何时候,以下是中国关于金融学考试的单项选择题，请选出其中的正确答案。
"在进行投资决策时，需要估计的债务成本是____。
A. 现有债务的承诺收益
B. 未来债务的期望收益
C. 未来债务的承诺收益
D. 现有债务的期望收益
",B. 未来债务的期望收益,以下是中国关于财务管理学考试的单项选择题，请选出其中的正确答案。
"相对于千差万别的风险溢价，无风险利率就成为____。
A. 实际利率
B. 市场利率
C. 基准利率
D. 行业利率
",C. 基准利率,以下是中国关于金融市场学考试的单项选择题，请选出其中的正确答案。
"不像一般均衡分析，局部均衡分析的是____。
A. 一个部门的变化对其他部门的影响
B. 与供给相独立的需求的变化
C. 一个市场出现的情况，忽视其他市场
D. 经济中所有的相互作用和相互依存关系
",C. 一个市场出现的情况，忽视其他市场,以下是中国关于微观经济学考试的单项选择题，请选出其中的正确答案。
"以下哪项不能有效解释美国跨国公司进行的国际扩张____。
A. 获得新的原材料来源
B. 寻找额外的产品销售区域
C. 保护本国市场免于遭受外国厂商的竞争
D. 最小化生产成本
",C. 保护本国市场免于遭受外国厂商的竞争,以下是中国关于管理会计师考试的单项选择题，请选出其中的正确答案。
"个人客户信用风险的来源不包括____。
A. 商业银行与个人客户之间广泛存在着信息不对称
B. 市场价格波动
C. 银行工作人员违规
D. 宏观经济周期性变化
",C. 银行工作人员违规,以下是中国关于银行从业资格证考试的单项选择题，请选出其中的正确答案。
"柳林为其妻李丽通过某寿险公司代理人张枫购买了10万元人寿保险，指定受益人为他们的儿子柳一，若柳林想变更受益人，需要征得同意意见的人是____。
A. 柳一
B. 某寿险公司
C. 张枫
D. 李丽
",D. 李丽,以下是中国关于保险学考试的单项选择题，请选出其中的正确答案。
"以下属于照顾性税收支出的是____。
A. 后勤机关
B. 审计机构
C. 金融机构
D. 立法机构
",D. 立法机构,以下是中国关于财政学考试的单项选择题，请选出其中的正确答案。
"管理会计与财务会计有何不同____。
A. 信息对象不同
B. 信息处理方法不同
C. 信息使用目的不同
D. 信息来源不同
",C. 信息使用目的不同,以下是中国关于管理会计学考试的单项选择题，请选出其中的正确答案。
"以下不是预算外资金的特点的是____。
A. 财政性
B. 专用性
C. 分散性
D. 非财政性
",D. 非财政性,以下是中国关于财政学考试的单项选择题，请选出其中的正确答案。
"保险公司经营的特殊原则有____。
A. 随行就市原则
B. 经济核算原则
C. 风险大量原则
D. 薄利多销原则
",C. 风险大量原则,以下是中国关于保险学考试的单项选择题，请选出其中的正确答案。
"“公司价值与其资本结构无关”这一命题是____。
A. MM命题
B. 价值增加原则
C. 分离定理
D. 价值第一原则
",A. MM命题,以下是中国关于金融市场学考试的单项选择题，请选出其中的正确答案。
"下列关于城市维护建设税税务处理的表述中，符合税法规定的是____。
A. 纳税人违反增值税法规定被加收的滞纳金应计入城市维护建设税的计税依据
B. 海关进口产品代征的增值税应同时代征城市维护建设税
C. 退还出口产品增值税时应同时退还已缴纳的城市维护建设税
D. 实行增值税期末留抵退税的纳税人，准予从城市维护建设税的计税依据中扣除退还的增值税税额
",D. 实行增值税期末留抵退税的纳税人，准予从城市维护建设税的计税依据中扣除退还的增值税税额,以下是中国关于注册会计师考试的单项选择题，请选出其中的正确答案。
"下面内容哪一项为我国通货紧缩的原因____。
A. 有效需求不足
B. 货币供应过快
C. 生产能力不足
D. 外汇储备增加
",A. 有效需求不足,以下是中国关于货币金融学考试的单项选择题，请选出其中的正确答案。
"假设2016年年初美元对人民币的汇率是1美元等于6元人民币，2016年年末美国的物价上涨了6$\%$，而中国的物价水平上升了8$\%$，根据相对购买力平价理论，2016年年末美元与人民币之间的汇率为____。
A. 5.89
B. 6.11
C. 4.5
D. 8
",B. 6.11,以下是中国关于国际经济学考试的单项选择题，请选出其中的正确答案。
"投资基金国际化不包括____。
A. 投资基金跨境投资
B. 投资基金跨境销售
C. 投资基金跨境管理
D. 投资基金跨境宣传
",D. 投资基金跨境宣传,以下是中国关于基金从业资格证考试的单项选择题，请选出其中的正确答案。
"福特公司是一家汽车制造公司。为了生产出更优质的汽车并控制原材料的投入成本，福特公司开设了自己的牧场，生产的羊毛专用于生产本公司的汽车座垫。根据以上表述，福特公司采用的发展战略是____。
A. 前向一体化战略
B. 后向一体化战略
C. 横向一体化战略
D. 多元化战略
",B. 后向一体化战略,以下是中国关于公司战略与风险管理考试的单项选择题，请选出其中的正确答案。
"下列有关信息技术内部控制审计的表述中，不正确的是____。
A. 对信息技术下内部控制的审计，注册会计师需要从信息技术的一般控制、应用控制以及公司层面信息技术控制审计三方面进行考虑
B. 信息技术的一般控制通常能对实现信息处理目标和财务报表认定做出直接贡献
C. 应用控制审计关注点包括：系统自动生成报告、系统配置和科目映射、接口控制、访问和权限
D. 信息技术应用控制一般要经过输入、处理及输出等环节，自动系统控制关注信息处理目标包括：完整性、准确性、存在和发生等
",B. 信息技术的一般控制通常能对实现信息处理目标和财务报表认定做出直接贡献,以下是中国关于审计学考试的单项选择题，请选出其中的正确答案。
"资本充足率的定期压力测试至少____一次。
A. 半年
B. 一年
C. 两年
D. 三年
",B. 一年,以下是中国关于银行从业资格证考试的单项选择题，请选出其中的正确答案。
"在资产配置中，资产组合的权重应该基于____。
A. 资产的历史表现
B. 资产的预期收益率
C. 资产的市场供求关系
D. 资产的流动性和交易成本
",B. 资产的预期收益率,以下是中国关于金融市场学考试的单项选择题，请选出其中的正确答案。
"下列哪项描述的是发布证券研究报告遵循的独立性原则？____
A. 证券期货经营机构制作证券研究报告应当坚持客观原则，避免使用夸大、低俗、诱导性、煽动性的标题或者用语，不得对证券估值、投资评级作出任何形式的保证
B. 证券期货经营机构应当公平对待证券研究报告的发布对象，不得将证券研究报告的内容或者观点，优先提供给公司内部部门、人员或者特定对象
C. 证券期货经营机构应当采取有效措施，保证制作发布证券研究报告不受利益相关者的千涉和影响
D. 证券期货经营机构制作证券研究报告应当采用严蓮的研究方法和分析逻辑，基于合理的数据基础和事实依据，审慎提出研究结论
",C. 证券期货经营机构应当采取有效措施，保证制作发布证券研究报告不受利益相关者的千涉和影响,以下是中国关于证券从业资格证考试的单项选择题，请选出其中的正确答案。
"扩张性财政政策对经济的影响是____。
A. 缓和了经济萧条但增加了政府债务
B. 缓和了萧条也减轻了政府债务
C. 加剧了通货膨胀但减轻了政府债务
D. 缓和了通货膨胀但增加了政府债务
",A. 缓和了经济萧条但增加了政府债务,以下是中国关于宏观经济学考试的单项选择题，请选出其中的正确答案。
"Logit模型是假定二元选择模型$y_{i}^{*}=X_{i}B+\mu_{i}^{*}$中的随机误差项$\mu_{i}^{*}$的密度函数为____。
A. $f(t)=\frac{e^{-t}}{(1+e^{-t})^{2}}$
B. $f(t)=\frac{1}{(1+e^{-t})}$
C. $f(t)=\frac{e^{-t}}{(1-e^{-t})^{2}}$
D. $f(t)=\frac{1}{(1-e^{-t})}$
",A. $f(t)=\frac{e^{-t}}{(1+e^{-t})^{2}}$,以下是中国关于计量经济学考试的单项选择题，请选出其中的正确答案。
"以多次交换实现企业合并的交易，其合并成本应该是____。
A. 购买日的历史成本
B. 购买日支付的非货币性资产的公允价值
C. 购买日支付的非货币性资产的账面价值
D. 每一购买日单项交易成本之和
",D. 每一购买日单项交易成本之和,以下是中国关于管理会计学考试的单项选择题，请选出其中的正确答案。
"投保人就同一保险标的、同一保险利益与两个或两个以上保险人签订保险合同称为____。
A. 共同保险
B. 重复保险
C. 再保险
D. 原保险
",B. 重复保险,以下是中国关于保险学考试的单项选择题，请选出其中的正确答案。
"指出下面的变量哪一个属于分类变量____。
A. 年龄
B. 工资
C. 汽车产量
D. 购买商品时的支付方式（现金、信用卡、支票）
",D. 购买商品时的支付方式（现金、信用卡、支票）,以下是中国关于统计学考试的单项选择题，请选出其中的正确答案。
"____是指基金管理人委托有资格的第三方基金销售机构为其设立的股权投资基金募集资金。
A. 自行募集
B. 委托募集
C. 非公开募集
D. 公开募集
",B. 委托募集,以下是中国关于基金从业资格证考试的单项选择题，请选出其中的正确答案。
"真正最早全面发挥中央银行职能的是____。
A. 英格兰银行
B. 法兰西银行
C. 德意志银行
D. 瑞典银行
",A. 英格兰银行,以下是中国关于金融学考试的单项选择题，请选出其中的正确答案。
"下列不属于关键风险指标的____。
A. 交易量
B. 员工水平
C. 市场份额
D. 市场变动
",C. 市场份额,以下是中国关于银行从业资格证考试的单项选择题，请选出其中的正确答案。
"下列关于资产的公允价值减去处置费用后的净额的确定中，不正确的是____。
A. 企业应当优先选择公平交易中资产的销售协议价格减去可直接归属于该资产处置费用后的净额确定
B. 在资产不存在销售协议但存在活跃市场的情况下，应按照该资产的市场价格减去处置费用后的金额确定
C. 在不存在销售协议和资产活跃市场的情况下，应以可获取的最佳信息为基础，估计资产的公允价值减去处置费用后的净额
D. 资产的公允价值减去处置费用后的净额的确定中，资产的处置费用包括与资产处置有关的法律费用、相关税费、搬运费、财务费用、所得税费用，以及为使资产达到可销售状态所发生的直接费用等
",D. 资产的公允价值减去处置费用后的净额的确定中，资产的处置费用包括与资产处置有关的法律费用、相关税费、搬运费、财务费用、所得税费用，以及为使资产达到可销售状态所发生的直接费用等,以下是中国关于中级财务会计考试的单项选择题，请选出其中的正确答案。
"哪种频数分布状态下平均数、众数和中位数是相等____。
A. 对称的钟形分布
B. 左偏的钟形分布
C. 右偏的钟形分布
D. $U$形分布
",A. 对称的钟形分布,以下是中国关于统计学考试的单项选择题，请选出其中的正确答案。
"资本主义信用的基本形式有____。
A. 商业信用和银行信用
B. 商业信用和债券信用
C. 银行信用和债券信用
D. 银行信用和政府信用
",A. 商业信用和银行信用,以下是中国关于政治经济学考试的单项选择题，请选出其中的正确答案。
"2015年4月1日，甲公司向乙公司一次购进了三套不同型号且有不同生产能力的设备X、Y和Z。甲公司以银行存款支付货款880000元、包装费20000元、员工培训费50000元。X设备在安装过程中领用生产用原材料账面成本20000元，支付安装费30000元、假定设备X、Y和Z分别满足固定资产的定义及其确认条件，公允价值分别为300000元、250000元、450000元。假设不考虑其他相关税费，则X设备的入账价值为____元。
A. 320000
B. 324590
C. 350000
D. 327990
",A. 320000,以下是中国关于会计考试的单项选择题，请选出其中的正确答案。
"对于认定贷款资金违反合同约定的，银行应按合同约定对该客户采取的限制措施不包括____。
A. 降低受托支付起点金额
B. 要求划回违约支付的贷款资金
C. 停止贷款资金发放
D. 提高受托支付起点金额
",D. 提高受托支付起点金额,以下是中国关于银行从业资格证考试的单项选择题，请选出其中的正确答案。
"用一组有30个观测值的样本估计模型$\hat{Y_{i}}=\beta_{0}+\beta_{1}X_{1i}+\beta_{2}X_{2i}+\mu_{i}$后，在显著性水平0.05下对方程的显著性作检验，此检验的备择假设是____。
A. $\beta_{0}=0$
B. $\beta_{1}=\beta_{2}=0$
C. $\beta_{1}=\beta_{2}\ne0$
D. $\beta_{1}$和$\beta_{2}$不全为0
",D. $\beta_{1}$和$\beta_{2}$不全为0,以下是中国关于计量经济学考试的单项选择题，请选出其中的正确答案。
"甲企业需要在两个投资项目中选择一个较好的投资方案，A1方案投资为450万元，A2投资方案投资为240万元，A1、A2投资方案经营年限均为5年，销路好的概率均为0.7,销路差的概率均为0.3。Al方案销路好、销路差年的损益值分别为300万元和-60万元;A2方案分别为120万元和30万元。经计算Al方案的净收益值为510万元，A2方案的净收益值为225万元，因为Al方案的净收益值大于A2方案的净收益值，因此甲企业最终选择A1投资方案。甲企业采用的风险管理技术与方法属于____。
A. 敏感性分析法
B. 事件树分析法
C. 决策树法
D. 统计推论法
",C. 决策树法,以下是中国关于公司战略与风险管理考试的单项选择题，请选出其中的正确答案。
"2014年1月1日，甲公司取得A公司25$\%$的股份，实际支付款项6000万元，能够对A公司施加重大影响，同日A公司可辨认净资产账面价值为22000万元（与公允价值相等）。2014年度，A公司实现净利润1000万元，无其他所有者权益变动。2015年1月1日，甲公司以定向增发股票的方式购买同一集团内另一企业持有的A公司40$\%$股权。为取得该股权，甲公司增发2000万股普通股，每股面值为1元，每股公允价值为3.5元；支付承销商佣金50万元。取得该股权时，相对于最终控制方而言的A公司可辨认净资产账面价值为23000万元，甲公司所在集团最终控制方此前合并A公司时确认的商誉为200万元。进一步取得投资后，甲公司能够对A公司实施控制。假定甲公司和A公司采用的会计政策、会计期间相同。甲公司2015年1月1日进一步取得股权投资时应确认的资本公积为____万元。
A. 6850
B. 6900
C. 6950
D. 6750
",A. 6850,以下是中国关于会计考试的单项选择题，请选出其中的正确答案。
"年利率为8$\%$，若银行提出按半年复利计算一次利息，则实际利率比其名义利率高____。
A. 0.24$\%$
B. 0.08$\%$
C. 0.16$\%$
D. 4$\%$
",C. 0.16$\%$,以下是中国关于金融市场学考试的单项选择题，请选出其中的正确答案。
"一只可转换债券的面值是1000美元，现在的市场价格是995美元。发行债券的公司的股票价格是32美元，可转换率是31股。债券的转换溢价是____美元。
A. 1
B. 2
C. 3
D. 4
",C. 3,以下是中国关于投资学考试的单项选择题，请选出其中的正确答案。
"下列有关中期财务报告的表述中，正确的是____。
A. 中期财务报告的附注应当以本中期期间为基础编制
B. 中期会计计量应当以年初至本中期期末为基础进行
C. 中期财务报告的附注需重复披露上年度财务报告中已经披露的信息
D. 中期财务报告的附注应披露分部的所有信息
",B. 中期会计计量应当以年初至本中期期末为基础进行,以下是中国关于管理会计学考试的单项选择题，请选出其中的正确答案。
"下列关于理财业务的理解，说法有误的是____。
A. 综合理财服务中，银行可以让客户承担一部分风险
B. 与理财顾问服务相比，综合理财服务更强调个性化
C. 私人银行业务除了提供金融产品外，更重要的是提供全面的服务
D. 私人银行业务不是个人理财业务
",D. 私人银行业务不是个人理财业务,以下是中国关于银行从业资格证考试的单项选择题，请选出其中的正确答案。
"下列各项关于资产期末计量的表述中，正确的是____。
A. 无形资产按照市场价格计量
B. 固定资产期末按照账面价值与可收回金额孰低计量
C. 交易性金融资产期末按照历史成本计量
D. 存货按照账面价值与可变现净值孰低计量
",B. 固定资产期末按照账面价值与可收回金额孰低计量,以下是中国关于中级财务会计考试的单项选择题，请选出其中的正确答案。
"以下关于审计证据的说法中，正确的是____。
A. 有关某一特定认定的审计证据可以替代与其他认定相关的审计证据
B. 从原件获取的审计证据比从传真件或复印件获取的审计证据更可靠
C. 如果从不同来源获取的审计证据或获取的不同性质的审计证据不一致，表明审计证据可能都不可靠，注册会计师无需追加必要的审计程序
D. 注册会计师可以考虑获取审计证据的成本与所获取信息的有用性之间的关系，因此注册会计师可以以获取审计证据的困难和成本为由减少不可替代的审计程序
",B. 从原件获取的审计证据比从传真件或复印件获取的审计证据更可靠,以下是中国关于审计学考试的单项选择题，请选出其中的正确答案。
"下冷静期届满后，募集机构从事基金销售推介业务以外的人员应当以____等留痕方式进行回访,回访过程不得出现诱导性陈述。
A. 录音电话
B. 电邮
C. 信函
D. 以上都正确
",D. 以上都正确,以下是中国关于基金从业资格证考试的单项选择题，请选出其中的正确答案。
"下列各项重大错报风险中，注册会计师应当评估为特别风险的是____。
A. 与关联方交易相关的重大错报风险
B. 与具有高度估计不确定性的会计估计相关的重大错报风险
C. 与管理层挪用货币资金相关的重大错报风险
D. 与重大资产余额相关的重大错报风险
",C. 与管理层挪用货币资金相关的重大错报风险,以下是中国关于注册会计师考试的单项选择题，请选出其中的正确答案。
"2015年12月，上海国际能源交易中心(INE)推出了国内首个____期货品种。
A. 原油
B. 天然气
C. 铜
D. 大豆油
",A. 原油,以下是中国关于期货从业资格证考试的单项选择题，请选出其中的正确答案。
"已知X服从二项分布，数学期望$E(X)=2.4$且方差$D(X)=1.44$，则二项分布的参数为____。
A. $n=4$，$p=0.6$
B. $n=6$，$p=0.4$
C. $n=8$，$p=0.3$
D. $n=24$，$p=0.1$
",B. $n=6$，$p=0.4$,以下是中国关于统计学考试的单项选择题，请选出其中的正确答案。
"鑫宝公司的所有者张某对企业负债承担无限责任，其个人资产与企业资产没有绝对的界限，当企业出现资不抵债时，张某要用其全部资产来抵偿。由此可知鑫宝公司属于____。
A. 业主制企业
B. 合伙制企业
C. 有限责任公司
D. 股份有限公司
",A. 业主制企业,以下是中国关于公司战略与风险管理考试的单项选择题，请选出其中的正确答案。
"什么是外币货币报表中的汇兑损益____。
A. 外币货币报表中的汇兑损益是指企业在外币业务中的汇率损益
B. 外币货币报表中的汇兑损益是指企业在本币业务中的汇率损益
C. 外币货币报表中不包含汇兑损益
D. 外币货币报表中的汇兑损益是指企业在外币业务中的税前利润
",A. 外币货币报表中的汇兑损益是指企业在外币业务中的汇率损益,以下是中国关于高级财务会计考试的单项选择题，请选出其中的正确答案。
"下列内容不体现与银行往来异常现象的是____。
A. 企业销售额下降，成本提高，收益减少，经营亏损
B. 对短期贷款依赖较多，要求贷款展期
C. 贷款超过了借款人的合理支付能力
D. 借款人有抽逃资金的现象，并寻求贷款
",A. 企业销售额下降，成本提高，收益减少，经营亏损,以下是中国关于银行从业资格证考试的单项选择题，请选出其中的正确答案。
"____是指除了信用评级不同外，其余条件全部相同（包括但不限于期限、嵌入条款等）的两种债券收益率的差额。
A. 信用评级
B. 信用利差
C. 债券评级
D. 债券利差
",B. 信用利差,以下是中国关于基金从业资格证考试的单项选择题，请选出其中的正确答案。
"现代商业银行的核心和支柱业务____。
A. 代理业务
B. 贷款业务
C. 零售业务
D. 存款业务
",C. 零售业务,以下是中国关于银行从业资格证考试的单项选择题，请选出其中的正确答案。
"分配加工费用时所采用的在产品完工率，是指在产品____。
A. 所在工序的工时定额之半与完工产品工时定额的比率
B. 所在工序的工时定额与完工产品工时定额的比率
C. 上道工序止累计工时定额和所在工序工时定额之半的合计数与完工产品工时定额的比率
D. 所在工序止累计的工时定额与完工产品工时定额的比率
",C. 上道工序止累计工时定额和所在工序工时定额之半的合计数与完工产品工时定额的比率,以下是中国关于成本会计学考试的单项选择题，请选出其中的正确答案。
"$\varphi$相关系数主要用于____。
A. $2\times2$列联表数据
B. $2\times3$列联表数据
C. $3\times3$列联表数据
D. $3\times4$列联表数据
",A. $2\times2$列联表数据,以下是中国关于统计学考试的单项选择题，请选出其中的正确答案。
"一般物价水平会计的计价单位一般是____。
A. 期末名义货币
B. 以期初名义货币为等值货币
C. 期初名义货币
D. 以期末名义货币为等值货币
",D. 以期末名义货币为等值货币,以下是中国关于高级财务会计考试的单项选择题，请选出其中的正确答案。
"世界银行集团所属的机构不包括____。
A. 国际开发协会
B. 国际金融公司
C. 国际复兴开发银行
D. 多边投资保险机构
",D. 多边投资保险机构,以下是中国关于货币金融学考试的单项选择题，请选出其中的正确答案。
"在资本主义条件下，某汽车垄断企业在一个生产周期内生产100辆汽车。该企业所耗费的生产资料价值为300万元，支付给工人的工资为200万元。此时，汽车行业的平均利润率为20$\%$。在这一生产周期内，如果每辆汽车以10万元的价格进行销售，则该汽车企业获得的垄断利润为____。
A. 300万元
B. 400万元
C. 500万元
D. 600万元
",B. 400万元,以下是中国关于政治经济学考试的单项选择题，请选出其中的正确答案。
"当产出增加时LAC曲线下降，可能是因为____。
A. 规模的经济性
B. 规模的不经济性
C. 收益递减规律的作用
D. 替代效应的作用
",A. 规模的经济性,以下是中国关于中国精算师考试的单项选择题，请选出其中的正确答案。
"资金流量账户是一个矩阵，行为交易内容、列为交易部门。每行和每列的交易量之和为____。
A. 零
B. 大于零
C. 小于零
D. 不确定
",A. 零,以下是中国关于中央银行学考试的单项选择题，请选出其中的正确答案。
"2020年6月，王某从汽车4S店购置了一辆排气量为1.8升的乘用车，支付购车款（含增值税）232000元并取得机动车销售统一发票，支付代收保险费5000元并取得保险公司开具的票据，支付购买工具件价款（含增值税）1000元并取得汽车4S店开具的普通发票。王某应缴纳的车辆购置税为____。
A. 20000元
B. 20619.47元
C. 20517.24元
D. 23800元
",B. 20619.47元,以下是中国关于税法考试的单项选择题，请选出其中的正确答案。
"当企业与客户之间的合同同时满足收入确认的前提条件时，收入确认的时点是____。
A. 向客户收取货款时
B. 将商品交付给客户时
C. 客户取得相关商品控制权时
D. 将商品的所有权转移给客户时
",C. 客户取得相关商品控制权时,以下是中国关于中级财务会计考试的单项选择题，请选出其中的正确答案。
"将某企业职工的月收入依次分为2000元以下、2000元～3000元、3000元～4000元、4000元～5000元、5000元以上几个组。第一组的组中值近似于____。
A. 1000
B. 1500
C. 2000
D. 2500
",B. 1500,以下是中国关于统计学考试的单项选择题，请选出其中的正确答案。
"商业银行的信用中介功能主要表现在哪些方面____。
A. 转移风险
B. 促进资源配置
C. 提供信用
D. 稳定金融市场
",A. 转移风险,以下是中国关于商业银行金融学考试的单项选择题，请选出其中的正确答案。
"收购人未按照《证券法》规定履行上市公司收购的公告、发出收购要约义务的，责令改正，给予警告，并处以____的罚款。
A. 5万元以上50万元以下
B. 50万元以上500万元以下
C. 30万元以上300万元以下
D. 30万元以上500万元以下
",B. 50万元以上500万元以下,以下是中国关于证券从业资格证考试的单项选择题，请选出其中的正确答案。
"在资本资产定价模型中，对于同一条有效边界，投资者甲的偏好无差异曲线比投资者乙的偏好无差异曲线斜率要陡，那么投资者甲的最优组合一定____。
A. 比投资者乙的最优投资组合好
B. 不如投资者乙的最优投资组合好
C. 位于投资者乙的最优投资组合的右边
D. 位于投资者乙的最优投资组合的左边
",D. 位于投资者乙的最优投资组合的左边,以下是中国关于中国精算师考试的单项选择题，请选出其中的正确答案。
"甲公司于2007年购买新设备，2008年该设备会计上计提折旧35万元，税法上允许计提折旧55万元，所得税税率为25$\%$，则甲公司的递延所得税负债余额应该是____。
A. 0万元
B. 5万元
C. 35万元
D. 55万元
",B. 5万元,以下是中国关于高级财务会计考试的单项选择题，请选出其中的正确答案。
"甲公司是一家知名的教育机构，员工数量众多。但自2013年以来，公司效益急剧下降，市场竞争力变弱，员工离职率增加。公司高层召开紧急会议，对公司目前的现状进行了分析，发现公司的内部组织结构和经营管理等方面出现了问题。公司若想改变现状，在讨论纵向分工结构组织内部的管理问题时，需要考虑的方面不包括____。
A. 集权与分权
B. 中层管理人员人数
C. 金融风险
D. 协调与激励
",C. 金融风险,以下是中国关于公司战略与风险管理考试的单项选择题，请选出其中的正确答案。
"一个公司的资产周转率高于行业平均水平，这意味着____。
A. 公司的市盈率高于行业平均水平
B. 在短期内，该公司比同行业其他公司更有可能避免破产风险
C. 这个公司的盈利能力可能高于同行业其他公司
D. 该公司可能比同行业其他公司能够更有效地利用资产
",B. 在短期内，该公司比同行业其他公司更有可能避免破产风险,以下是中国关于投资学考试的单项选择题，请选出其中的正确答案。
"下列关于商业银行市场风险限额管理的说法中，错误的是____。
A. 商业银行应当根据业务的性质、规模、复杂程度和风险承受能力设定限额
B. 制定并实施合理的超限额监控和处理程序是限额管理的一部分
C. 市场风险限额管理应完全独立于流动性风险等其他风险类别的限额管理
D. 商业银行应当根据不同的限额对控制风险的不同作用及其局限性，建立不同类型和不同层次的限额相互补充的合理限额体系
",C. 市场风险限额管理应完全独立于流动性风险等其他风险类别的限额管理,以下是中国关于银行从业资格证考试的单项选择题，请选出其中的正确答案。
"规划、预算编制与预测在管理会计中的主要目的是____。
A. 确定公司的市场定位
B. 评估员工绩效
C. 确定投资策略
D. 辅助管理决策
",D. 辅助管理决策,以下是中国关于管理会计师考试的单项选择题，请选出其中的正确答案。
"对于在某一时段内履行的履约义务，当履约进度不能合理确定时，企业已经发生的成本预计能够得到补偿的，应当____。
A. 按照履约进度确认收入
B. 按照已经发生的成本金额确认收入
C. 按照实际收到的劳务价款确认收入
D. 按照合同约定的劳务价款确认收入
",B. 按照已经发生的成本金额确认收入,以下是中国关于中级财务会计考试的单项选择题，请选出其中的正确答案。
"根据蒙代尔提出的“分配法则”，当一国通胀和顺差并存时，为实现经济的内外平衡，应采取的政策搭配是____。
A. 紧缩财政、紧缩货币
B. 放松财政、紧缩货币
C. 紧缩财政、放松货币
D. 放松财政、放松货币
",C. 紧缩财政、放松货币,以下是中国关于国际经济学考试的单项选择题，请选出其中的正确答案。
"下列税务行政处罚情形中，当事人可以在税务机关作出税务行政处罚决定之前要求听证的是____。
A. 某公司被处以5000元罚款
B. 某中国公民被处以500元罚款
C. 某合伙企业被处以1500元罚款
D. 某非营利组织被处以15000元罚款
",D. 某非营利组织被处以15000元罚款,以下是中国关于税法考试的单项选择题，请选出其中的正确答案。
"甲上市公司上一期经审计的净资产额为50亿元人民币。甲公司拟为乙公司提供保证担保，担保金额为6亿元，并经董事会会议决议通过。甲公司章程规定，单笔对外担保额超过公司最近一期经审计净资产10$\%$的担保须经公司股东大会批准。根据证券法律制度的规定，甲公司披露该笔担保的最早时点应当是____。
A. 甲公司董事会就该笔担保形成决议时
B. 甲公司股东大会就该笔担保形成决议时
C. 证券交易所核准同意甲公司进行担保时
D. 甲公司与乙公司的债权人签订保证合同时
",A. 甲公司董事会就该笔担保形成决议时,以下是中国关于经济法考试的单项选择题，请选出其中的正确答案。
"若一个投资组合落在资本市场线（CML）上，并且处于市场组合的左侧，这说明该投资组合____。
A. 将部分资金投资于无风险资产
B. 以无风险利率借入资金，并将所借资金用于投资风险组合
C. 不是有效前沿组合
D. 是不可能的组合
",A. 将部分资金投资于无风险资产,以下是中国关于金融市场学考试的单项选择题，请选出其中的正确答案。
"下列政策不属于扩张性财政政策的是____。
A. 财政支出规模的扩大
B. 提高税率，增加税收
C. 在财政支出规模不变的情况下，扩大社会总需求
D. 增加民间的可支配收入
",B. 提高税率，增加税收,以下是中国关于银行从业资格证考试的单项选择题，请选出其中的正确答案。
"我国《保险法》将保险公司经营的业务分为____两大类。
A. 财产保险与人寿保险
B. 损失保险与人身保险
C. 财产保险与人身保险
D. 普通保险与法定保险
",C. 财产保险与人身保险,以下是中国关于保险学考试的单项选择题，请选出其中的正确答案。
"出国访学的甲回国后，发现邻居乙的房屋外墙摇摇欲坠，随时可能倒向自己的房屋，更发现乙存在擅自入住自己房屋、在自己房屋门口随意倾倒垃圾、毁坏自己房屋门窗等不当行为，遂向乙提出若干请求。根据基本民事法律制度的规定，下列请求权中，适用诉讼时效的是____。
A. 请求乙加固其随时可能倒塌的房屋外墙
B. 请求乙返还房屋
C. 请求乙停止在自己房屋门口倾倒垃圾
D. 请求乙赔偿毁坏的门窗损失
",D. 请求乙赔偿毁坏的门窗损失,以下是中国关于注册会计师考试的单项选择题，请选出其中的正确答案。
"期权的买方与卖方的权利和义务关系是____。
A. 买方有权选择是否行使期权，卖方有义务交割
B. 买方有义务交割，卖方有权选择是否行使期权
C. 买方有权选择是否行使期权，卖方有权收取权利金
D. 买方有义务交割，卖方有权收取权利金
",A. 买方有权选择是否行使期权，卖方有义务交割,以下是中国关于期货从业资格证考试的单项选择题，请选出其中的正确答案。
"根据期货经营机构的合规运作章节，____情况下期货公司需要经中国证监会或其派出机构批准股权变更。
A. 有关联关系的股东合计持股比例增加到3%
B. 有关联关系的股东合计持股比例增加到5%
C. 期货公司变更第一大股东
D. 期货公司变更第二大股东
",C. 期货公司变更第一大股东,以下是中国关于期货从业资格证考试的单项选择题，请选出其中的正确答案。
"以下不属于金融衍生工具的基本功能的____。
A. 转移价格风险
B. 形成权威性价格
C. 保持资信度不变
D. 提高资产管理质量
",C. 保持资信度不变,以下是中国关于金融学考试的单项选择题，请选出其中的正确答案。
"金融工具创新，以及其程序设计、开发和运用并对解决金融问题的创造性方法进行程序化的科学是____。
A. 金融工程
B. 金融制度
C. 金融理论
D. 金融经济学
",A. 金融工程,以下是中国关于金融工程学考试的单项选择题，请选出其中的正确答案。
"资本家瓜分到剩余价值后，如果将其完全用于个人消费，则生产就在原有规模的基础上重复进行，这叫资本主义简单再生产。资本主义简单再生产，就其实质而言，是____。
A. 劳动过程和价值形成过程的统一
B. 劳动过程和价值增殖过程的统一
C. 物质资料再生产与资本主义生产关系再生产的统一
D. 再生产物质资料价值与转移劳动力价值的统一
",C. 物质资料再生产与资本主义生产关系再生产的统一,以下是中国关于政治经济学考试的单项选择题，请选出其中的正确答案。
"____请求____给付金钱和有价证券，如果债权人和债务人没有其他债务纠纷的，可以向有管辖权的人民法院申请支付令。
A. 债权人；债务人
B. 债务人；债务人
C. 债权人；债权人
D. 债务人；债权人
",A. 债权人；债务人,以下是中国关于银行从业资格证考试的单项选择题，请选出其中的正确答案。
"郑州商品交易所上市品种有____。
A. 镍期货
B. 铁合金期货
C. 玉米淀粉期货
D. 10年期国债期货
",B. 铁合金期货,以下是中国关于期货从业资格证考试的单项选择题，请选出其中的正确答案。
"下列关于证券公司合规部门、业务部门和分支机构的合规管理人员配备，说法错误的是____。
A. 证券公司业务部门、分支机构应当配备具备3年以上证券、金融、法律、会计、信息技术等有关领域工作经历的合规管理人员
B. 证券公司合规管理人员不得兼任其他任何职务
C. 证券公司从事自营、投资银行、债券等合规风险管控难度较大的部门、工作人员人数在15人以上的分支机构以及证券公司异地总部等，应当配备专职合规管理人员
D. 证券公司应当为合规部门配备足够的、具备与履行合规管理职责相适应的专业知识和技能的合规管理人员
",B. 证券公司合规管理人员不得兼任其他任何职务,以下是中国关于证券从业资格证考试的单项选择题，请选出其中的正确答案。
"金本位制下，____是决定两国货币汇率的基础。
A. 货币含金量
B. 铸币平价
C. 中心汇率
D. 货币实际购买力
",B. 铸币平价,以下是中国关于金融市场学考试的单项选择题，请选出其中的正确答案。
"商品价目表对于主营业务收入来说一般只能证明____认定，而不能证明其他认定。
A. 发生
B. 准确性
C. 完整性
D. 权利和义务
",B. 准确性,以下是中国关于审计学考试的单项选择题，请选出其中的正确答案。
"以下哪一种情形涉及定性数据的收集____。
A. 质量控制工程师测量电灯泡的寿命
B. 社会学家通过抽样调查来估计广州市市民的平均年收入
C. 运动器材厂家在区分各大俱乐部棒球选手是左撇子还是右撇子时做的调查
D. 婚礼策划公司通过抽样调查来估计上海市市民举办婚礼的平均开销
",C. 运动器材厂家在区分各大俱乐部棒球选手是左撇子还是右撇子时做的调查,以下是中国关于统计学考试的单项选择题，请选出其中的正确答案。
"某航空公司分析得到销售一张机票的平均时间为2分钟。抽取一个由十名顾客购买机票使用时间组成的随机样本，结果为：1.9，1.7，2.8，2.4，2.6，2.5，2.8，3.2，1.6，2.5分钟。在$\alpha=0.05$的显著性水平下，检验平均售票时间是否超过2分钟，建立的原假设和备择假设____。
A. $H_{0}:\mu\geq2,H_{1}:\mu<2$
B. $H_{0}:\mu\leq2,H_{1}:\mu>2$
C. $H_{0}:\mu=2,H_{1}:\mu\ne2$
D. $H_{0}:\mu<2,H_{1}:\mu\geq2$
","B. $H_{0}:\mu\leq2,H_{1}:\mu>2$",以下是中国关于统计学考试的单项选择题，请选出其中的正确答案。
"下列不属于借款人的义务的是____。
A. 如实提供银行要求的资料(法律规定不能提供者除外)
B. 接受贷款人对其使用信贷资金情况和有关生产经营、财务核定的监督
C. 向银行的上级监管部门反映、举报有关情况
D. 按借款合同约定用途使用贷款
",C. 向银行的上级监管部门反映、举报有关情况,以下是中国关于银行从业资格证考试的单项选择题，请选出其中的正确答案。
"在售后回租业务中，如果属于经营性租赁，则未实现售后回租损益的正确会计处理应该是____。
A. 作为租赁资产折旧费用的调整
B. 按租期内支付租金比例进行分摊
C. 列出“公允价值变动损益”科目
D. 列出“应付产权转让款”科目
",B. 按租期内支付租金比例进行分摊,以下是中国关于高级财务会计考试的单项选择题，请选出其中的正确答案。
"认为当负债比率达100$\%$时，企业价值将达到最大的资金结构理论是____。
A. 平衡理论
B. MM理论
C. 净收益理论
D. 净营业收益理论
",B. MM理论,以下是中国关于公司金融学考试的单项选择题，请选出其中的正确答案。
"执行货币资本职能的是____。
A. 贮藏阶段
B. 生产阶段
C. 购买阶段
D. 售卖阶段
",C. 购买阶段,以下是中国关于政治经济学考试的单项选择题，请选出其中的正确答案。
"下列各项关于政府会计的表述中，正确的是____。
A. 政府财务报告的编制以收付实现制为基础
B. 政府财务报告分为政府部门财务报告和政府综合财务报告
C. 政府财务会计要素包括资产、负债、净资产、收入、成本和费用
D. 政府财务报告包括政府决算报告
",B. 政府财务报告分为政府部门财务报告和政府综合财务报告,以下是中国关于会计考试的单项选择题，请选出其中的正确答案。
"在直接标价法下，如果人民币升值，则美元兑人民币____。
A. 增加或减少无法确定
B. 不变
C. 减少
D. 增加
",C. 减少,以下是中国关于期货从业资格证考试的单项选择题，请选出其中的正确答案。
"美达股份有限公司是一家移动互联网公司。为了确保公司能够有效运行，美达公司对董事会的职权进行整理。下列选项中，属于董事会行使职权的有____。
A. 制订公司的利润分配方案和弥补亏损方案
B. 拟订公司合并、分立、解散的方案
C. 执行股东大会的决议
D. 审议批准监事会或者监事的报告
",D. 审议批准监事会或者监事的报告,以下是中国关于公司战略与风险管理考试的单项选择题，请选出其中的正确答案。
"在保险学中，保险经营效益的提高主要依靠____。
A. 提高保险业务的数量
B. 提高保险费率
C. 控制保险业务的成本
D. 增加保险产品的种类
",C. 控制保险业务的成本,以下是中国关于保险学考试的单项选择题，请选出其中的正确答案。
"考虑保额为10000元的全离散式终身寿险。用$\pi$表示该保单的年缴保费，$L(\pi)$表示该保单签发时的保险人亏损随机变量，其中投保年龄为25岁，且$A_{25}=0.19$，$d=0.05$。则当$L(\pi_{a})$的均值为0时，保费$\pi_{a}$等于____。
A. 117.28
B. 135.75
C. 135.79
D. 136.7
",A. 117.28,以下是中国关于中国精算师考试的单项选择题，请选出其中的正确答案。
"投保人提出保险要求，保险人同意承保的，属于____行为。
A. 要约
B. 反要约
C. 承诺
D. 受约
",C. 承诺,以下是中国关于保险学考试的单项选择题，请选出其中的正确答案。
"某公司今年的收益为每股1元，今年的每股红利为0.5元，该公司的净资产回报率为10$\%$，预计该公司能保持这样的净资产回报率，假设该公司的股权资本成本为10$\%$，那么这个公司的股票价值是多少____。
A. 5
B. 10
C. 10.5
D. 15
",C. 10.5,以下是中国关于金融市场学考试的单项选择题，请选出其中的正确答案。
"赵某拥有两处房产，一处原值60万元的房产供自己和家人居住，另一处原值20万元的房产于2020年7月1日出租给王某居住，按市场价每月取得租金收入1200元。赵某当年应缴纳的房产税为____。
A. 288元
B. 576元
C. 840元
D. 864元
",A. 288元,以下是中国关于税法考试的单项选择题，请选出其中的正确答案。
"下列属于扩张性货币政策操作的是____。
A. 发行央行票据
B. 降低法定存款准备金率
C. 在公开市场上进行正回购操作
D. 在公开市场上进行现券卖断操作
",B. 降低法定存款准备金率,以下是中国关于国际金融学考试的单项选择题，请选出其中的正确答案。
"以下不是可供选择的中介指标的是____。
A. 货币供给量
B. 利率
C. 准备金
D. 汇率
",C. 准备金,以下是中国关于中央银行学考试的单项选择题，请选出其中的正确答案。
"认为银行只宜发放短期贷款的资产管理理论是____。
A. 可转换理论
B. 预期收入理论
C. 真实票据理论
D. 可贷资金论
",C. 真实票据理论,以下是中国关于货币金融学考试的单项选择题，请选出其中的正确答案。
"劳动生产率可变组成指数为134.2$\%$，职工人数结构影响指数为96.3$\%$，所以劳动生产率指数为____。
A. 39.36$\%$
B. 71.76$\%$
C. 129.23$\%$
D. 139.36$\%$
",D. 139.36$\%$,以下是中国关于统计学考试的单项选择题，请选出其中的正确答案。
"1999年1月1日启动的跨国界大额欧元支付系统是____。
A. EBA
B. EAF
C. CHAPS
D. TARGET
",D. TARGET,以下是中国关于中央银行学考试的单项选择题，请选出其中的正确答案。
"目前，我国的基金会计分期以____为单位，分期反映会计主体的财务状况。
A. 每日
B. 季度
C. 每月
D. 年度
",A. 每日,以下是中国关于基金从业资格证考试的单项选择题，请选出其中的正确答案。
"金融创新的内容十分广泛，按创新的主体来分，金融创新可分为____。
A. 逃避管制型
B. 技术推动型
C. 业务的创新
D. 市场主导型
",D. 市场主导型,以下是中国关于货币金融学考试的单项选择题，请选出其中的正确答案。
"期权合约的内容不包括____。
A. 期权的类型
B. 保证金比率的规定
C. 期权的期限和到期日
D. 标的的数量
",D. 标的的数量,以下是中国关于金融工程学考试的单项选择题，请选出其中的正确答案。
"利率对储蓄的收入效应表示，人们在利率水平提高时，希望____。
A. 增加储蓄，减少消费
B. 减少储蓄，增加消费
C. 在不减少消费的情况下增加储蓄
D. 在不减少储蓄的情况下增加消费
",B. 减少储蓄，增加消费,以下是中国关于货币金融学考试的单项选择题，请选出其中的正确答案。
"某企业成立千 2019 年 5 月，其财务人员于 2020 年 4 月向聘请的注册会计师咨询可享受企业所得税优惠政策的小型微利企业认定标准。财务人员的下列表述中，符合税法规定的是____。
A. 小型微利企业优惠政策可适用于限制性行业
B. 小型微利企业资产总额指标按企业全年的季度平均值确定
C. 计算小型微利企业从事人数指标时不包括企业接受的劳务派遣人数
D. 年度中间开业的小型微利企业从下一实际经营期开始确定相关指标
",B. 小型微利企业资产总额指标按企业全年的季度平均值确定,以下是中国关于注册会计师考试的单项选择题，请选出其中的正确答案。
"新华汽配厂在各种产出水平上都显示出了规模报酬递减的情形，于是厂领决定将其划分为两个相等规模的小厂，则其拆分后总产出将会____。
A. 增加
B. 减少
C. 不变
D. 无法确定
",A. 增加,以下是中国关于微观经济学考试的单项选择题，请选出其中的正确答案。
"我国《期货和衍生品法》于2022年4月20日由中华人民共和国第十三届全国人民代表大会常务委员会第三十四次会议通过，自____起施行。
A. 44774
B. 44672
C. 44783
D. 44905
",A. 44774,以下是中国关于证券从业资格证考试的单项选择题，请选出其中的正确答案。
"甲公司将一栋商业大楼出租给乙公司使用，并一直采用成本模式进行后续计量，税法对其成本模式计量口径是认可的。2015年1月1日，由于房地产交易市场的成熟，具备了采用公允价值模式计量的条件，甲公司决定对该投资性房地产从成本模式转换为公允价值模式计量。该大楼原价6000万元，已计提折旧3500万元，当日该大楼的公允价值为7000万元。甲公司按净利润的10$\%$计提法定盈余公积，假设不考虑所得税的影响，则甲公司因此调整2015年初未分配利润____万元。
A. 3037.5
B. 4050
C. 4500
D. 1485
",B. 4050,以下是中国关于会计考试的单项选择题，请选出其中的正确答案。
"某养老金计划为职工提供养老金如下：当服务期低于30年的，则每服务1年每月给付养老金$b_1=30$元；超过30年工龄的部分，每服务一年每月给付养老金$b_2=40$元。王女士现年30岁，25岁开始工作，则其60岁退休时的养老金年收入为____元。
A. 12600
B. 13200
C. 14600
D. 15000
",B. 13200,以下是中国关于中国精算师考试的单项选择题，请选出其中的正确答案。
"以下关于速动比率表述不正确的是____。
A. 速动比率能更准确、可靠地评价借款人资产流动性及其偿还短期债务的能力
B. 一般认为速动比率为1较为合适
C. 零售业允许保持低于1的速动比率
D. 应收账款比较多的客户，速动比率应小于1
",D. 应收账款比较多的客户，速动比率应小于1,以下是中国关于银行从业资格证考试的单项选择题，请选出其中的正确答案。
"股权投资基金估值方法通常不包括____。
A. 相对估值法
B. 成本法
C. 折现现金流法
D. 竞价估值法
",D. 竞价估值法,以下是中国关于基金从业资格证考试的单项选择题，请选出其中的正确答案。
"根据票据法律制度的规定，下列主体中，属于票据上主债务人的是____。
A. 汇票承兑人
B. 支票出票人
C. 汇票出票人
D. 支票付款人
",A. 汇票承兑人,以下是中国关于经济法考试的单项选择题，请选出其中的正确答案。
"下列关于对外直接投资的表述，正确的是____。
A. 我国境内投资者对外直接投资不属于国际直接投资
B. 我国境内投资者对外直接投资不适用我国国内法
C. 对外直接投资仅包括新设和并购，不包括增资和参股
D. 不同的对外直接投资实施核准和备案管理
",D. 不同的对外直接投资实施核准和备案管理,以下是中国关于经济法考试的单项选择题，请选出其中的正确答案。
"企业销售产品或提供劳务发生的应由企业负担的保险费、广告费等属于____。
A. 管理费用
B. 销售费用
C. 制造费用
D. 财务费用
",B. 销售费用,以下是中国关于成本会计学考试的单项选择题，请选出其中的正确答案。
"某学校招聘教师，要求应聘者学历均达到研究生及以上要求，并且必须具备相应的工作经验。上述材料体现的横向分工组织结构的基本协调机制是____。
A. 相互适应，自行调整
B. 技艺(知识)标准化
C. 工作成果标准化
D. 工作过程标准化
",B. 技艺(知识)标准化,以下是中国关于公司战略与风险管理考试的单项选择题，请选出其中的正确答案。
"我国目前的保险监管方式属于____。
A. 公示方式
B. 准则方式
C. 宽松方式
D. 实体方式
",D. 实体方式,以下是中国关于保险学考试的单项选择题，请选出其中的正确答案。
"一个年度付息的债券票面利率为6$\%$，该债券的修正久期为10年，债券价格为800元，该债券的到期收益率为8$\%$。如果到期收益率增加到9$\%$，则该债券的价格将如何变化____。
A. 减少60元
B. 增加60元
C. 减少80元
D. 增加80元
",C. 减少80元,以下是中国关于金融市场学考试的单项选择题，请选出其中的正确答案。
"现代经济中，信用活动与货币运动紧密相联，信用的扩张意味着货币供给的____。
A. 增加
B. 减少
C. 不变
D. 不确定
",A. 增加,以下是中国关于货币金融学考试的单项选择题，请选出其中的正确答案。
"在下列哪个阶段不仅国有商业银行各分支机构在大中城市独立发展银行卡业务，股份制银行也纷纷加入发卡行列，全国金卡工程开始启动____。
A. 萌芽和起步阶段
B. 初步发展阶段
C. 走向国际标准初级阶段
D. 快速发展阶段
",B. 初步发展阶段,以下是中国关于银行从业资格证考试的单项选择题，请选出其中的正确答案。
"个人取得的下列利息收入中，应缴纳个人所得税的是____。
A. 财政部发行国债的利息
B. 个人教育储蓄存款的利息
C. 企业发行公司债券的利息
D. 国家发行金融债券的利息
",C. 企业发行公司债券的利息,以下是中国关于注册会计师考试的单项选择题，请选出其中的正确答案。
"下列有关注册会计师了解被审计单位的性质的说法中，错误的是____。
A. 了解被审计单位的筹资活动，有助于注册会计师评估被审计单位在融资方面的压力，并进一步考虑被审计单位在可预见未来的持续经营能力
B. 了解被审计单位的治理结构，有助于注册会计师关注被审计单位在经营策略和方向上的重大变化
C. 了解被审计单位的经营活动，有助于注册会计师识别预期在财务报表中反映的主要交易类别、重要账户余额和列报
D. 了解被审计单位的所有权结构，有助于注册会计师识别关联方关系并了解被审计单位的决策过程
",B. 了解被审计单位的治理结构，有助于注册会计师关注被审计单位在经营策略和方向上的重大变化,以下是中国关于审计学考试的单项选择题，请选出其中的正确答案。
"在国际金融学中，下列哪个因素会导致一国货币升值____。
A. 国内通货膨胀
B. 国内利率下降
C. 国际资本流入增加
D. 国内经济衰退
",C. 国际资本流入增加,以下是中国关于国际金融学考试的单项选择题，请选出其中的正确答案。
"我国在进口货物或物品时，不征收____。
A. 增值税
B. 消费税
C. 营业税
D. 关税
",C. 营业税,以下是中国关于财政学考试的单项选择题，请选出其中的正确答案。
"甲公司2020年每股收益0.8元。每股分配现金股利0.4元。如果公司股利增长率预计为6$\%$，2020年末股价为50元，预计股利支付率不变，公司2020年的内在市盈率是____。
A. 62.5
B. 58.96
C. 20
D. 18.87
",B. 58.96,以下是中国关于财务管理学考试的单项选择题，请选出其中的正确答案。
"根据物权法律制度的规定，下列各项中，属于动产的是____。
A. 房屋
B. 林木
C. 海域
D. 船舶
",D. 船舶,以下是中国关于经济法考试的单项选择题，请选出其中的正确答案。
"发起、协商、执行和变更登记构成____的基本运作程序。
A. 股权回购
B. 质押回购
C. 股份转让
D. 协议转让
",A. 股权回购,以下是中国关于基金从业资格证考试的单项选择题，请选出其中的正确答案。
"商业银行贷款业务""表外化""的具体做法有____。
A. 可转让支付命令账户
B. 个人退休金账户
C. 周转性贷款承诺
D. 货币市场互助基金
",C. 周转性贷款承诺,以下是中国关于货币金融学考试的单项选择题，请选出其中的正确答案。
"目前，中国人民银行规定中国公民和外国人出入境时，每人每次携带的人民币限额为____元。
A. 5000
B. 6000
C. 8000
D. 20000
",D. 20000,以下是中国关于中央银行学考试的单项选择题，请选出其中的正确答案。
"关于可转换债券，下列描述错误的是____。
A. 可转换债券是指公司债券附加可转换条款，赋予债券持有人按预先确定的比例（转换比率）转换为该公司普通股的选择权
B. 大部分可转换债券是没有抵押的低等级债券，并且常由风险较大的小型公司所发行
C. 发行可转换债券的公司筹措债务资本的能力较低，使用可转换债券的方式将增强对投资者的吸引力
D. 可转换债券不能被发行公司提前赎回
",D. 可转换债券不能被发行公司提前赎回,以下是中国关于金融市场学考试的单项选择题，请选出其中的正确答案。
"资本循环过程中在空间上同时存在的资本形式有____。Ⅰ.货币资本Ⅱ.商品资本Ⅲ.商业资本Ⅳ.生产资本
A. Ⅰ,Ⅱ,Ⅳ
B. Ⅰ,Ⅱ,Ⅲ
C. Ⅱ,Ⅲ,Ⅳ
D. Ⅰ,Ⅲ,Ⅳ
","A. Ⅰ,Ⅱ,Ⅳ",以下是中国关于政治经济学考试的单项选择题，请选出其中的正确答案。
"二手数据的特点____。
A. 搜集方便、数据采集快、采集成本低
B. 采集数据的成本低，搜集比较困难
C. 数据可靠性较好
D. 数据的相关性较好
",A. 搜集方便、数据采集快、采集成本低,以下是中国关于统计学考试的单项选择题，请选出其中的正确答案。
"通货膨胀初期对生产有一定的刺激作用，但这种刺激作用是____。
A. 递减的
B. 递增的
C. 恶性的
D. 良性的
",A. 递减的,以下是中国关于货币金融学考试的单项选择题，请选出其中的正确答案。
"甲公司2012年每股收益0.8元。每股分配现金股利0.4元。如果公司每股收益增长率预计为6$\%$，股权资本成本为10$\%$。股利支付率不变，公司的预期市盈率是____。
A. 11.79
B. 12.5
C. 13.25
D. 8.33
",B. 12.5,以下是中国关于财务管理学考试的单项选择题，请选出其中的正确答案。
"甲公司2019年1月1日以3000万元的价格购入乙公司30$\%$的股份，另支付相关费用15万元。购入时乙公司可辨认净资产的公允价值为11000万元（假定乙公司各项可辨认资产、负债的公允价值与账面价值相等）。乙公司2019年实现净利润600万元。甲公司取得该项投资后对乙公司具有重大影响。假定不考虑其他因素，该投资对甲公司2019年度利润总额的影响为____。
A. 165万元
B. 180万元
C. 465万元
D. 480万元
",C. 465万元,以下是中国关于中级财务会计考试的单项选择题，请选出其中的正确答案。
"位于县城的甲企业2020年5月实际缴纳增值税350万元（其中包括进口环节增值税50万元）、消费税530万元（其中包括由位于市区的乙企业代收代缴的消费税30万元）。则甲企业本月应向所在县城税务机关缴纳的城市维护建设税为____万元。
A. 40
B. 41.5
C. 42.5
D. 44
",A. 40,以下是中国关于税法考试的单项选择题，请选出其中的正确答案。
"在发展中国家的金融自由化改革实践中，被视为成功范例的国家是____。
A. 韩国
B. 阿根廷
C. 智利
D. 新西兰
",D. 新西兰,以下是中国关于金融学考试的单项选择题，请选出其中的正确答案。
"一个9年期的债券，到期收益率为10$\%$，修正久期为6.5年。如果市场利率上升0.5$\%$，预计这个债券的价格变化为____。
A. 3.25$\%$
B. 4.5$\%$
C. -4.5$\%$
D. -3.25$\%$
",D. -3.25$\%$,以下是中国关于金融市场学考试的单项选择题，请选出其中的正确答案。
"单位犯“擅自发行股票、公司、企业债券罪”的，对其直接负责的主管人员和其他责任人员，处____以下有期徒刑或者拘役。
A. 半年
B. 1年
C. 3年
D. 5年
",D. 5年,以下是中国关于证券从业资格证考试的单项选择题，请选出其中的正确答案。
"____是指通过订立信托契约的形式设立的股权投资基金，不具有独立的法人地位。
A. 合伙型股权投资基金
B. 信托（契约）型股权投资基金
C. 公司型股权投资基金
D. 并购型股权投资基金
",B. 信托（契约）型股权投资基金,以下是中国关于基金从业资格证考试的单项选择题，请选出其中的正确答案。
"下列各项中，属于同一控制下企业合并会计处理特点的是____。
A. 合并中可能产生商誉
B. 合并费用计入合并成本
C. 被合并企业净资产按账面价值入账
D. 合并方付出的非现金资产以公允价值计价
",C. 被合并企业净资产按账面价值入账,以下是中国关于管理会计学考试的单项选择题，请选出其中的正确答案。
"法律尽职调查中需要关注主要股东的情况，应重点关注的问题不包括____。
A. 主要股东与目标公司之间的关联交易
B. 主要股东与目标公司之间的资金往来
C. 主要股东与目标公司之间的相互担保是否合法
D. 主要股东是否与企业之间是否存在劳动仲裁
",D. 主要股东是否与企业之间是否存在劳动仲裁,以下是中国关于基金从业资格证考试的单项选择题，请选出其中的正确答案。
"某投资项目的年营业收入为600000元，年经营付现成本为400000元，年折旧额100000元，所得税税率为25$\%$，该项目的每年经营现金净流量为____。
A. 75000元
B. 100000元
C. 175000元
D. 250000元
",C. 175000元,以下是中国关于公司金融学考试的单项选择题，请选出其中的正确答案。
"出租人的租赁资产主要依靠第三者提供资金购买或制造，再将资产出租，这类租赁业务称为____。
A. 转租赁
B. 杠杆租赁
C. 售后租赁
D. 直接租赁
",B. 杠杆租赁,以下是中国关于高级财务会计考试的单项选择题，请选出其中的正确答案。
"假如某厂商的平均收益曲线由水平线变为向右下方倾斜的曲线，这说明____。
A. 既有厂商进入也有厂商退出该行业
B. 完全竞争被不完全竞争所取代
C. 新的厂商进入了该行业
D. 原有厂商退出了该行业
",B. 完全竞争被不完全竞争所取代,以下是中国关于微观经济学考试的单项选择题，请选出其中的正确答案。
"在我国《期货公司风险管理公司业务试点指引》中风险管理公司参与的基差贸易，没有以____等方式提供报价。
A. 确定价格
B. 点价
C. 均价
D. 利率
",D. 利率,以下是中国关于期货从业资格证考试的单项选择题，请选出其中的正确答案。
"(1)战略性配置；(2)动态配置；(3)策略性配置；(4)混合资产配置，以上属于资产配置的主要策略的有____。
A. (1),(2),(3)
B. (1),(2),(4)
C. (2),(3),(4)
D. (1),(2),(3),(4)
","D. (1),(2),(3),(4)",以下是中国关于金融市场学考试的单项选择题，请选出其中的正确答案。
"某建筑企业已与某钢材贸易商签订钢材的采购合同，确立了价格，但尚未实现交收，此时该建筑企业属于____情形。
A. 期货多头
B. 现货多头
C. 期货空头
D. 现货空头
",B. 现货多头,以下是中国关于期货从业资格证考试的单项选择题，请选出其中的正确答案。
"按照“合理的准则”，如果某一经济行为被认为是反竞争的，则其可能存在的行为为____。
A. 不能被证明是一种旨在提高效率合理的经济行为
B. 本质是非法的
C. 违反了克莱顿法
D. 导致纵向或横向兼并
",A. 不能被证明是一种旨在提高效率合理的经济行为,以下是中国关于微观经济学考试的单项选择题，请选出其中的正确答案。
"负债业务创新的一个趋势是____。
A. 在金融领域内创造金融工具
B. 银行派生存款的创造
C. 活期存款比重下降，定期及储蓄存款比重上升
D. 在金融市场上开展金融业务
",C. 活期存款比重下降，定期及储蓄存款比重上升,以下是中国关于货币金融学考试的单项选择题，请选出其中的正确答案。
"关于商誉减值，下列说法中正确的有____。
A. 合并报表中的商誉减值测试时无需考虑其他资产
B. 商誉能单独产生现金流量
C. 商誉应与资产组内的其他资产一样，按比例分摊减值损失
D. 测试商誉减值的资产组的账面价值应包括分摊的商誉的价值
",D. 测试商誉减值的资产组的账面价值应包括分摊的商誉的价值,以下是中国关于会计考试的单项选择题，请选出其中的正确答案。
"在作业成本法下，制造费用的分配标准为____。
A. 工时
B. 产量
C. 成本动因
D. 检验次数
",C. 成本动因,以下是中国关于成本会计学考试的单项选择题，请选出其中的正确答案。
"某美国公司将于3个月后交付货款100万英镑，为规避汇率的不利波动，可在CME____做套期保值。
A. 卖出英镑期货合约
B. 买入英镑期货合约
C. 卖出英镑期货看涨期权合约
D. 买入英镑期货看跌期权合约
",B. 买入英镑期货合约,以下是中国关于期货从业资格证考试的单项选择题，请选出其中的正确答案。
"关于注册会计师确定关健审计事项需要遵循的决策框架，以下说法中，错误的是____。
A. 注册会计师应从“与治理层沟通的事项”中选出“在执行审计工作中重点关注过的事项”
B. 注册会计师应以“与治理层沟通的事项”为起点选择关健审计事项
C. 注册会计师应从“与治理层沟通的事项”中选出“最为重要的事项”,从而构成关键审计事项
D. 注册会计师应从“在执行审计工作时重点关注过的事项”中选出“最为重要的事项”,从而构成关键审计事项
","C. 注册会计师应从“与治理层沟通的事项”中选出“最为重要的事项”,从而构成关键审计事项",以下是中国关于审计学考试的单项选择题，请选出其中的正确答案。
"期货交易实行保证金制度，保证金比率一般为合约价值的____。
A. 5$\%$~10$\%$
B. 5$\%$～15$\%$
C. 10$\%$~15$\%$
D. 10$\%$~20$\%$
",B. 5$\%$～15$\%$,以下是中国关于期货从业资格证考试的单项选择题，请选出其中的正确答案。
"在抵押担保中，抵押物价值____所担保债权的余额部分，可以再次抵押，即抵押人可以同时或者先后就同一项财产向两个以上的债权人进行抵押。
A. 等于
B. 小于
C. 大于
D. 大于或等于
",C. 大于,以下是中国关于银行从业资格证考试的单项选择题，请选出其中的正确答案。
"某企业成立于2020 年 5 月，其财务人员于2022 年4 月向聘请的注册会计师咨询可享受企业所得税优惠政策的小型微利企业认定标准。财务人员的下列表述中，符合税法规定的是____。
A. 小型微利企业优惠政策可适用于限制性行业
B. 小型微利企业资产总额指标按企业全年的季度平均值确定
C. 计算小型微利企业从事人数指标时不包括企业接受的劳务派遣人数
D. 年度中间开业的小型微利企业从下一实际经营期开始确定相关指标
",B. 小型微利企业资产总额指标按企业全年的季度平均值确定,以下是中国关于税法考试的单项选择题，请选出其中的正确答案。
"万丰集团是一家建筑企业，主要承接道路桥梁的建设等项目。由于建筑材料储存成本过高，而价格波动幅度并不大，因此，该公司仅在签订道路桥梁的建设订单合同之后才开始采购必需的建筑材料。针对上述资料可知，万丰集团采用的平衡产能与需求的方法是____。
A. 资源订单式生产
B. 订单生产式生产
C. 匹配策略
D. 滞后策略
",A. 资源订单式生产,以下是中国关于公司战略与风险管理考试的单项选择题，请选出其中的正确答案。
"在外汇市场中，下列各方中____是美元的需求者。
A. 进口国外商品的美国厂商
B. 向美国慈善性捐款的外国人
C. 到国外旅游的美国人
D. 获得美国公司股息的外国人
",B. 向美国慈善性捐款的外国人,以下是中国关于宏观经济学考试的单项选择题，请选出其中的正确答案。
"应收账款和存货周转率变化____。
A. 既可能导致短期融资需求，又可能导致长期融资需求变化
B. 只导致长期融资需求变化
C. 只导致短期融资需求变化
D. 既不可能导致短期融资需求，又不可能导致长期融资需求变化
",A. 既可能导致短期融资需求，又可能导致长期融资需求变化,以下是中国关于银行从业资格证考试的单项选择题，请选出其中的正确答案。
"在我国目前市场经济条件下，____既是国家宏观财政政策的执行者，也是本地区地方性财政政策的制定者。
A. 中央政府
B. 地方政府
C. 国有企业
D. 股份制企业
",B. 地方政府,以下是中国关于财政学考试的单项选择题，请选出其中的正确答案。
"相对于执行本期财务报表审计的注册会计师而言，下列各方中，不属于前任注册会计师的是____。
A. 接受委托对本期财务报表执行审计但未完成审计工作的其他会计师事务所的注册会计师
B. 对上期财务报表执行审计的其他会计师事务所的注册会计师
C. 对上期财务报表执行审阅的其他会计师事务所的注册会计师
D. 接受委托对本期财务报表执行审计并已出具审计报告的其他会计事务所的注册会计师
",C. 对上期财务报表执行审阅的其他会计师事务所的注册会计师,以下是中国关于注册会计师考试的单项选择题，请选出其中的正确答案。
"下列关于税款扣缴制度的表述中，正确的是____。
A. 代扣税款手续费可以由税务所统一办理退库手续
B. 个人收到的个人所得税扣缴手续费，应计征个人所得税
C. 对纳税人、扣缴义务人、纳税担保人应缴纳的欠税及滞纳金，可以先行缴纳欠税，再依法缴纳滞纳金
D. 扣缴义务人履行扣缴义务时，可从所扣缴的税款中减除扣缴手续费后再上交税务机关
",C. 对纳税人、扣缴义务人、纳税担保人应缴纳的欠税及滞纳金，可以先行缴纳欠税，再依法缴纳滞纳金,以下是中国关于税法考试的单项选择题，请选出其中的正确答案。
"法玛和弗伦奇的研究表明资本资产定价模型是无效的，这会导致下列哪些反应____。
A. 测试程序中应该更好地使用计量经济学
B. 估计的资产贝塔值需要被改进
C. 资本资产定价模型的理论渊源和研究结果相抵触，需要重新考虑
D. 上述说法都正确
",D. 上述说法都正确,以下是中国关于投资学考试的单项选择题，请选出其中的正确答案。
"____是出租方利用企业财务杠杆原理，以无追索权借得长期贷款，以租金和设备作为贷款的抵押。
A. 双重租赁
B. 金融租赁
C. 衡平租赁
D. 经营租赁
",C. 衡平租赁,以下是中国关于国际金融学考试的单项选择题，请选出其中的正确答案。
"如果你采用分期付款方式购车，期限36个月，每月底支付4000元，年利率为7$\%$，那么你能购买一辆价值____元的汽车。
A. 144000
B. 200000
C. 129546
D. 130000
",C. 129546,以下是中国关于银行从业资格证考试的单项选择题，请选出其中的正确答案。
"____《信托法》正式施行。
A. 2001年9月1日
B. 2001年11月1日
C. 2001年12月1日
D. 2001年10月1日
",D. 2001年10月1日,以下是中国关于基金从业资格证考试的单项选择题，请选出其中的正确答案。
"两种商品在两个人之间的分配，能被称为帕累托最优的条件为____。
A. 如果不使其中一个人受损失就不能使另一个人受益
B. 每个人都处在其消费契约曲线上
C. 每个人都处在其效用可能性曲线上
D. 包括以上所有条件
",D. 包括以上所有条件,以下是中国关于微观经济学考试的单项选择题，请选出其中的正确答案。
"拉弗曲线没有包含的经济含义是____。
A. 税率、税收收入和经济增长之间存在着相互依存、相互制约的关系，理论上应当存在一种兼顾税收收入与经济增长的最优税率。
B. 高税率不一定带来高税收收入，而高收入也不一定要实行高税率。
C. 可由两种不同税率取得同一水平税收收入。
D. 高税率一定带来高税收收入，高收入也一定要实行高税率。
",D. 高税率一定带来高税收收入，高收入也一定要实行高税率。,以下是中国关于财政学考试的单项选择题，请选出其中的正确答案。
"国家预算原则是指国家选择预算形式和体系以及编制国家预算应遵循的____。
A. 策略和方针
B. 指导思想和原则
C. 指导思想和方针
D. 策略和原则
",C. 指导思想和方针,以下是中国关于财政学考试的单项选择题，请选出其中的正确答案。
"创新金融产品和服务手段，不包括____。
A. 积极引导各类普惠金融服务主体借助互联网等现代信息技术手段
B. 推广创新针对小微企业、高校毕业生、农户、特殊群体以及精准扶贫对象的小额贷款
C. 鼓励金融机构运用大数据、云计算等新兴信息技术
D. 为社会提供信贷服务
",D. 为社会提供信贷服务,以下是中国关于银行从业资格证考试的单项选择题，请选出其中的正确答案。
"下列关于等额本息还款法和等额本金还款法两种还款方式的表述，错误的是____。
A. 采用等额本金还款法比等额本息还款法合算
B. 等额本息还款法是每月以相等的额度偿还贷款本息
C. 等额本金还款法是指在贷款期内每月等额偿还贷款本金，贷款利息逐月递减
D. 从银行的角度来讲，等额本金还款法的还本速度比较快，风险比等额本息还款法小
",A. 采用等额本金还款法比等额本息还款法合算,以下是中国关于银行从业资格证考试的单项选择题，请选出其中的正确答案。
"以下业务中属于商业银行表外业务的是____。
A. 结算业务
B. 信托业务
C. 承诺业务
D. 代理业务
",C. 承诺业务,以下是中国关于货币金融学考试的单项选择题，请选出其中的正确答案。
"一个寻租行为发生的例子是____。
A. 一家公司设法增加在自己所有的财产上收取租金
B. 公司投入资源去劝说政府阻止新公司进入它的行业
C. 政府设法找出一家公司垄断租金的大小
D. 政府设法剥夺一家公司的垄断租金
",B. 公司投入资源去劝说政府阻止新公司进入它的行业,以下是中国关于微观经济学考试的单项选择题，请选出其中的正确答案。
"甲公司2013年实现税后利润1000万元，2013年年初未分配利润为200万元。公司按10$\%$提取法定盈余公积。预计2014年需要新增投资资本500万元。目标资本结构（债务/权益）为4/6。公司执行剩余股利分配政策，2013年可分配现金股利____万元。
A. 700
B. 800
C. 900
D. 600
",A. 700,以下是中国关于财务管理学考试的单项选择题，请选出其中的正确答案。
"在规模报酬不变阶段，若劳动的使用量增加5$\%$，而资本的使用量不变，则____。
A. 产出增加5$\%$
B. 产出减少5$\%$
C. 产出的增加少于5$\%$
D. 产出的增加大于5$\%$
",C. 产出的增加少于5$\%$,以下是中国关于微观经济学考试的单项选择题，请选出其中的正确答案。
"关于货币政策有效性问题存在较大的理论分歧，但从理论演变过程来看，其认识经历了____的演变。
A. 无效—有效—无效
B. 有效—无效—有效
C. 无效—有效
D. 有效—无效
",B. 有效—无效—有效,以下是中国关于中央银行学考试的单项选择题，请选出其中的正确答案。
"马克思指出，不论财富的社会的形式如何，使用价值总是构成财富的物质的内容，而价值则是凝结在商品中无差别的一般人类劳动。商品价值的实质是____。
A. 凝结在商品中的资本与劳动的雇佣关系
B. 通过交换满足他人需要 
C. 构成财富的物质的内容
D. 凝结在商品中的无差别的一般的人类劳动
",D. 凝结在商品中的无差别的一般的人类劳动,以下是中国关于政治经济学考试的单项选择题，请选出其中的正确答案。
"技术分析方法长期以来一直是投资决策的____。
A. 核心工具
B. 辅助工具
C. 关键工具
D. 主要工具
",B. 辅助工具,以下是中国关于基金从业资格证考试的单项选择题，请选出其中的正确答案。
"现行证券交易印花税收入在中央政府与地方政府之间划分的比例是____。
A. 100$\%$归中央政府
B. 100$\%$归地方政府
C. 中央政府与地方政府各分享 50$\%$
D. 中央政府分享 97$\%$，地方政府分享 3$\%$
",A. 100$\%$归中央政府,以下是中国关于注册会计师考试的单项选择题，请选出其中的正确答案。
"人身保险的保险标的是人的生命和身体。与财产保险不同，要求人身保险的保险利益的存在时间是____。
A. 必须在保险合同订立时存在
B. 必须在保险事故发生时存在
C. 必须在保险合同期届满时存在
D. 必须在保险合同订立到保险事故发生的全过程中存在
",A. 必须在保险合同订立时存在,以下是中国关于保险学考试的单项选择题，请选出其中的正确答案。
"信息技术可以提高被审计单位内部控制的效率和效果，主要体现在以下____方面。
A. 不恰当的人为干预
B. 未经授权改变主文档的数据
C. 所依赖的系统或程序不能正确处理数据
D. 降低控制被规避的风险
",D. 降低控制被规避的风险,以下是中国关于审计学考试的单项选择题，请选出其中的正确答案。
"在期货交易中____是会员单位对每笔新开仓交易必须交纳的保证金。
A. 基础保证金
B. 初始保证金
C. 追加保证金
D. 变更追加保证金
",B. 初始保证金,以下是中国关于金融工程学考试的单项选择题，请选出其中的正确答案。
"某人将1000元存入银行,银行的年利率为10$\%$,按复利计算,则4年后此人可从银行取出____元。
A. 1200
B. 1464
C. 1350
D. 1400
",B. 1464,以下是中国关于公司金融学考试的单项选择题，请选出其中的正确答案。
"下列选项中，与新增流动资金贷款额度无关的内容是____。
A. 营运资金量B.借款人自有资金C.现有流动资金贷款D.平均存货余额
B. 借款人自有资金
C. 现有流动资金贷款
D. 平均存货余额
",D. 平均存货余额,以下是中国关于银行从业资格证考试的单项选择题，请选出其中的正确答案。
"国际重复征税产生的根本原因是____。
A. 纳税人所得或收益的国际化
B. 各国所得税制的普遍化
C. 各国行使的税收管辖权的重叠
D. 货币结算的普及化
",C. 各国行使的税收管辖权的重叠,以下是中国关于税法考试的单项选择题，请选出其中的正确答案。
"根据国际上公认的看法，一国的偿债率（当年还本付息额占当年商品与劳务出口收入的比率）一般不应超过____。
A. 100$\%$
B. 50$\%$
C. 20$\%$
D. 8$\%$
",C. 20$\%$,以下是中国关于中央银行学考试的单项选择题，请选出其中的正确答案。
"关于私人银行业务的说法错误的是____。
A. 私人银行业务的客户等级最高，服务种类最齐全
B. 私人银行业务的服务对象主要是高净值客户
C. 私人银行业务面向所有客户提供基础性服务
D. 私人银行业务的个性化服务的特色强
",C. 私人银行业务面向所有客户提供基础性服务,以下是中国关于银行从业资格证考试的单项选择题，请选出其中的正确答案。
"经营活动现金流量可以用不同方法在现金流量表中列报，其中以净利润为起算点并以现金流量表附注形式予以披露的方法是____。
A. 直接法
B. 工作底稿法
C. 间接法
D. T型账户法
",C. 间接法,以下是中国关于中国精算师考试的单项选择题，请选出其中的正确答案。
"已知某种商品的价格在1985年是20美元，在1987年是24美元，如果以1985年为100，1987年这种商品的价格指数是____。
A. 0.2
B. 1.2
C. 1.04
D. 1.02
",B. 1.2,以下是中国关于宏观经济学考试的单项选择题，请选出其中的正确答案。
"劳动力商品是马克思主义政治经济学的一个重要范畴，马克思关于劳动力商品特殊性的论断为剩余价值理论和劳动价值论奠定了科学的基础。与一般商品相比，劳动力商品最突出的特点是____。
A. 具有使用价值和价值
B. 使用价值是价值的源泉
C. 使用价值息货币转化为资本的前提条件
D. 使用价值是劳动力成为商品的前提条件
",B. 使用价值是价值的源泉,以下是中国关于政治经济学考试的单项选择题，请选出其中的正确答案。
"下列属于金融机构所具有的主要职能是____。
A. 金融服务
B. 创造信用工具
C. 管理人民币流通
D. 支付中介
",C. 管理人民币流通,以下是中国关于货币金融学考试的单项选择题，请选出其中的正确答案。
"下列各项中，税务行政复议不是税务行政诉讼必经前置程序的有____。
A. 税务机关确定纳税人的纳税期限引起的税务争议
B. 税务机关不予依法免税、退税引起的税务争议
C. 税务机关不予减税引起的争议
D. 税务机关的税收保全措施引起的税务争议
",D. 税务机关的税收保全措施引起的税务争议,以下是中国关于税法考试的单项选择题，请选出其中的正确答案。
"N运动鞋不仅质量好，款式设计也非常新颖，在消费者心中树立了高端、新潮的品牌形象，受到了年轻人的追捧和喜爱，使得一些潜在进入者很难获得新的市场份额。上述资料表明会影响潜在进入者的进入威胁的是____。
A. 规模经济
B. 进入对方领域
C. 现有企业的市场优势
D. 现有企业对关键资源的控制
",C. 现有企业的市场优势,以下是中国关于公司战略与风险管理考试的单项选择题，请选出其中的正确答案。
"下列关于申请个人商用房贷款时借款人须具备的条件表述中，错误的是____。
A. 具有良好的信用记录和还款意愿
B. 具有稳定的收入来源和按时足额偿还贷款本息的能力
C. 已支付所购商用房市场价值30$\%$以上的首付款
D. 具有完全民事行为能力的自然人
",C. 已支付所购商用房市场价值30$\%$以上的首付款,以下是中国关于银行从业资格证考试的单项选择题，请选出其中的正确答案。
"下列____不是基金的主要利润来源。
A. 利息收入
B. 投资收益
C. 资本公积
D. 其他收入
",C. 资本公积,以下是中国关于基金从业资格证考试的单项选择题，请选出其中的正确答案。
"货币市场、股票市场、债券市场、期货市场中哪种市场是进行货币、商业票据交易的市场____。
A. 货币市场
B. 股票市场
C. 债券市场
D. 期货市场
",A. 货币市场,以下是中国关于金融市场学考试的单项选择题，请选出其中的正确答案。
"不属于商业票据的特点的是____。
A. 面额较大
B. 利率较低
C. 有明确的二级市场
D. 只有一级市场
",C. 有明确的二级市场,以下是中国关于基金从业资格证考试的单项选择题，请选出其中的正确答案。
"中央银行常用的清算方式有____。
A. 全额实时结算
B. 小额定时结算
C. 净额批量
D. 以上全是
",D. 以上全是,以下是中国关于中央银行学考试的单项选择题，请选出其中的正确答案。
"新贸易理论中的外生规模经济理论认为____。
A. 企业规模的扩大会降低平均成本
B. 国际贸易可以促进资源配置效率
C. 贸易的盈余会导致收入再分配
D. 国际贸易可以增加国家福利
",D. 国际贸易可以增加国家福利,以下是中国关于国际经济学考试的单项选择题，请选出其中的正确答案。
"法律具有哪些基本特征____。
A. 一定的时空性、客观性、规范性、强制性
B. 随意性、主观性、自由性、选择性
C. 任意性、私人性、自由性、自愿性
D. 模糊性、随意性、宽容性、灵活性
",A. 一定的时空性、客观性、规范性、强制性,以下是中国关于经济法考试的单项选择题，请选出其中的正确答案。
"下列关于市场参与者的说法不正确的是____。
A. 企业在确定市场参与者时应考虑所计量的相关资产和负债
B. 企业在确定市场参与者时应考虑该资产或负债的主要市场
C. 企业应从自身持有资产、清偿或者以其他方式履行负债的意图和能力角度计量相关资产或负债的公允价值
D. 企业以公允价值计量相关资产或负债，应当基于市场参与者之间的交易确定该资产或负债的公允价值
",C. 企业应从自身持有资产、清偿或者以其他方式履行负债的意图和能力角度计量相关资产或负债的公允价值,以下是中国关于会计考试的单项选择题，请选出其中的正确答案。
"依据“营改增”的政策规定，下列行为中属于“经营租赁服务”的是____。
A. 出租车公司向使用本公司自有出租车的出租车司机收取的管理费用
B. 水路运输的程租业务
C. 纳税人将建筑施工设备配备操作人员出租给他人使用
D. 地铁公司将车厢广告位用于广告公司发布广告
",D. 地铁公司将车厢广告位用于广告公司发布广告,以下是中国关于税法考试的单项选择题，请选出其中的正确答案。
"对正态总体的数学期望$\mu$进行假设检验，若在显著水平0.05下接受$H_{0}:\mu=\mu_{0}$，那么在显著水平0.01下，下列结论正确的____。
A. 可能接受假设，也可能拒绝假设
B. 拒绝假设
C. 接受假设
D. 不接受假设，也不拒绝假设
",C. 接受假设,以下是中国关于统计学考试的单项选择题，请选出其中的正确答案。
"我国某出口商预期3个月后将获得出口货款1000万美元，为了避免人民币升值对货款价值的影响，该出口商应在外汇期货市场上进行美元____。
A. 买入套期保值
B. 买入套期保值
C. 多头投机
D. 空头投机
",B. 买入套期保值,以下是中国关于期货从业资格证考试的单项选择题，请选出其中的正确答案。
"____不是金融衍生工具的特征之一。
A. 依赖于原生性金融工具
B. 表现为一种合约
C. 合约上载明交易品种、价格、数量、交割时间及地点等
D. 可以作为支付工具进行交易
",D. 可以作为支付工具进行交易,以下是中国关于金融工程学考试的单项选择题，请选出其中的正确答案。
"当再投资风险高于利率风险时，以下哪项为正确解释____。
A. 预期市场利率会持续上升
B. 可能出现短期利率高于长期利率的现象
C. 预期市场利率水平不变
D. 预期长期利率将高于短期利率
",B. 可能出现短期利率高于长期利率的现象,以下是中国关于金融市场学考试的单项选择题，请选出其中的正确答案。
"某公民2020年5月支付29万元购入一新型小轿车，交纳了车辆购置税，2021年5月末因该车有严重质量问题申请进行退货并得到厂家的退款，则该公民可申请退还车辆购置税____万元。
A. 0
B. 2.31
C. 2.5
D. 2.92
",B. 2.31,以下是中国关于税法考试的单项选择题，请选出其中的正确答案。
"某公司去年的每股收益是0.2元，分红率是60$\%$，新股票项目的期望回报率是20$\%$，公司股票的$\beta$是1.2。无风险利率是6$\%$，市场组合的回报是11$\%$。该公司股票的期望回报率是____。
A. 0.1
B. 0.11
C. 0.12
D. 0.13
",C. 0.12,以下是中国关于公司金融学考试的单项选择题，请选出其中的正确答案。
"发行价格低于金融工具的票面金额称作____。
A. 溢价
B. 平价
C. 折价
D. 竞价
",C. 折价,以下是中国关于货币金融学考试的单项选择题，请选出其中的正确答案。
"直接用于产品生产的燃料费用，应直接计入或者分配计入____。
A. “制造费用”科目
B. “管理费用”科目
C. “财务费用”科目
D. “生产成本”科目
",D. “生产成本”科目,以下是中国关于成本会计学考试的单项选择题，请选出其中的正确答案。
"消费者偏好转移，会引起旧产品失去销路，增加对新产品的需求，这属于____。
A. 纯粹风险
B. 静态风险
C. 动态风险
D. 可变风险
",C. 动态风险,以下是中国关于保险学考试的单项选择题，请选出其中的正确答案。
"如果国库券的价值高于它各个部分（STRIPPED现金流）价值之和，你应该____。
A. 购买剥离的现金流并进行债券重组以获利
B. 不能通过购买剥离的现金流并进行债券重组获利
C. 通过购买债券建立本息剥离来获利
D. 不能通过购买剥离的现金流并进行债券重组获利，但可以通过购买债券建立本息剥离来获利
",D. 不能通过购买剥离的现金流并进行债券重组获利，但可以通过购买债券建立本息剥离来获利,以下是中国关于投资学考试的单项选择题，请选出其中的正确答案。
"外债结构不包括____。
A. 来源结构或持有者结构
B. 资本结构
C. 期限结构
D. 币种结构
",B. 资本结构,以下是中国关于财政学考试的单项选择题，请选出其中的正确答案。
"保险资金运用的原则不包括____。
A. 稳妥性原则
B. 分散性原则
C. 择优性原则
D. 固定性原则
",D. 固定性原则,以下是中国关于保险学考试的单项选择题，请选出其中的正确答案。
"(1)业主型企业；(2)合伙制企业；(3)公司制企业，以下企业制度演进的先后顺序正确的是____。
A. (2), (1), (3)
B. (1), (2), (3)
C. (1), (3), (2)
D. (3), (2), (1)
","B. (1), (2), (3)",以下是中国关于公司金融学考试的单项选择题，请选出其中的正确答案。
"下列各项中，注册会计师应当以书面形式与治理层沟通的是____。
A. 注册会计师识别出的值得关注的内部控制缺陷
B. 注册会计师识别出的可能导致对被审计单位持续经营能力产生重大疑虑的事项或情况
C. 被审计单位管理层对注册会计师执行审计工作的范围施加的限制
D. 注册会计师识别出的管理层未向注册会计师披露的重大关联方交易
",A. 注册会计师识别出的值得关注的内部控制缺陷,以下是中国关于注册会计师考试的单项选择题，请选出其中的正确答案。
"构建杠杆收购财务模型主要步骤不包括____
A. 构建杠杆收购前的财务模型
B. 收集、分析、处理与交易相关的基础信息和数据
C. 构建杠杆收购后的财务模型
D. 输入交易不相关数据
",D. 输入交易不相关数据,以下是中国关于基金从业资格证考试的单项选择题，请选出其中的正确答案。
"关于固定汇率制度与浮动汇率制度的比较，____的论述是不正确的。
A. 当面临出口需求的冲击时，浮动汇率制度更有助于缓解冲击对国民收入的影响
B. 当面临进口供给的冲击时，固定汇率制度更有助于缓解冲击对国民收入的影响
C. 当面临国际资本流动的冲击时，浮动汇率制度更有助于缓解冲击对国民收入的影响
D. 当面临内部冲击时，固定汇率制度更有助于缓解冲击对国民收入的影响
",B. 当面临进口供给的冲击时，固定汇率制度更有助于缓解冲击对国民收入的影响,以下是中国关于国际经济学考试的单项选择题，请选出其中的正确答案。
"关于年金系数表的说法，错误的是____。
A. 查表法是较为简便的一种方式
B. 查表法一般只有整数年与整数百分比
C. 查表法的答案比较精确
D. 查表法一般用于大致的估算
",C. 查表法的答案比较精确,以下是中国关于银行从业资格证考试的单项选择题，请选出其中的正确答案。
"在完全竞争市场中的厂商的总收益曲线的斜率____。
A. 固定不变
B. 经常变动
C. 等于1
D. 等于0
",A. 固定不变,以下是中国关于微观经济学考试的单项选择题，请选出其中的正确答案。
"现有一份样本，为100名中学生的IQ分数，由此计算得到以下统计量：样本平均=95，中位数=100，下四分位数=70$，上四分位数=120，众数=75，标准差=30。则关于这100名中学生，下面____项陈述正确。
A. 有一半学生分数小于95
B. 有25$\%$的学生分数小于70
C. 中间一半学生分数介于100到120之间
D. 出现频次最高的分数是95
",B. 有25$\%$的学生分数小于70,以下是中国关于统计学考试的单项选择题，请选出其中的正确答案。
"1997年11月5日谢雨为自己购买了20万元的终身寿险，约定按年缴方式交费并支付了首期保费，1999年1月2日谢雨因车祸死亡，保险人在理赔时发现谢雨尚未交付第二期保费，因此，做出的决定应该是____。
A. 未按期交纳续期保费，不承担赔付责任
B. 在保险人承担责任的期限内，赔付20万元
C. 合同失效，扣除手续费后退还保费予受益人
D. 解除合同，退还保单现金价值予受益人
",B. 在保险人承担责任的期限内，赔付20万元,以下是中国关于保险学考试的单项选择题，请选出其中的正确答案。
"下列信用形式中，不属于直接信用的有____。
A. 商业企业对客户赊销商品
B. 信用合作社对农户发放贷款
C. 企业发行债券
D. 股份公司发行股票
",B. 信用合作社对农户发放贷款,以下是中国关于金融学考试的单项选择题，请选出其中的正确答案。
"甲公司采用配股方式进行融资。每10股配2股，配股前股价为6.2元。配股价为5元。如果除权日股价为5.85元。所有股东都参加了配股。除权日股价下跌____。
A. 0.0242
B. 0.025
C. 0.0256
D. 0.0565
",B. 0.025,以下是中国关于财务管理学考试的单项选择题，请选出其中的正确答案。
"能直接记入“生产成本”账户的材料费用是指____。
A. 生产产品领用的外购材料
B. 生产车间管理领用的材料
C. 辅助生产领用的材料
D. 行政部门管理领用的材料
",A. 生产产品领用的外购材料,以下是中国关于成本会计学考试的单项选择题，请选出其中的正确答案。
"下列关于战略风险评估说法错误的是____。
A. 战略风险是无形的
B. 战略风险评估与声誉风险相似
C. 评估战略风险时，应当首先由商业银行内部具有丰富经验的专家负责审核一些技术性较强的假设条件
D. 战略风险可以量化
",D. 战略风险可以量化,以下是中国关于银行从业资格证考试的单项选择题，请选出其中的正确答案。
"根据企业国有资产法律制度的规定，下列关于国有独资企业的表述中，正确的是____。
A. 国有独资企业包括国有独资公司和企业全部注册资本均属国有的非公司制企业
B. 国有独资企业设立的法律依据为《公司法》
C. 国有独资企业对国家授予其经营管理的财产不享有处分权
D. 国有独资企业的企业财产属于全民所有
",D. 国有独资企业的企业财产属于全民所有,以下是中国关于经济法考试的单项选择题，请选出其中的正确答案。
"商业银行超额准备金减少与社会公众持有货币减少意味着____。
A. 市场利率下降
B. 市场利率上升
C. 宏观货币政策紧缩
D. 国债价格下降
",A. 市场利率下降,以下是中国关于货币金融学考试的单项选择题，请选出其中的正确答案。
"下列费用按经济用途分类属于经营管理费用的是____。
A. 直接材料
B. 制造费用
C. 直接人工
D. 筹集资金的财务费用
",D. 筹集资金的财务费用,以下是中国关于成本会计学考试的单项选择题，请选出其中的正确答案。
"设随机变量$X$服从$N(\mu,4^{2})$，$Y$服从$N(\mu,5^{2})$。记$P_{1}=P(X\leq\mu-4)$，$P_{2}=P(Y\geq\mu+5)$，则____。
A. 对任意实数$\mu$，都有$P_{1}=P_{2}$
B. 对任意实数$\mu$，都有$P_{1}<P_{2}$
C. 对任意实数$\mu$，都有$P_{1}>P_{2}$
D. 只对$\mu$的个别值，才有$P_{1}=P_{2}$
",A. 对任意实数$\mu$，都有$P_{1}=P_{2}$,以下是中国关于统计学考试的单项选择题，请选出其中的正确答案。
"如果一只股票的贝塔值为1.2，无风险利率是6$\%$，市场的收益率是12$\%$，那么这只股票的必要收益率是____。
A. 6$\%$
B. 7.2$\%$
C. 12$\%$
D. 13.2$\%$
",D. 13.2$\%$,以下是中国关于金融市场学考试的单项选择题，请选出其中的正确答案。
"下列不属于合格投资者的条件____。
A. 具有2年以上投资经历，且满足：家庭金融净资产不低于300万元
B. 具有2年以上投资经历，且满足：家庭金融资产不低于600万元
C. 具有2年以上投资经历，且满足近3年本人年均收入不低于40万元
D. 最近1年末净资产不低于1000万元的法人单位
",B. 具有2年以上投资经历，且满足：家庭金融资产不低于600万元,以下是中国关于银行从业资格证考试的单项选择题，请选出其中的正确答案。
"联想公司是一家电脑制造公司。由于电脑产品销售环节的利润率比较高，为了企业的长期发展，联想公司成立“1+1专营店”,以自营店的形式销售电脑。根据以上表述，联想公司采用的战略是____。
A. 后向一体化战略
B. 横向一体化战略
C. 相关多元化战略
D. 前向一体化战略
",D. 前向一体化战略,以下是中国关于公司战略与风险管理考试的单项选择题，请选出其中的正确答案。
"商业银行贷款定价原则不包括____。
A. 利润最大化原则
B. 扩大市场份额原则
C. 减少贷款量        
D. 维护银行形象原则
",C. 减少贷款量        ,以下是中国关于商业银行金融学考试的单项选择题，请选出其中的正确答案。
"如果注册会计师已获取有关控制在期中运行有效的审计证据，下列有关剩余期间补充证据的说法中，错误的是____。
A. 注册会计师可以通过测试被审计单位对控制的监督，将控制在期中运行有效的审计证据合理延伸至期末
B. 被审计单位的控制环境越有效，注册会计师需要获取的剩余期间的补充证据越少
C. 如果控制在剩余期间发生了变化，注册会计师可以通过实施穿行测试，将期中获取的审计证据合理延伸至期末
D. 注册会计师在信赖控制的基础上拟减少的实质性程序的范围越大，注册会计师需要获取的剩余期间的补充证据越多
",C. 如果控制在剩余期间发生了变化，注册会计师可以通过实施穿行测试，将期中获取的审计证据合理延伸至期末,以下是中国关于审计学考试的单项选择题，请选出其中的正确答案。
"利润平均化规律，反映了在瓜分剩余价值上，资本家之间虽然存在竞争和矛盾，但在加强对工人阶级的剥削以榨取更大量的剩余价值这一点上，资本家之间有着共同的阶级利益。平均利润的出现是____。
A. 同一部门内不同企业之间竞争的结果
B. 不同部门之间竞争的结果
C. 国际上同类企业之间竞争的结果
D. 不同行业之间工人联合斗争的结果
",B. 不同部门之间竞争的结果,以下是中国关于政治经济学考试的单项选择题，请选出其中的正确答案。
"根据《公司法》的规定，因违法行为或者违纪行为被解除职务的证券交易场所、证券登记结算机构的负责人或者证券公司的董事、监事、高级管理人员，自被解除职务之日起未逾____的，不得担任证券交易所的负责人。
A. 1年
B. 2年
C. 3年
D. 5年
",D. 5年,以下是中国关于证券从业资格证考试的单项选择题，请选出其中的正确答案。
"由若干保险人经过协商同时承保一笔金额巨大的业务，在发生赔偿责任时，由各保险人按照各自承担的份额或比例赔偿损失的保险是____。
A. 重复保险
B. 原保险
C. 共同保险
D. 再保险
",C. 共同保险,以下是中国关于保险学考试的单项选择题，请选出其中的正确答案。
"下列有关长期边际成本曲线(LMC)与长期总成本曲线(LAC)之间的关系的说法正确的是____。
A. 在长期边际成本曲线下降时，长期总成本曲线以越来越快的速度上升
B. 在长期边际成本曲线下降时，长期总成本曲线以以越来越慢的速度上升
C. 在长期边际成本曲线上升时，长期总成本曲线以越来越慢的速度上升
D. 以上均不正确
",B. 在长期边际成本曲线下降时，长期总成本曲线以以越来越慢的速度上升,以下是中国关于微观经济学考试的单项选择题，请选出其中的正确答案。
"成本管理的主要任务是什么____。
A. 确定产品的售价
B. 控制企业的成本水平
C. 分析企业的盈利能力
D. 评估企业的市场占有率
",B. 控制企业的成本水平,以下是中国关于管理会计学考试的单项选择题，请选出其中的正确答案。
"按执行价格与标的资产市场价格的关系，期权可分为____。
A. 看涨期权和看跌期权
B. 商品期权和金融期权
C. 实值期权、虚值期权和平值期权
D. 现货期权和期货期权
",C. 实值期权、虚值期权和平值期权,以下是中国关于期货从业资格证考试的单项选择题，请选出其中的正确答案。
"一家研究机构从IT从业者中随机抽取500人作为样本进行调查，其中60$\%$回答他们的月收入在5000元以上，50$\%$回答他们的消费支付方式是用信用卡。这里的总体是____。
A. IT业的全部从业者
B. 500个IT从业者
C. IT从业者的总收入
D. IT从业者的消费支付方式
",A. IT业的全部从业者,以下是中国关于统计学考试的单项选择题，请选出其中的正确答案。
"在8月和12月黄金期货价格分别为940美元/盎司和950美元/盎司时，某套利者下达“买入8月黄金期货，同时卖出12月黄金期货，价差为10美元/盎司”的限价指令，____美元/盎司是该套利者指令的可能成交价差。
A. 小于10
B. 小于8
C. 大于或等于10
D. 等于9
",C. 大于或等于10,以下是中国关于期货从业资格证考试的单项选择题，请选出其中的正确答案。
"资产证券化对商业银行经营管理的积极作用不包括____。
A. 产生服务费用收入
B. 减少资本要求，有助于资本充足率管理
C. 资金来源单一化
D. 降低利率风险。银行可以将利率风险较高的资产证券化，改善资产负债管理
",C. 资金来源单一化,以下是中国关于商业银行金融学考试的单项选择题，请选出其中的正确答案。
"保险公司向投保人收取的保费是____。
A. 营业保险费
B. 纯保险费
C. 附加保险费
D. 趸缴保险费
",A. 营业保险费,以下是中国关于保险学考试的单项选择题，请选出其中的正确答案。
"下列各项中，按照《税收征收管理法》及《税务登记管理办法》的规定，不承担税务登记义务的是____。
A. 依法负有代扣代缴税款义务的单位
B. 临时从事生产经营活动的个体工商户
C. 无固定生产、经营场所的流动性农村小商贩
D. 从事生产、经营的事业单位
",C. 无固定生产、经营场所的流动性农村小商贩,以下是中国关于税法考试的单项选择题，请选出其中的正确答案。
"AAA公司是一家经营稳健、处于成熟阶段的公司。预计未来销售收入将永久保持稳定在每年23500000元，可变成本销售收入的60$\%$，公司税率40$\%$,该公司每年末将把所有盈利都作为股利发放。该公司的负债权益比率为0.45。公司无杠杆的权益要求回报率为17$\%$，债务的税前成本为9$\%$，用WACC方法对公司进行估值为____。
A. 3888万
B. 3788万
C. 3988万
D. 3688万
",B. 3788万,以下是中国关于公司金融学考试的单项选择题，请选出其中的正确答案。
"若某股票看涨期权的套期保值率为0.6，则对于有相同到期日和到期价格的看跌期权的套期保值率为____。
A. 0.6
B. 0.4
C. -0.6
D. -0.4
",C. -0.6,以下是中国关于金融工程学考试的单项选择题，请选出其中的正确答案。
"向人民法院申请保护债权的诉讼时效期间通常为____年。
A. 3年
B. 1年
C. 2年
D. 5年
",A. 3年,以下是中国关于银行从业资格证考试的单项选择题，请选出其中的正确答案。
"已知某投资项目于期初一次投入现金200万元，项目资本成本为10$\%$，项目建设期为0，项目投产后每年可以产生等额的永续现金流量。如果该项目的内含报酬率为20$\%$，则其净现值为____。
A. 10万元
B. 50万元
C. 100万元
D. 200万元
",D. 200万元,以下是中国关于财务管理学考试的单项选择题，请选出其中的正确答案。
"以下关于内部控制的职责分工，说法正确的是____。
A. 业务部门是内部控制的“第二道防线”
B. 内部审计部门是内部控制的“第三道防线”
C. 内部控制管理职能部门是内部控制的“第一道防线”
D. 内控管理职能部门负责对商业银行内部控制的充分性和有效性进行审计，及时报告审计发现的问题
",B. 内部审计部门是内部控制的“第三道防线”,以下是中国关于银行从业资格证考试的单项选择题，请选出其中的正确答案。
"以下哪项不属于国际收支调节的主要政策工具____。
A. 汇率政策
B. 资本管制政策
C. 财政政策
D. 金融监管政策
",C. 财政政策,以下是中国关于国际金融学考试的单项选择题，请选出其中的正确答案。
"注册会计师函证期末应付账款的余额是不必要的，原因是____。
A. 函证同截止测试重复
B. 报表日应付账款余额在审计完成前或许仍未付给债权人
C. 和被审计单位的法律顾问联系，以提示供货方因未收到货款而采取的一切法律行动，采取这一替代程序获取的证据更可靠
D. 应付账款更多的存在低估的可能
",D. 应付账款更多的存在低估的可能,以下是中国关于审计学考试的单项选择题，请选出其中的正确答案。
"从____开始，基金的运营及销售出现了国际化的趋势。
A. 20世纪80年代
B. 20世纪90年代
C. 19世纪80年代
D. 20世纪50年代
",A. 20世纪80年代,以下是中国关于基金从业资格证考试的单项选择题，请选出其中的正确答案。
"如果把$\alpha$从5$\%$降到2.5$\%$，则置信程度为$1-\alpha$的样本均值的置信区间的宽度____。
A. 增加
B. 不变
C. 降低
D. 可能增加，也可能降低
",A. 增加,以下是中国关于统计学考试的单项选择题，请选出其中的正确答案。
"金融工程中的套利是指____。
A. 通过投机获取利润
B. 通过差价套利获取利润
C. 通过建立对冲头寸降低风险
D. 通过创新金融产品获取利润
",B. 通过差价套利获取利润,以下是中国关于金融工程学考试的单项选择题，请选出其中的正确答案。
"布莱克、杰森和斯科尔斯在1972年的实证研究中发现，估计的证券市场线的斜率____预计的资本资产定价模型的斜率。
A. 大于
B. 等于
C. 小于
D. 两倍于
",C. 小于,以下是中国关于投资学考试的单项选择题，请选出其中的正确答案。
"A会计师事务所2018年10月1E承接了ABC有限责任公司2018年度财务报告的审计业务，2019年3月5日完成审计工作，2019年3月10日出具审计报告，则该项业务的业务期间为____。
A. 2018年10月1日至2019年3月5日
B. 2018年10月1日至2019年3月10日
C. 2018年1月1日至2018年12月31日
D. 2018年1月1日至2018年3月10日
",B. 2018年10月1日至2019年3月10日,以下是中国关于审计学考试的单项选择题，请选出其中的正确答案。
"在DW检验中，不能判定的区域是____。
A. $0<d<d_{l},4-d_{l}<d<4$
B. $d_{u}<d<4-d_{u}$
C. $d_{l}<d<d_{u},4-d_{u}<d<d_{l}$
D. 以上都不对
",D. 以上都不对,以下是中国关于计量经济学考试的单项选择题，请选出其中的正确答案。
"风险无时不刻地围绕着我们周围，它渗入到社会、企业、家庭、个人生活的方方面面，这就是风险的____。
A. 随机性
B. 普遍性
C. 损失性
D. 可变性
",D. 可变性,以下是中国关于保险学考试的单项选择题，请选出其中的正确答案。
"如果某种产品的生产正在造成污染，因而社会边际成本大于私人边际成本，适当的税收政策是征税，征税额等于____。
A. 社会边际成本和私人边际成本之差
B. 私人边际成本
C. 治理污染设备的成本
D. 社会边际成本
",A. 社会边际成本和私人边际成本之差,以下是中国关于微观经济学考试的单项选择题，请选出其中的正确答案。
"用简单随机重复抽样方法选择样本单位，如果要使抽样平均误差降低50$\%$，则抽样单位数需要增加到原单位数的多少____。
A. 2倍
B. 3倍
C. 4倍
D. 1倍
",C. 4倍,以下是中国关于统计学考试的单项选择题，请选出其中的正确答案。
"在社会主义市场经济下，公共财政的特点不包括____。
A. 以公民权利平等、政治权力制衡为前提的规范的公共选择作为决策机制。
B. 把提供公共产品和服务作为财政分配最重要的方式。
C. 以满足社会公共需要为主要目标和工作重心。
D. 管理运行上必然要有公开、透明、完整、严格的预算作为基本管理制度。
",B. 把提供公共产品和服务作为财政分配最重要的方式。,以下是中国关于财政学考试的单项选择题，请选出其中的正确答案。
"利润与销售量之间的关系可以用什么图形表示____。
A. 散点图
B. 折线图
C. 柱状图
D. 饼图
",B. 折线图,以下是中国关于管理会计学考试的单项选择题，请选出其中的正确答案。
"下列有关注册会计师在财务报表审计中与舞弊相关的责任的说法中，错误的是____。
A. 当已获取的证据表明存在或可能存在舞弊时，除非认为该事项不重要，注册会计师应当及时提请适当层级的管理层关注该事项
B. 如果识别出舞弊或怀疑存在舞弊，注册会计师应当确定是否有责任向被审计单位以外的适当机构报告
C. 注册会计师有责任对财务报表整体是否不存在由于舞弊或错误导致的重大错报获取合理保证
D. 注册会计师应当评价识别出的由于舞弊导致的错报对管理层声明可靠性的影响
",A. 当已获取的证据表明存在或可能存在舞弊时，除非认为该事项不重要，注册会计师应当及时提请适当层级的管理层关注该事项,以下是中国关于注册会计师考试的单项选择题，请选出其中的正确答案。
"A公司甲产品某年的投资资本回报率为8$\%$,销售增长率为10$\%$;经测算A公司甲产品的资本成本为8.5$\%$,可持续增长率为15$\%$,则该年A公司的甲产品属于财务战略矩阵中的____。
A. 减损型现金短缺
B. 增值型现金短缺
C. 减损型现金剩余
D. 增值型现金剩余
",C. 减损型现金剩余,以下是中国关于公司战略与风险管理考试的单项选择题，请选出其中的正确答案。
"在商业银行中，资本市场业务的主要功能是____。
A. 为企业提供融资
B. 为个人提供融资
C. 进行投资管理
D. 进行国际结算
",A. 为企业提供融资,以下是中国关于商业银行金融学考试的单项选择题，请选出其中的正确答案。
"地方政府应承担的职能是____。
A. 与外国某城市建立友好关系
B. 采取积极的财政政策以化解经济周期的波动
C. 向地方银行借款，用于本地基础设施建设
D. 富裕地方政府支持贫穷地方，进行收入转移
",C. 向地方银行借款，用于本地基础设施建设,以下是中国关于财政学考试的单项选择题，请选出其中的正确答案。
"如果企业资产按照现在购买相同或者相似资产所需支付的现金或者现金等价物的金额计量，负债按现在偿付该项债务所需支付的现金或者现金等价物的金额计量，其采用的会计计量属性是____。
A. 重置成本
B. 可变现净值
C. 可变现净值
D. 现值
",A. 重置成本,以下是中国关于中级财务会计考试的单项选择题，请选出其中的正确答案。
"配股是上市公司股权再融资的一种方式。下列关于配股的说法中，正确的是____。
A. 配股价格一般采取网上竞价方式确定
B. 配股价格低于市场价格，会减少老股东的财富
C. 配股权是一种看涨期权，其执行价格等于配股价格
D. 配股权价值等于配股除权价格减配股价格
",C. 配股权是一种看涨期权，其执行价格等于配股价格,以下是中国关于财务管理学考试的单项选择题，请选出其中的正确答案。
"考虑下一年每股盈利均为每股￥10和市场资本化率均为10$\%$的三家公司：公司A以后每年都将盈利作为股利进行分配；公司B以后每年将盈利的60$\%$投资于回报率为20$\%$的项目；公司C以后每年将盈利的80$\%$投资于回报率为10$\%$的项目。那么，关于三家公司股票市盈率的判断，正确的是____。
A. 公司A的市盈率最高
B. 公司B的市盈率最高
C. 公司C的市盈率最高
D. 三家公司的市盈率相同
",B. 公司B的市盈率最高,以下是中国关于金融市场学考试的单项选择题，请选出其中的正确答案。
"下列生产函数中，要素替代弹性为1的是____。
A. C-D生产函数
B. 投入产出生产函数
C. VES生产函数
D. 线性生产函数
",A. C-D生产函数,以下是中国关于计量经济学考试的单项选择题，请选出其中的正确答案。
"按照《证券发行市场保荐业务管理办法》的规定，保荐代表人在2个自然年度内被采取监管措施累计2次以上，中国证监会可____内不受理相关保荐代表人具体负责的推荐。
A. 3
B. 6
C. 9
D. 12
",B. 6,以下是中国关于证券从业资格证考试的单项选择题，请选出其中的正确答案。
"贷前调查中最常用、最重要的方法，同时也是在一般情况下必须采用的方法是____。
A. 现场调研
B. 搜寻调查
C. 委托调查
D. 突击检查
",A. 现场调研,以下是中国关于银行从业资格证考试的单项选择题，请选出其中的正确答案。
"当前各国普遍采用的主要保险组织形式是____。
A. 股份有限公司
B. 国有独资保险公司
C. 互助保险组织
D. 相互保险公司
",A. 股份有限公司,以下是中国关于保险学考试的单项选择题，请选出其中的正确答案。
"按照购买力平价(PPP)理论，当甲国相对于乙国的价格水平上升时，甲国的货币币值会____。
A. 贬值
B. 升值
C. 不变
D. 不确定
",A. 贬值,以下是中国关于金融市场学考试的单项选择题，请选出其中的正确答案。
"私募基金的管理人应具备至少____名高级管理人员，其中应当包括____名负责合规风控的高级管理人员。
A. 2；1
B. 3；1
C. 3；2
D. 4；2
",A. 2；1,以下是中国关于基金从业资格证考试的单项选择题，请选出其中的正确答案。
"某企业投资生产，40万元用于固定资本，以购买机器设备等，60万元用于流动资本，以购买原材料和劳动力等（其中购买劳动力支付了40万元），一轮生产结束后，该企业的剩余价值率为100$\%$。那么，该企业的平均利润率为 ____。
A. 66.67$\%$ 
B. 60$\%$
C. 40$\%$
D. 50$\%$
",C. 40$\%$,以下是中国关于政治经济学考试的单项选择题，请选出其中的正确答案。
"从性质上讲，商业银行是____。
A. 不以盈利为目的的国家银行
B. 执行国家产业政策的政策性银行
C. 承担金融资金融通职能的特殊企业
D. 专门从事金融管理的非金融部门
",C. 承担金融资金融通职能的特殊企业,以下是中国关于金融学考试的单项选择题，请选出其中的正确答案。
"由不同行业有限数目股票组成的投资组合，其相关系数和回报变动性最符合以下哪项陈述____。
A. 相关系数较低，投资组合的回报变动性较低
B. 相关系数较低，投资组合的回报变动性较高
C. 相关系数较高，投资组合的回报变动性较高
D. 相关系数较高，投资组合的回报变动性较低
",A. 相关系数较低，投资组合的回报变动性较低,以下是中国关于管理会计师考试的单项选择题，请选出其中的正确答案。
".居民甲将一套价值为 100 万元的一居室住房与居民乙交换成一套两居室住房，支付给乙换房差价款 50 万元，当地契税税率为 4$\%$。则甲应缴纳的契税是____。
A. 0 万元
B. 2 万元
C. 4 万元
D. 6 万元
",B. 2 万元,以下是中国关于注册会计师考试的单项选择题，请选出其中的正确答案。
"____，公司信贷可分为固定资产贷款、并购贷款、流动资金贷款。
A. 按贷款经营模式划分
B. 按贷款偿还方式划分
C. 按授信品种划分
D. 按贷款担保方式划分
",C. 按授信品种划分,以下是中国关于银行从业资格证考试的单项选择题，请选出其中的正确答案。
"国际收支平衡的调节机制主要包括外汇市场调节和____。
A. 国际贸易调节
B. 国际投资调节
C. 国际信贷调节
D. 国际汇款调节
",B. 国际投资调节,以下是中国关于国际金融学考试的单项选择题，请选出其中的正确答案。
"下列属于公司治理中董事会的职责的____。
A. 制定并组织执行资本管理的规章制度
B. 制订和组织实施资本规划和资本充足率管理计划
C. 组织内部资本充足评估信息管理系统的开发和维护工作，确保信息管理系统及时、准确地提供评估所需信息
D. 审批资本管理制度，确保资本管理政策和控制措施有效
",D. 审批资本管理制度，确保资本管理政策和控制措施有效,以下是中国关于银行从业资格证考试的单项选择题，请选出其中的正确答案。
"以下关于资本周转说法不正确的有____。
A. 资本周转速度与资本周转时间成反比
B. 加快流动资本的周转速度可以加快资本周转速度
C. 加快资本周转速度能够提高剩余价值率
D. 加快资本周转速度能够增加年剩余价值量
",C. 加快资本周转速度能够提高剩余价值率,以下是中国关于政治经济学考试的单项选择题，请选出其中的正确答案。
"下列关于投资需求的说法，错误的是____。
A. 投资需求一般包括固定投资需求、住宅投资需求和存货投资需求
B. 固定投资是指对固定资本存量的充实和对目标的资本存量的调整
C. 住宅的需求曲线D是一条向右下方倾斜的曲线
D. 投资需求一般与利率成同向的相关关系
",D. 投资需求一般与利率成同向的相关关系,以下是中国关于中国精算师考试的单项选择题，请选出其中的正确答案。
"甲证券公司是内地证券基金经营机构，在使用港股投资顾问服务的过程中，不符合业务规范的是____。
A. 甲证券公司委托提供港股投资顾问服务的香港机构直接执行投资指令
B. 甲证券公司与提供港股投资顾问服务的香港机构签订协议
C. 甲证券公司在招募说明书中如实披露使用港股投资顾问服务的情況
D. 甲证券公司对使用港股通投资顾问服务的情况实行留痕管理
",A. 甲证券公司委托提供港股投资顾问服务的香港机构直接执行投资指令,以下是中国关于证券从业资格证考试的单项选择题，请选出其中的正确答案。
"假设一国劳动市场初始的离职率为0.01，失业人口就业率为0.19，2006年该国政府推出再就业工作，将失业人口就业率提高到0.24，请问该政策对该国劳动市场的自然失业率产生怎样的影响____。
A. 自然失业率保持不变
B. 自然失业率提高
C. 自然失业率下降
D. 就业率下降
",C. 自然失业率下降,以下是中国关于宏观经济学考试的单项选择题，请选出其中的正确答案。
"当一份期货合约在交易所交易时，未平仓合约数会____。
A. 增加一份
B. 减少一份
C. 不变
D. 以上都有可能
",D. 以上都有可能,以下是中国关于金融工程学考试的单项选择题，请选出其中的正确答案。
"某国的消费支出为8亿美元，投资支出为1亿美元，间接税为1亿美元，政府用于商品和劳务的支出为1.5亿美元，出口额为2亿美元，进口额为1.8亿美元，则下列正确的是____。
A. NDP为10.7亿美元
B. GNP为10.7亿美元
C. GNP为9.7亿美元
D. NDP为9.7亿美元
",B. GNP为10.7亿美元,以下是中国关于宏观经济学考试的单项选择题，请选出其中的正确答案。
"关于我国银行贷款分类的核心定义，下列说法正确的是____。
A. 正常类贷款是指借款人能够严格履行合同，有充分把握偿还贷款本息的贷款
B. 关注类贷款是指尽管借款人目前有能力偿还贷款本息，但存在一些可能对偿还贷款本息产生不利影响因素的贷款
C. 次级类贷款是借款人无法足额偿还本息，即使执行抵押或担保，也肯定要造成较大损失的贷款
D. 损失类贷款是指采取所有可能的措施之后依然无法收回的贷款
",B. 关注类贷款是指尽管借款人目前有能力偿还贷款本息，但存在一些可能对偿还贷款本息产生不利影响因素的贷款,以下是中国关于银行从业资格证考试的单项选择题，请选出其中的正确答案。
"合约类型的标准划分不包括____。
A. 远期
B. 期货
C. 期权
D. 久期
",D. 久期,以下是中国关于金融工程学考试的单项选择题，请选出其中的正确答案。
"俄林解释国际分工与国际贸易产生的原因，依据的是____。
A. 绝对成本差异
B. 相对成本差异
C. 要素禀赋相对差异
D. 规模经济效益递增
",C. 要素禀赋相对差异,以下是中国关于国际经济学考试的单项选择题，请选出其中的正确答案。
"下列有关注册会计师实施进一步审计程序的时间的说法中，错误的是____。
A. 如果项目中包含少量大额项目或存在特别风险，应采用详细测试方法
B. 注册会计师在确定何时实施进一步审计程序时需要考虑能够获取相关信息的时间
C. 对于被审计单位发生的重大交易，注册会计师应当在期末或期末以后实施实质性程序
D. 如果评估的重大错报风险为低水平，注册会计师可以选择资产负债表日前适当日期为截止日实施审计程序
",C. 对于被审计单位发生的重大交易，注册会计师应当在期末或期末以后实施实质性程序,以下是中国关于审计学考试的单项选择题，请选出其中的正确答案。
"风险调整折现率法使用的折现率是____。
A. 风险调整折现率
B. 无风险报酬率
C. 借款利息率
D. 市场平均报酬率
",A. 风险调整折现率,以下是中国关于公司金融学考试的单项选择题，请选出其中的正确答案。
"Henriksson(1984)发现，在市场发展时期，通常基金的$\beta$值会____。
A. 大幅度上升
B. 略微上升
C. 略微下降
D. 大幅度下降
",C. 略微下降,以下是中国关于投资学考试的单项选择题，请选出其中的正确答案。
"利率作为货币政策的中介指标，以下____不是其特点。
A. 不易将政策性效果与非政策性效果相混淆
B. 能够表现货币与信用供求状况的相对变化
C. 数据易于及时收集获得
D. 作用力大，影响面广，与货币政策诸目标间的相关性高
",A. 不易将政策性效果与非政策性效果相混淆,以下是中国关于中央银行学考试的单项选择题，请选出其中的正确答案。
"影响企业短期偿债能力的最根本原因是____。
A. 企业的资产结构
B. 企业的融资结构
C. 企业的权益结构
D. 企业的经营业绩
",D. 企业的经营业绩,以下是中国关于公司金融学考试的单项选择题，请选出其中的正确答案。
"下列关于外汇掉期的说法，正确的是____。
A. 交易双方约定在两个不同的起息日以约定的汇率进行方向相反的两次货币交换
B. 交易双方在同一交易日买入和卖出数量近似相等的货币
C. 交易双方需支付换入货币的利息
D. 交易双方在未来某一时刻按商定的汇率买卖一定金额的某种外汇
",A. 交易双方约定在两个不同的起息日以约定的汇率进行方向相反的两次货币交换,以下是中国关于期货从业资格证考试的单项选择题，请选出其中的正确答案。
"关于利率下限期权的描述，正确的是____。
A. 利率下限期权的买卖双方需要缴纳保证金
B. 期权的卖方向买方支付市场参考利率低于协定利率下限的差额
C. 期权的卖方向买方支付市场参考利率高于协定利率下限的差额
D. 期权的买方向卖方支付市场参考利率低于协定利率下限的差额
",B. 期权的卖方向买方支付市场参考利率低于协定利率下限的差额,以下是中国关于期货从业资格证考试的单项选择题，请选出其中的正确答案。
"如果两种债券的息票利率、面值和收益率等都相同，则期限较长的债券的价格折扣或升水会____。
A. 较小
B. 较大
C. 一样
D. 不确定
",B. 较大,以下是中国关于投资学考试的单项选择题，请选出其中的正确答案。
"注册会计师应当恰当选择拟实施的进一步审计程序的总体应对方案。在下列____情况下，注册会计师选择综合性方案是最恰当的。
A. 注册会计师认为实施控制测试不符合成本效益原则
B. 被审计单位采用高度自动化系统处理和记录重要交易
C. 被审计单位存在广泛的管理层凌驾于主要内部控制之上的情况
D. 注册会计师发现被审计单位不存在与特定认定相关的内部控制
",B. 被审计单位采用高度自动化系统处理和记录重要交易,以下是中国关于审计学考试的单项选择题，请选出其中的正确答案。
"列联表中的每个变量____。
A. 只能有一个类别
B. 只能有两个类别
C. 对类别没有限制
D. 可以有两个或两个以上的类别
",D. 可以有两个或两个以上的类别,以下是中国关于统计学考试的单项选择题，请选出其中的正确答案。
"收入公平分配的两层含义是____。
A. 按劳分配的公平、初次分配的公平
B. 社会公平、初次分配的公平
C. 社会公平、经济公平
D. 初次分配的公平、经济公平
",C. 社会公平、经济公平,以下是中国关于财政学考试的单项选择题，请选出其中的正确答案。
"下面关于外汇看跌期权的表述中，错误的是____。
A. 合约买方拥有卖出外汇的权利
B. 合约买方拥有买入外汇的权利
C. 合约卖方承担买入外汇的义务
D. 合约买方支付的期权费不能收回
",B. 合约买方拥有买入外汇的权利,以下是中国关于金融市场学考试的单项选择题，请选出其中的正确答案。
"在合并会计报表中，下列关于抵销分录表述正确的是____。
A. 抵销分录有时也用于编制个别会计报表
B. 抵销分录可以记入账簿
C. 编制抵销分录是为了将母公司个别会计报表各项目汇总
D. 编制抵销分录是用来抵销集团内部经济业务对个别报表的影响
",D. 编制抵销分录是用来抵销集团内部经济业务对个别报表的影响,以下是中国关于管理会计学考试的单项选择题，请选出其中的正确答案。
"在商品交换中，商品的使用价值和价值形式的对立体现了以下哪个基本矛盾____。
A. 资本和劳动的对立
B. 私有制和公有制的对立
C. 生产和消费的对立
D. 自由放任和干预的对立
",C. 生产和消费的对立,以下是中国关于政治经济学考试的单项选择题，请选出其中的正确答案。
"下列关于普通股筹资定价的说法中，正确的是____。
A. 首次公开发行股票时，可以通过向网下投资者询价的方式确定股票发行价格
B. 上市公司向原有股东配股时，发行价格可由发行人自行确定
C. 上市公司公开增发新股时，发行价格不能低于公告招股意向书前20个交易日公司股票均价的90$\%$
D. 上市公司非公开增发新股时，发行价格不能低于定价基准日前20个交易日公司股票的均价
",A. 首次公开发行股票时，可以通过向网下投资者询价的方式确定股票发行价格,以下是中国关于财务管理学考试的单项选择题，请选出其中的正确答案。
"考虑总体均值的95.44$\%$置信度的置信区间，已知总体服从正态分布且标准差为10；要使得到的置信区间的半径不超过1，需要的最小样本容量为____。
A. 100
B. 400
C. 900
D. 1600
",B. 400,以下是中国关于统计学考试的单项选择题，请选出其中的正确答案。
"商业银行购买公债的货币效应是____。
A. 扩张性的
B. 紧缩性的
C. 中性
D. 不确定
",D. 不确定,以下是中国关于财政学考试的单项选择题，请选出其中的正确答案。
"一项投资项目预计在未来1年提供高达13$\%$的收益率。但是艾伦认为该项目的实际总收益率只有8$\%$。请问艾伦认为未来1年的通货膨胀率应为多少____。
A. 0.0463
B. 0.0473
C. 0.0563
D. 0.0573
",A. 0.0463,以下是中国关于公司金融学考试的单项选择题，请选出其中的正确答案。
"2×20年1月8日，甲公司与乙公司进行债务重组，重组日甲公司应收乙公司账款账面余额为400万元，已提坏账准备40万元，其公允价值为380万元，乙公司以一批存货抵偿上述账款，该批库存商品的公允价值为400万元，增值税为52万元。甲公司为取得库存商品支付的运费和保险费为4万元，假定不考虑除增值税外的其他因素。甲公司债务重组取得存货的入账价值为____万元。
A. 384
B. 404
C. 332
D. 400
",C. 332,以下是中国关于会计考试的单项选择题，请选出其中的正确答案。
"如果一个随机变量X最多只能取可数的不同值，则为____。
A. 描述性统计量
B. 随机变量
C. 连续型随机变量
D. 离散型随机变量
",D. 离散型随机变量,以下是中国关于基金从业资格证考试的单项选择题，请选出其中的正确答案。
"下列车船中，免征车船税的是____。
A. 洒水车
B.  非机动驳船
C.  纯天然气动力船舶
D.  双燃料轻型商用车
",C.  纯天然气动力船舶,以下是中国关于注册会计师考试的单项选择题，请选出其中的正确答案。
"到期日之前，看涨期权的时间价值等于____。
A. 实际的看涨期权价格减去期权的内在价值
B. 零
C. 看涨期权的内在价值
D. 实际的看涨期权价格加上期权的内在价值
",A. 实际的看涨期权价格减去期权的内在价值,以下是中国关于金融工程学考试的单项选择题，请选出其中的正确答案。
"由于国内通货膨胀或通货紧缩而导致的国际收支不平衡，称为____。
A. 周期性不平衡
B. 收入性不平衡
C. 结构性不平衡
D. 货币性不平衡
",D. 货币性不平衡,以下是中国关于国际经济学考试的单项选择题，请选出其中的正确答案。
"由于生产安排不当，计划错误，调度失误等造成的损失，应由谁负责____。
A. 财务部门
B. 劳动部门
C. 生产部门
D. 采购部门
",C. 生产部门,以下是中国关于成本会计学考试的单项选择题，请选出其中的正确答案。
"初次面谈时，银行调查人员可按照____标准原则，从有关方面集中获取客户相关信息。
A. 国际信用“4C”
B. 国际信用“5C”
C. 银行业信用
D. 贷款信用
",B. 国际信用“5C”,以下是中国关于银行从业资格证考试的单项选择题，请选出其中的正确答案。
"下列有关审计工作底稿格式、要素和范围的表述中，不正确的是____。
A. 对业务复杂的被审计单位进行审计形成的审计工作底稿，通常比对业务简单的被审计单位进行审计形成的审计工作底稿要多
B. 不同的审计程序会使得注册会计师获取不同性质的审计证据，由此注册会计师可能会编制不同的审计工作底稿
C. 当从已执行审计工作或获取审计证据的记录中不易确定结论或结论的基础时，记录结论或结论基础的必要性
D. 针对同一目标获取的不同审计证据，注册会计师均应同等记录，不应进行有选择性的记录
",D. 针对同一目标获取的不同审计证据，注册会计师均应同等记录，不应进行有选择性的记录,以下是中国关于审计学考试的单项选择题，请选出其中的正确答案。
"甲食品公司为满足消费者对米制品的新需求，在现有市场上推出了方便型、保健型、饮料型和糕点型等系列大米产品。上述材料体现的密集型战略是____。
A. 市场开发战略
B. 市场渗透战略
C. 产品开发战略
D. 多元化战略
",C. 产品开发战略,以下是中国关于公司战略与风险管理考试的单项选择题，请选出其中的正确答案。
"影响国债规模的因素不包括____。
A. 统收统支
B. 收入集成
C. 总额分成
D. 分税制
",B. 收入集成,以下是中国关于财政学考试的单项选择题，请选出其中的正确答案。
"我国的预算批准权力机构是____。
A. 各级政府
B. 国务院
C. 各级财政部门
D. 各级人民代表大会
",D. 各级人民代表大会,以下是中国关于财政学考试的单项选择题，请选出其中的正确答案。
"以下不属于非银行金融机构的是____。
A. 金融资产管理公司
B. 信托公司
C. 农村信用合作社
D. 企业集团财务公司
",C. 农村信用合作社,以下是中国关于银行从业资格证考试的单项选择题，请选出其中的正确答案。
"下列不属于我国商业银行业务范围的是____。
A. 发行金融债券
B. 监管其他金融机构
C. 买卖政府债券
D. 买卖外汇
",B. 监管其他金融机构,以下是中国关于货币金融学考试的单项选择题，请选出其中的正确答案。
"20×6年1月1日，经股东大会批准，甲公司向50名高管人员每人授予1万份股票期权。根据股份支付协议规定，这些高管人员自20×6年1月1日起在甲公司连续服务3年，即可以每股5元的价格购买1万股甲公司普通股。20×6年1月1日，每份股票期权的公允价值为15元。20×6年没有高管人员离开公司，甲公司预计在未来两年将有5名高管离开公司。20×6年12月31日，甲公司授予高管的股票期权每份公允价值为13元。甲公司因该股份支付协议在20×6年应确认的费用金额是____。
A. 195万元
B. 216.67万元
C. 225万元
D. 250万元
",C. 225万元,以下是中国关于会计考试的单项选择题，请选出其中的正确答案。
"衍生金融工具市场的特点不包括____。
A. 跨期交易
B. 杠杆效应
C. 不确定性和高风险性
D. 套期保值和投机套利不共存
",D. 套期保值和投机套利不共存,以下是中国关于金融工程学考试的单项选择题，请选出其中的正确答案。
"下列有关控制测试和实质性程序的说法中，错误的是____。
A. 无论是否实施控制测试，注册会计师均应当对所有重大类别交易、账户余额和披露实施实质性程序
B. 如果认为仅通过实施实质性程序无法获取认定层次的充分、适当的审计证据，注册会计师应当实施控制测试
C. 注册会计师可以针对同一交易同时实施控制测试和实质性程序，以实现双重目的
D. 注册会计师应当针对特别风险同时实施控制测试和实质性程序
",D. 注册会计师应当针对特别风险同时实施控制测试和实质性程序,以下是中国关于注册会计师考试的单项选择题，请选出其中的正确答案。
"你以20美元的价格购入一股股票，一年后你获得1美元的股利，并以29美元的价格卖出股票，你的持有期收益率是多少____。
A. 45$\%$
B. 50$\%$
C. 5$\%$
D. 40$\%$
",B. 50$\%$,以下是中国关于投资学考试的单项选择题，请选出其中的正确答案。
"登记人员从事的业务类别发生变化的，证券公司应当自发生变化之日起____个工作日内为其办理变更登记。
A. 5
B. 10
C. 7
D. 20
",A. 5,以下是中国关于证券从业资格证考试的单项选择题，请选出其中的正确答案。
"期望收益-贝塔关系被用于____。
A. 监管委员会用来推断所监管企业的资本成本
B. 在法庭裁决时，用它来确定折现率，以评估未来收入的损失
C. 建议客户将它们作为投资组合的组成部分
D. 上述说法都正确
",D. 上述说法都正确,以下是中国关于投资学考试的单项选择题，请选出其中的正确答案。
"以下中央银行行为中，体现其“银行的银行”职能的是____。
A. 代理国库
B. 对政府提供贷款
C. 集中商业银行现金准备
D. 发行货币
",C. 集中商业银行现金准备,以下是中国关于中国精算师考试的单项选择题，请选出其中的正确答案。
"下列会计事项中，可能会引起留存收益总额发生增减变动的是____。
A. 收到投资者以非现金资产投入的资本
B. 按照规定注销库存股
C. 投资者按规定将可转换公司债券转为股票
D. 为奖励本公司职工而收购本公司发行在外的股份
",B. 按照规定注销库存股,以下是中国关于中级财务会计考试的单项选择题，请选出其中的正确答案。
"寿险费率确定的三大要素包括____。
A. 死亡率、利率、费用率
B. 死亡率、利率、利润率
C. 死亡率、费用率、利润率
D. 死亡率、利率、效率
",A. 死亡率、利率、费用率,以下是中国关于保险学考试的单项选择题，请选出其中的正确答案。
"在计算完工产品成本时，如果不计算在产品成本，必须具备的条件是____。
A. 月末在产品数量很少
B. 月末在产品数量较少
C. 月末在产品数量较稳定
D. 定额管理基础较好
",A. 月末在产品数量很少,以下是中国关于成本会计学考试的单项选择题，请选出其中的正确答案。
"个人投资者甲的投资组合中有3种人民币资产，期初资产价值分别为3万元、4万元、5万元，一年后，3种资产的年百分比收益率分别为30$\%$、25$\%$、15$\%$，则个人甲的投资组合年百分比收益率____。
A. 25.08$\%$
B. 20.08$\%$
C. 21.08$\%$
D. 22.08$\%$
",D. 22.08$\%$,以下是中国关于银行从业资格证考试的单项选择题，请选出其中的正确答案。
"商业银行的管理者在制定该行的贷款政策时，一般要考虑的因素不包括____。
A. 有关法律、法规和国家的财政、货币政策
B. 银行的资本金状况
C. 银行资产结构
D. 服务地区的经济条件和经济周期
",C. 银行资产结构,以下是中国关于商业银行金融学考试的单项选择题，请选出其中的正确答案。
"外国投资者将从企业分得的利润，在中国境内再投资举办、扩建产品出口企业或先进企业，经营期不少于5年的，按____比例退还其再投资部分已纳所得税税款。
A. 40$\%$
B. 50$\%$
C. 60$\%$
D. 100$\%$
",D. 100$\%$,以下是中国关于财政学考试的单项选择题，请选出其中的正确答案。
"1年期国债的收益率是5.7$\%$，5年期国债的收益率是6.2$\%$。福特汽车公司发行的5年期债券的收益率是7.5$\%$，壳牌石油公司发行的1年期债券的收益率是6.5$\%$。壳牌公司和福特公司发行的债券的违约风险溢价分别是____。
A. 1.0$\%$和1.2$\%$
B. 0.7$\%$和1.5$\%$
C. 1.2$\%$和1.0$\%$
D. 0.8$\%$和1.3$\%$
",D. 0.8$\%$和1.3$\%$,以下是中国关于投资学考试的单项选择题，请选出其中的正确答案。
"下列不属于公众利益实体的是____。
A. 保险公司
B. 全国大型医药连锁店
C. 上市公司
D. 个体工商户
",D. 个体工商户,以下是中国关于审计学考试的单项选择题，请选出其中的正确答案。
"基本面分析法的经济学理论基础是____。
A. 供求理论
B. 江恩理论
C. 道氏理论
D. 艾略特波浪理论
",A. 供求理论,以下是中国关于期货从业资格证考试的单项选择题，请选出其中的正确答案。
"CHIPS系统的结算币种是____。
A. 日元
B. 英镑
C. 欧元
D. 美元
",D. 美元,以下是中国关于中央银行学考试的单项选择题，请选出其中的正确答案。
"从中央银行制度看，美国联邦储备体系属于____。
A. 单一中央银行制度
B. 复合中央银行制度
C. 跨国中央银行制度
D. 准中央银行制度
",A. 单一中央银行制度,以下是中国关于中央银行学考试的单项选择题，请选出其中的正确答案。
"某个指数的当前水平为1500。执行价格为1400，期限为6个月的看涨和看跌期权的价格分别为154.00和34.25。6个月期无风险利率为5$\%$，这时的隐含股息收益率为____。
A. 1.99
B. 2
C. 2.01
D. 3
",A. 1.99,以下是中国关于金融工程学考试的单项选择题，请选出其中的正确答案。
"无论企业采用何种通货膨胀会计模式，必须遵守的原则是____。
A. 可比性原则
B. 客观性原则
C. 成本效益原则
D. 实质重于形式原则
",C. 成本效益原则,以下是中国关于高级财务会计考试的单项选择题，请选出其中的正确答案。
"下列有关增加股东财富的表述中，正确的是____。
A. 收入是增加股东财富的因素，成本费用是减少股东财富的因素
B. 股东财富的增加可以用股东权益的市场价值来衡量
C. 多余现金用于再投资有利于增加股东财富
D. 提高股利支付率，有助于增加股东财富
",C. 多余现金用于再投资有利于增加股东财富,以下是中国关于财务管理学考试的单项选择题，请选出其中的正确答案。
"企业年销售净额低于1500万元时，可据实列入管理费用的业务招待费限额是____。
A. 全年销售净额的3$‰$以下
B. 全年销售净额的3$‰$以上
C. 全年销售净额的5$‰$以下
D. 全年销售净额的5$‰$以上
",C. 全年销售净额的5$‰$以下,以下是中国关于成本会计学考试的单项选择题，请选出其中的正确答案。
"2020年5月，李某从某销售公司（增值税一般纳税人）购买轿车一辆供自己使用，支付含增值税的价款219000元，另支付工具件和零配件含税价款1000元，车辆装饰费4000元，销售公司代收保险费等8000元，支付的各项价款均由销售公司统一开具普通发票。则李某应纳车辆购置税____元。
A. 20530.97
B. 18694
C. 21900
D. 19310.34
",A. 20530.97,以下是中国关于税法考试的单项选择题，请选出其中的正确答案。
"欧洲银行业监管局、欧洲证券和市场监管局与欧洲保险和养老金监管局三家机构分别负责对____的微观审慎监管，统称为欧洲监管当局(ESAs)。
A. 证券、银行和保险
B. 保险、银行和证券
C. 银行、证券和保险
D. 银行、保险和证券
",C. 银行、证券和保险,以下是中国关于银行从业资格证考试的单项选择题，请选出其中的正确答案。
"期货公司____无需经国务院期货监督管理机构核准。
A. 合井、分立、停业、解散或者申请破产
B. 变更主要股东或者公司的实际控制人
C. 增加注册资本
D. 变更业务范围
",C. 增加注册资本,以下是中国关于证券从业资格证考试的单项选择题，请选出其中的正确答案。
"支付系统对各金融机构的每笔转账业务进行一一对应结算是指何种结算方式____。
A. 净额结算
B. 全额结算
C. 定时结算
D. 实时结算
",B. 全额结算,以下是中国关于中央银行学考试的单项选择题，请选出其中的正确答案。
"变动成本法的计算公式是什么____。
A. 变动成本=固定成本+可变成本
B. 变动成本=可变成本×产量
C. 变动成本率=变动成本÷产量
D. 变动成本率=可变成本÷产量
",D. 变动成本率=可变成本÷产量,以下是中国关于管理会计学考试的单项选择题，请选出其中的正确答案。
"G-Q检验可以用于检验____的异方差。
A. 单调递增或单调递减
B. 单调递减或复杂型
C. 单调递增或复杂型
D. 各种类型
",A. 单调递增或单调递减,以下是中国关于计量经济学考试的单项选择题，请选出其中的正确答案。
"企业的成本性态包括哪些类型____。
A. 固定成本和可变成本
B. 直接成本和间接成本
C. 竞争性成本和非竞争性成本
D. 行政费用和销售费用
",A. 固定成本和可变成本,以下是中国关于管理会计学考试的单项选择题，请选出其中的正确答案。
"预约定价安排中确定关联交易利润水平应采取的方法是____。
A. 中位值法
B. 四分位法
C. 八分位法
D. 百分位法
",B. 四分位法,以下是中国关于注册会计师考试的单项选择题，请选出其中的正确答案。
"如果一国实行的是固定汇率制度，同时资本完全自由流动，则对其宏观经济政策有效性的判断是____。
A. 货币政策有效，财政政策无效
B. 财政政策有效，货币政策无效
C. 货币政策和财政政策均有效
D. 货币政策和财政政策均无效
",B. 财政政策有效，货币政策无效,以下是中国关于国际经济学考试的单项选择题，请选出其中的正确答案。
"国务院金融稳定发展委员会办公室2019年7月20日对外宣布，为贯彻落实觉中央、国务院关于进一步扩大对外开放的决策部署，按照____的原则，在深入研究评估的基础上，推出11条金融业对外开放措施。
A. 宜慢不宜快、宜早不宜迟
B. 宜快不宜慢、宜早不宜迟
C. 宜慢不宜快、宜迟不宜早
D. 宜快不宜慢、宜迟不宜早
",B. 宜快不宜慢、宜早不宜迟,以下是中国关于证券从业资格证考试的单项选择题，请选出其中的正确答案。
"下列各种资本结构的理论中，认为筹资决策无关紧要的是____。
A. 代理理论
B. 无税MM论
C. 优序融资理论
D. 权衡理论
",B. 无税MM论,以下是中国关于公司金融学考试的单项选择题，请选出其中的正确答案。
"下列有关商业银行理财产品宣传销售文本表述，错误的是____。
A. 销售文本应当全面、如实、客观地反映理财产品的重要特性
B. 只能登载该理财产品或者本行同类理财产品的过往平均业绩和最好、最差业绩
C. 在宣传销售文本中可以以数据表示产品过往业绩和未来表现之间的联系
D. 所使用的语言表述必须真实、准确和清晰
",C. 在宣传销售文本中可以以数据表示产品过往业绩和未来表现之间的联系,以下是中国关于银行从业资格证考试的单项选择题，请选出其中的正确答案。
"股权投资基金管理人最主要的职责是____。
A. 按照基金合同的约定，负责基金资产的投资运作
B. 在有效控制风险的基础上为基金投资者争取最大的投资收益
C. 以上都是
D. 以上都不是
",D. 以上都不是,以下是中国关于基金从业资格证考试的单项选择题，请选出其中的正确答案。
"我国A公司并购美国的IBMPC业务，自此，位于全球PC市场排名第九位的A公司一跃升至第三位。这次并购主要从品牌、技术、管理经验等各方面考虑，且此次并购对于A公司有巨大的提升，A公司在国际市场上提升了国际竞争力。A公司跨国对外投资的主要动机是____。
A. 寻求资源
B. 寻求市场
C. 寻求现成资产
D. 寻求效率
",C. 寻求现成资产,以下是中国关于公司战略与风险管理考试的单项选择题，请选出其中的正确答案。
"1998年我国取消贷款规模管理后，货币政策中介目标主要是____。
A. 利率
B. 同业拆借利率
C. 货币供应量 
D. 存款准备金率
",C. 货币供应量 ,以下是中国关于货币金融学考试的单项选择题，请选出其中的正确答案。
"A公司2010年实现净利润150000元，支付优先股股利30000元，发行在外的股数为70000股，其中10000股为优先股，普通股每股派发现金股利0.50元，A公司的每股收益为____。
A. 0.2
B. 0.5
C. 2
D. 3
",C. 2,以下是中国关于中国精算师考试的单项选择题，请选出其中的正确答案。
"以下哪种行动最可能导致在伊斯兰教国家获得业务____。
A. 雇用伊斯兰教徒为员工
B. 按伊斯兰教的道德观行事
C. 在伊斯兰教国家拥有财产
D. 皈依伊斯兰教信仰
",B. 按伊斯兰教的道德观行事,以下是中国关于管理会计师考试的单项选择题，请选出其中的正确答案。
"《中国人民银行法》以____的形式确立了中国人民银行作为中央银行的地位，明确了中国人民银行的职责。
A. 国家立法
B. 国家宪法
C. 国家法律
D. 国家法规
",A. 国家立法,以下是中国关于银行从业资格证考试的单项选择题，请选出其中的正确答案。
"下列有关注册会计师复核上期财务报表中会计估计的结果的说法中，错误的是____。
A. 复核的目的不是质疑上期依据当时可获得的信息而作出的判断
B. 会计估计的结果与上期财务报表中已确认金额的差异不必然表明上期财务报表存在错报
C. 复核上期财务报表中会计估计的结果通常不能提供有关会计估计流程有效性的信息
D. 在确定复核的性质和范围时，注册会计师应当考虑会计估计的性质
",C. 复核上期财务报表中会计估计的结果通常不能提供有关会计估计流程有效性的信息,以下是中国关于注册会计师考试的单项选择题，请选出其中的正确答案。
"甲公司是一家食品生产公司。为了确保食品原材料的安全及质量上的达标，甲公司与美心面粉厂签订合作协议，为其优先提供符合其特定要求的原材料。结合上述信息可以判断，甲公司采用的战略联盟类型是____。
A. 合资企业
B. 相互持股投资
C. 功能性协议
D. 特许经营
",C. 功能性协议,以下是中国关于公司战略与风险管理考试的单项选择题，请选出其中的正确答案。
"甲公司签发的支票上，中文大写记载的金额为“壹万玖仟捌佰元整”，而阿拉伯数字（数码）记载的金额为“19810元”，根据票据法律制度的规定，下列关于该支票效力的表述中，正确的是____。
A. 支票无效
B. 经甲公司将金额更改为一致并签章后，支票有效
C. 支票有效，以中文记载为准
D. 支票有效，以阿拉伯数字（数码）记载为准
",A. 支票无效,以下是中国关于经济法考试的单项选择题，请选出其中的正确答案。
"债券，通常又称____，因为这类金融工具能够提供固定数额或根据固定公式计算出的现金流。
A. 固定收益市场
B. 固定收益证券
C. 固定利率证券
D. 固定收益基金
",B. 固定收益证券,以下是中国关于基金从业资格证考试的单项选择题，请选出其中的正确答案。
"某玉米经销商在大连商品交易所做买入套期保值，在某月份玉米期货合约上建仓10手，当时的基差为-20元/吨，若该经销商在套期保值中出现净亏损3000元，则其平仓时的基差应为____元/吨(不计手续费等费用)。
A. 30
B. -50
C. 10
D. -20
",C. 10,以下是中国关于期货从业资格证考试的单项选择题，请选出其中的正确答案。
"提前支取的定期储蓄存款，支取部分按____计付利息。
A. 存入日挂牌公告的活期存款利率
B. 存入日挂牌公告的定期存款利率
C. 支取日挂牌公告的活期存款利率
D. 支取日挂牌公告的定期存款利率
",C. 支取日挂牌公告的活期存款利率,以下是中国关于商业银行金融学考试的单项选择题，请选出其中的正确答案。
"根据物权法律制度的规定，下列关于物的种类的表述中，正确的是____。
A. 汽车属于可分物
B. 消费物与非消费物的分类仅限于动广产
C. 可替代物与不可替代物的分类仅限于不动产
D. 文物属于禁止流通物
",B. 消费物与非消费物的分类仅限于动广产,以下是中国关于经济法考试的单项选择题，请选出其中的正确答案。
"某公司主营业务收入为2000万元，流动资产平均余额为300万元，固定资产余额700万元，假设没有其他资产，则该年的总资产周转率为____。
A. 1次
B. 2次
C. 3次
D. 4次
",B. 2次,以下是中国关于金融市场学考试的单项选择题，请选出其中的正确答案。
"如果一个竞争性市场位于长期均衡状态中，那么所有的厂商____。
A. 采用完全相同的生产工艺
B. 具有同一最低平均的成本
C. 都能获得经济利润
D. 以上全对
",D. 以上全对,以下是中国关于微观经济学考试的单项选择题，请选出其中的正确答案。
"下列哪种情况下____货币供给增加。
A. 政府购买增加
B. 央行从公众手中购买国债
C. 一个平民购买通用汽车的债券
D. 联想公司向公众发售股票
",B. 央行从公众手中购买国债,以下是中国关于货币金融学考试的单项选择题，请选出其中的正确答案。
"关于在资本预算编制中采用回收期法，以下哪项陈述不对____。
A. 大致地量度了项目风险
B. 考虑到了货币时间价值
C. 未区分现金流入的类型
D. 揭示了投资的盈亏平衡点
",B. 考虑到了货币时间价值,以下是中国关于管理会计师考试的单项选择题，请选出其中的正确答案。
"在陈、罗尔和罗斯的多因素检验实证研究中，在解释股票收益方面解释力较弱的因素是____。
A. 通货膨胀率的预期变化
B. 公司债券的风险溢价
C. 通货膨胀率的非预期变化
D. 行业生产
",A. 通货膨胀率的预期变化,以下是中国关于投资学考试的单项选择题，请选出其中的正确答案。
"以下的金融资产中不具有与期权类似的特征的是____。
A. 可转债
B. 信用期权
C. 可召回债券
D. 期货
",D. 期货,以下是中国关于金融市场学考试的单项选择题，请选出其中的正确答案。
"根据凯恩斯的乘数论，下列关于国际收支调整的叙述正确的是____。
A. 乘数论机制实现的前提是国内尚未实现充分就业，但利率水平可变动
B. 政府购买增加与同等的出口增加所引起的收入增量不同
C. 可以同时通过调节政府购买和出口消除贸易逆差
D. 政府购买、出口和进口均是外生变量
",C. 可以同时通过调节政府购买和出口消除贸易逆差,以下是中国关于国际经济学考试的单项选择题，请选出其中的正确答案。
"资本循环是资本从一种形式出发，经过一系列形式的变化，又回到原来出发点的运动。产业资本在循环过程中要经历三个不同阶段，与此相联系的是资本依次执行三种不同职能。其中，在购买阶段执行的职能是____。
A. 商品资本
B. 货币资本
C. 产业资本
D. 生产资本
",B. 货币资本,以下是中国关于政治经济学考试的单项选择题，请选出其中的正确答案。
"如果股票价格上升，则该股票的看跌期权价格____。
A. 下跌，上涨
B. 下跌，下跌
C. 上涨，下跌
D. 上涨，上涨
",A. 下跌，上涨,以下是中国关于金融工程学考试的单项选择题，请选出其中的正确答案。
"目前我国一年期定期存款年利率为2.50$\%$，假设2010年官方公布的CPI为3.80$\%$，则一年期定期存款的实际年利率为____。
A. 1.3$\%$
B. -1.3$\%$
C. -1.25$\%$
D. -1.27$\%$
",D. -1.27$\%$,以下是中国关于金融市场学考试的单项选择题，请选出其中的正确答案。
"按照《证券监督管理条例》和《证券公司治理准则》的要求，证券公司在召开董事会会议时，对相关的资料和文件的处理错误的是____。
A. 董事会会议应当制作会议记录，并可以录音
B. 董事会会议记录应当依法保存
C. 出席会议的董事应当在会议记录上签字，而记录人没有签字硬性要求
D. 董事会秘书负责股东(大)会和董事会会议的筹备、文件的保管以及股东资料的管理
",C. 出席会议的董事应当在会议记录上签字，而记录人没有签字硬性要求,以下是中国关于证券从业资格证考试的单项选择题，请选出其中的正确答案。
"区分各种成本计算基本方法的主要标志是____。
A. 成本计算对象
B. 成本计算日期
C. 间接费用的分配方法
D. 完工产品与在产品之间费用的分配方法
",A. 成本计算对象,以下是中国关于成本会计学考试的单项选择题，请选出其中的正确答案。
"为了研究居民的收入水平与购买商业保险额之间的关系，调查组对某地区居民进行随机抽样调查，调查结果显示收入水平$X$与购买商业保险额$Y$之间的相关系数为0.526。根据以上研究结果可以得出____。
A. 该地区所有居民的收入水平$X$与购买商业保险额$Y$之间的相关系数也是0.526
B. 购买商业保险额变量中大约有28$\%$可以由居民的收入水平$X$与购买商业保险额$Y$之间的线性关系解释
C. 如果该地区居民收入水平降低，肯定会导致购买商业保险的数额减少
D. 由于二者间的相关系数较低，说明二者间不存在线性关系
",B. 购买商业保险额变量中大约有28$\%$可以由居民的收入水平$X$与购买商业保险额$Y$之间的线性关系解释,以下是中国关于计量经济学考试的单项选择题，请选出其中的正确答案。
"当经济是帕累托有效时，下列可能不被满足的是____。
A. 生产的效率
B. 交换的效率
C. 产品组合的效率
D. 收入的公平分配
",D. 收入的公平分配,以下是中国关于微观经济学考试的单项选择题，请选出其中的正确答案。
"根据证券法律制度的规定，上市公司应当在每个会计年度结束之日起一定期限内编制年度报告并披露。该期限是____。
A. 3个月
B. 1个月
C. 4个月
D. 6个月
",C. 4个月,以下是中国关于经济法考试的单项选择题，请选出其中的正确答案。
"对于多元线性回归模型$Y=X\beta+\mu$。其中，$X$为$n\times(k+1)$矩阵，$n$为样本容量，$k$为解释变量的个数，$\hat{\beta}$为$k＋1$阶列向量。该模型参数的普通最小二乘估计为$\hat{\beta}=(X^{T}X)^{-1}(X^{T}Y)$。则欲使$\hat{\beta}$存在，样本容量$n$的最小值为____。
A. $k$
B. $k+1$
C. $k-1$
D. 30
",B. $k+1$,以下是中国关于计量经济学考试的单项选择题，请选出其中的正确答案。
"原材料在每道工序开始时一次投料的情况下，分配原材料费用的在产品的投料程度，为下列项目与完工产品原材料消耗定额的比率____。
A. 在产品所在工序原材料消耗定额
B. 在产品所在工序原材料消耗定额之半
C. 在产品所在工序原材料累计消耗定额
D. 在产品所在工序原材料累计消耗定额之半
",C. 在产品所在工序原材料累计消耗定额,以下是中国关于成本会计学考试的单项选择题，请选出其中的正确答案。
"通过影响商业银行放款能力来发挥作用的工具是____。
A. 公开市场业务
B. 再贴现率
C. 流动性比率
D. 存款准备率
",D. 存款准备率,以下是中国关于中央银行学考试的单项选择题，请选出其中的正确答案。
"收购人未按照《证券法》规定履行上市公司收购的公告、发出收购要约义务的，责令改正，给予警告，并处以____的罚款。
A. 5万元以上50万元以下
B. 50万元以上500万元以下
C. 30万元以上300万元以下
D. 30万元以上500万元以下
",B. 50万元以上500万元以下,以下是中国关于证券从业资格证考试的单项选择题，请选出其中的正确答案。
"若某消费者的无差异曲线是垂直线，这表明该消费者消费已达到饱和的商品是（X有横轴度量，Y轴由纵轴度量）____。
A. 商品Y
B. 商品X
C. 商品X和Y
D. 以上都不正确
",A. 商品Y,以下是中国关于微观经济学考试的单项选择题，请选出其中的正确答案。
"在再保险中，溢额再保险合同是指____。
A. 赔付率超赔再保险合同
B. 一种成数再保险合同
C. 一种临时再保险合同
D. 一种倍数再保险合同
",B. 一种成数再保险合同,以下是中国关于保险学考试的单项选择题，请选出其中的正确答案。
"下列各项中，不属于分析企业运营风险应收集的信息是____。
A. 产品结构、新产品研发情况
B. 企业主要客户、供应商及竞争对手的有关情况
C. 质量、安全、环保、信息等管理中曾发生或易发生失误的业务流程或环节
D. 企业风险管理的现状和能力
",B. 企业主要客户、供应商及竞争对手的有关情况,以下是中国关于公司战略与风险管理考试的单项选择题，请选出其中的正确答案。
"当市场供给曲线向右移动时，意味着____。
A. 供给量减少
B. 供给量增加
C. 需求量减少
D. 需求量增加
",B. 供给量增加,以下是中国关于微观经济学考试的单项选择题，请选出其中的正确答案。
"在我国个人所得税的征税对象中，股息、红利、利息所得的应纳税所得额是____。
A. 每次收入
B. 每月收入额
C. 每季收入额
D. 每年收入额
",A. 每次收入,以下是中国关于财政学考试的单项选择题，请选出其中的正确答案。
"当货币在执行____职能时，只要有观念上的货币就可以了。
A. 价值尺度
B. 支付手段
C. 世界货币
D. 价值储藏
",A. 价值尺度,以下是中国关于货币金融学考试的单项选择题，请选出其中的正确答案。
"下列关于国债利率的表述,错误的是____。
A. 国债利率的计算方式影响国债的利率水平
B. 国债利率的计息方式一般分为单利计息和复利计息
C. 在实际收益率相等的情况下,单利计息国债的票面利率一般高于复利计息的票面利率
D. 在实际收益率相等的情况下,单利计息国债的票面利率一般低于复利计息的票面利率
","D. 在实际收益率相等的情况下,单利计息国债的票面利率一般低于复利计息的票面利率",以下是中国关于财政学考试的单项选择题，请选出其中的正确答案。
"证券组合风险的大小不仅与单个证券的风险有关，而且与各个证券收益间的____关系。
A. 协方差
B. 标准差
C. 系数
D. 标准离差率
",A. 协方差,以下是中国关于公司金融学考试的单项选择题，请选出其中的正确答案。
"置存资产因通货膨胀虚增的价值不列入利润表的做法，属于____。
A. 实物资本维护
B. 财务资本维护
C. 等值货币维护
D. 货币购买力维护
",A. 实物资本维护,以下是中国关于高级财务会计考试的单项选择题，请选出其中的正确答案。
"个在黄金期货中做____头寸的交易者希望黄金价格将来____。
A. 多头；不变
B. 空头；上涨
C. 空头；不变
D. 空头；下跌
",D. 空头；下跌,以下是中国关于投资学考试的单项选择题，请选出其中的正确答案。
"使得消费者剩余最小的垄断厂商的价格差别是____。
A. 一级价格差别
B. 二级价格差别
C. 三级价格差别
D. 混合价格差别
",A. 一级价格差别,以下是中国关于微观经济学考试的单项选择题，请选出其中的正确答案。
"从20世纪50年代开始，金融学由定性分析逐步演变到定量分析，产生了一系列有重要影响的资产定价模型，其中最具影响和争议的一个模型是Sharpe等人提出的____。
A. 套利定价模型
B. 有效市场理论
C. 期权定价模型
D. 资本资产定价模型
",D. 资本资产定价模型,以下是中国关于金融市场学考试的单项选择题，请选出其中的正确答案。
"多元线性回归模型为：$Y=\beta_{0}+\beta_{1}X_{1}+\beta_{2}X_{2}+\cdots+\beta_{k}X_{k}+\mu$。其中，$k$为解释变量的数目，$\beta_{j}(j=0,1,2,\cdots,k)$为回归系数，$\mu$为随机误差项。设$\hat{Y}$为条件期望$E(Y\mid X)$的估计量，$\hat{\beta_{j}}$为$\beta_{j}(j=0,1,2,\cdots,k)$的估计量。该模型对应的样本回归函数为____。
A. $Y=\hat{\beta_{0}}+\hat{\beta_{1}}X_{1}+\hat{\beta_{2}}X_{2}+\cdots+\hat{\beta_{k}}X_{k}$
B. $Y=\hat{\beta_{0}}+\hat{\beta_{1}}X_{1}+\hat{\beta_{2}}X_{2}+\cdots+\hat{\beta_{k}}X_{k}+\mu$
C. $\hat{Y} =\hat{\beta_{0}}+\hat{\beta_{1}}X_{1}+\hat{\beta_{2}}X_{2}+\cdots+\hat{\beta_{k}}X_{k}+e$（其中$e$为残差项）
D. $\hat{Y} =\hat{\beta_{0}}+\hat{\beta_{1}}X_{1}+\hat{\beta_{2}}X_{2}+\cdots+\hat{\beta_{k}}X_{k}$
",D. $\hat{Y} =\hat{\beta_{0}}+\hat{\beta_{1}}X_{1}+\hat{\beta_{2}}X_{2}+\cdots+\hat{\beta_{k}}X_{k}$,以下是中国关于计量经济学考试的单项选择题，请选出其中的正确答案。
"保险合同辅助人不包括____。
A. 保险代理人
B. 受益人
C. 保险经纪人
D. 保险公估人
",B. 受益人,以下是中国关于保险学考试的单项选择题，请选出其中的正确答案。
"20×6年6月30日，甲公司与乙公司签订租赁合同，合同规定甲公司将一栋自用办公楼出租给乙公司，租赁期为1年，年租金为200万元。当日，出租办公楼的公允价值为8000万元，其账面价值5500万元。20×6年12月31日，该办公楼的公允价值为9000万元。20×7年6月30日，甲公司收回租赁期届满的办公楼并对外出售，取得价款9500万元。甲公司采用公允价值模式对投资性房地产进行后续计量，不考虑其他因素。上述交易或事项对甲公司20×7年度损益的影响金额是____。
A. 500万元
B. 6000万元
C. 3100万元
D. 7000万元
",C. 3100万元,以下是中国关于会计考试的单项选择题，请选出其中的正确答案。
"甲公司对投资性房地产采用成本模式进行后续计量。自20×1年1月1日起，甲公司将一项投资性房地产出租给某单位，租期为4年，每年收取租金650万元，该投资性房地产原价为12000万元，预计使用年限为40年，预计净残值为零。至20×0年12月31日前已使用10年，累计折旧3000万元。20×1年12月31日，甲公司在对该投资性房地产进行减值测试时，发现该投资性房地产的可收回金额为8800万元，假定不考虑相关税费，该投资性房地产对甲公司20×1年利润总额的影响金额为____万元。
A. 250
B. 350
C. 450
D. 650
",B. 350,以下是中国关于会计考试的单项选择题，请选出其中的正确答案。
"给定下面的逐年进展因子：$f_{0-1}=1.41$, $f_{1-2}=1.22$, $f_{2-3}=1.16$, $f_{3-4}=1.08$, $f_{4,\infty}=1.04$，已知在评估日2010年12月31日，2009事故年的已赚保费为1000000元，期望赔付率为0.6，用B-F法计算2009事故年的未决赔款准备金为____。
A. 小于230000
B. 大于等于230000，小于270000
C. 大于等于270000，小于310000
D. 大于等于310000，小于340000
",A. 小于230000,以下是中国关于中国精算师考试的单项选择题，请选出其中的正确答案。
"以下有关审计工作底稿的说法中，不正确的是____。
A. 注册会计师获取的每个与审计结论相关的可靠审计证据都应当记录于审计工作底稿
B. 每张工作底稿都能直接为财务报表是否存在重大错报提供证据
C. 审计工作底稿有助于会计师事务所和监管机构的质量管理复核与检查
D. 审计工作底稿能为注册会计师是否遵循了审计准则提供证据
",B. 每张工作底稿都能直接为财务报表是否存在重大错报提供证据,以下是中国关于审计学考试的单项选择题，请选出其中的正确答案。
"集团内部企业发生下列经济业务事项，不会引起整个集团会计要素总额增减变动的是____。
A. 集团内部经济业务事项
B. 集团外部经济业务事项
C. 企业内部经济业务事项
D. 集团内部与外部之间的经济业务事项
",A. 集团内部经济业务事项,以下是中国关于高级财务会计考试的单项选择题，请选出其中的正确答案。
"以下有关供给学派税收观点的正确基本命题是____。
A. 高边际税率会促进物质与人力投资，减少资本存量；而低边际税率会鼓励投资，增加资本存量。
B. 高边际税率会阻碍物质与人力投资，减少资本存量；而低边际税率会鼓励投资，增加资本存量。
C. 边际税率的高低和税收收入的多少一定朝同一方向变化。
D. 高边际税率会提高人们的工作积极性，而低边际税率会降低人们的工作积极性。
",B. 高边际税率会阻碍物质与人力投资，减少资本存量；而低边际税率会鼓励投资，增加资本存量。,以下是中国关于财政学考试的单项选择题，请选出其中的正确答案。
"李某转让限售股收入40000元，不能提供完整真实的限售股原值凭证，则税务机关核定其应纳个人所得税税额为____。
A. 8000元
B. 6800元
C. 6000元
D. 5800元
",B. 6800元,以下是中国关于税法考试的单项选择题，请选出其中的正确答案。
"保险利益必须是一种能够以货币进行计算、衡量、估价的利益，在保险实务中，通常不能产生保险利益的对象是____。
A. 精神创伤
B. 人的生命
C. 艺术珍品
D. 名人字画
",A. 精神创伤,以下是中国关于保险学考试的单项选择题，请选出其中的正确答案。
"在连续编制合并财务报表的情况下，由于上年坏账准备抵销而应调整“未分配利润——年初”项目的金额为____。
A. 上年度应收账款计提的坏账准备的数额
B. 本年度应收账款计提的坏账准备的数额
C. 上年度抵销的内部应收账款计提的坏账准备的数额
D. 本年度内部应收账款计提的坏账准备的数额
",C. 上年度抵销的内部应收账款计提的坏账准备的数额,以下是中国关于管理会计学考试的单项选择题，请选出其中的正确答案。
"下列原则中，不属于税务行政诉讼的原则有____。
A. 合法性审查原则
B. 不适用调解原则
C. 由税务机关负责赔偿原则
D. 纳税人负举证责任原则
",D. 纳税人负举证责任原则,以下是中国关于税法考试的单项选择题，请选出其中的正确答案。
"《华尔街日报》上公布的息票债券的卖价是面值1000美元的113$\%$，如果票面利息是12$\%$，两个月前支付了最后一期利息，债券的全价是____美元。
A. 1100
B. 1110
C. 1150
D. 1160
",C. 1150,以下是中国关于投资学考试的单项选择题，请选出其中的正确答案。
"对于持有一定数量股票（或股票组合）的投资者而言，以下哪种策略可以用来对冲（Hedging）未来股票价格下跌的风险____。
A. 做空股指期货
B. 售出看涨的股指期权
C. 购买看跌的股指期权
D. A、B、C均可
",D. A、B、C均可,以下是中国关于金融市场学考试的单项选择题，请选出其中的正确答案。
"为检验平行数据模型$y_{it}=\alpha_{i}+X_{it}\beta_{i}+\mu_{it}$行的参数在横截面上有无变化，可进性的检验假设为____。
A. 斜率在不同的横截面样本点上和时间上都是相同的，但截距不同
B. 截距斜率在不同的横截面样本点上和时间上都是相同的
C. 检验$\alpha$和$\beta$，先进行$\alpha$的检验，再进行$\beta$的检验
D. 检验$\alpha$和$\beta$，先进行$\beta$的检验，再进行$\alpha$的检验
",D. 检验$\alpha$和$\beta$，先进行$\beta$的检验，再进行$\alpha$的检验,以下是中国关于计量经济学考试的单项选择题，请选出其中的正确答案。
"甲生产企业地处市区，2020年6月缴纳增值税30万元，当月委托位于县城的乙企业加工应税消费品，乙企业代收代缴消费税12万元。甲企业当月总计缴纳（含被代收代缴的部分）城建税____万元。
A. 2.94
B. 2.1
C. 0.42
D. 2.7
",D. 2.7,以下是中国关于税法考试的单项选择题，请选出其中的正确答案。
"根据票据法律制度的规定，下列票据记载事项中，可以更改的是____。
A. 出票日期
B. 付款人名称
C. 票据金额
D. 收款人名称
",B. 付款人名称,以下是中国关于经济法考试的单项选择题，请选出其中的正确答案。
"竞价交易制度又称委托驱动制度，其主要内容是：开市价格由集合竞价形成，随后交易系统对不断进入的投资者交易指令，按____原则排序，将买卖指令配对竞价成交。
A. 交易量优先
B. 价格优先与时间优先
C. 最低限额
D. 协议优先
",B. 价格优先与时间优先,以下是中国关于基金从业资格证考试的单项选择题，请选出其中的正确答案。
"根据2017年原中国银监会发布的《商业银行表外业务风险管理指引》，____业务是指商业银行从事的，按照现行的会计准则不计入资产负债表内，不形成现实资产负债，但能够引起当期损益变动的业务。
A. 负债业务
B. 利润表
C. 表外业务
D. 资产业务
",C. 表外业务,以下是中国关于证券从业资格证考试的单项选择题，请选出其中的正确答案。
"Granite公司销售的产品都是采取赊销的方式，采用这样的收款模式：销售当月回款60$\%$，售后第一个月收回25$\%$，售后第二个月回款15$\%$。收不回的账款少之又少，微不足道。在销售当月支付的顾客，将会得到2$\%$的销售折扣。如果1-4月份的销售额分别为220000，200000，280000，260000。请问公司5月1日的应收账款余额将会是多少____。
A. 107210
B. 143920
C. 204000
D. 146000
",D. 146000,以下是中国关于管理会计师考试的单项选择题，请选出其中的正确答案。
"看跌期权的买方具有在约定期限内按____卖出一定数量金融资产的权利。
A. 协定价格
B. 卖出价格
C. 买入价格
D. 市场价格
",A. 协定价格,以下是中国关于投资学考试的单项选择题，请选出其中的正确答案。
"在下列哪一种情形下本币贬值不仅不能改善贸易收支，反而会导致贸易收支进一步恶化____。
A. 本国是小国
B. 供给无弹性
C. 需求无弹性
D. 需求弹性无穷大
",C. 需求无弹性,以下是中国关于国际经济学考试的单项选择题，请选出其中的正确答案。
"____是货币政策的首要目标。
A. 经济增长
B. 充分就业
C. 币值稳定
D. 国际收支平衡
",C. 币值稳定,以下是中国关于中央银行学考试的单项选择题，请选出其中的正确答案。
"Swam公司是一家男士便裤的制造商。公司想在期末持有20000码布料。期初布料预计为25000码。预计生产供销售的产品所用布料为90000码。请计算该期公司需要采购多少码的布料____。
A. 90000
B. 95000
C. 135000
D. 85000
",D. 85000,以下是中国关于管理会计师考试的单项选择题，请选出其中的正确答案。
"纳税人的下列财产或财产权利，不得作为纳税质押品的是____
A. 汽车
B. 活期存款单
C. 房屋
D. 定期存款单
",C. 房屋,以下是中国关于税法考试的单项选择题，请选出其中的正确答案。
"20×4年3月1日，甲公司向乙公司销售商品5000件，每件售价为20元（不含增值税），甲、乙公司均为增值税一般纳税人，适用的增值税税率均为13$\%$。甲公司向乙公司销售商品给予10$\%$的商业折扣，提供的现金折扣条件为2/10、1/20、n/30，并代垫运杂费1000元。乙公司于20×4年3月15日付款。不考虑其他因素，甲公司在该项交易中应确认的收入是____。
A. 90000元
B. 99000元
C. 100000元
D. 101000元
",A. 90000元,以下是中国关于成本会计学考试的单项选择题，请选出其中的正确答案。
"下列项目中，应作为城市维护建设税计税依据的是____。
A. 纳税人补缴消费税时缴纳的滞纳金
B. 纳税人因欠缴增值税被处以的罚款
C. 纳税人被税务机关查补的增值税税款
D. 根据有关税法规定予以免征的增值税
",C. 纳税人被税务机关查补的增值税税款,以下是中国关于税法考试的单项选择题，请选出其中的正确答案。
"用于每个单独批准在一定贷款条件(收入的使用、最终到期日、还款时间安排、定价、担保等)下的贷款授信额度指____。
A. 客户信用额度
B. 集团借款企业额度
C. 单笔贷款额度
D. 承兑汇票额度
",C. 单笔贷款额度,以下是中国关于银行从业资格证考试的单项选择题，请选出其中的正确答案。
"根据哈罗德分析，如果实际的经济增长率大于有保证的经济增长率，经济将____。
A. 稳定增长
B. 持续萧条
C. 长期膨胀
D. 不确定
",C. 长期膨胀,以下是中国关于中国精算师考试的单项选择题，请选出其中的正确答案。
"从预算体系看，目前我国各级政府预算由____共同构成。
A. 公共财政预算、政府性公共预算、、国有资本经营预算
B. 政府性基金预算、国有资本经营预算、社会保障预算
C. 公共财政预算、政府性公共预算、国有资本经营预算以及社会保障预算
D. 公共财政预算、政府性基金预算、国有资本经营预算以及社会保障预算
",D. 公共财政预算、政府性基金预算、国有资本经营预算以及社会保障预算,以下是中国关于财政学考试的单项选择题，请选出其中的正确答案。
"关于投资性房地产后续计量模式的转换，下列说法中正确的是____。
A. 成本模式转为公允价值模式的，应当作为会计估计变更
B. 采用成本模式计量的投资性房地产当发生减值时需要确认减值损失
C. 已采用成本模式计量的投资性房地产，不得从成本模式转为公允价值模式
D. 采用公允价值模式计量的投资性房地产，公允价值的变动应计入资本公积
",B. 采用成本模式计量的投资性房地产当发生减值时需要确认减值损失,以下是中国关于中级财务会计考试的单项选择题，请选出其中的正确答案。
"在商业银行内部经营管理活动中，战略风险可以____三个层面入手。
A. 战术、管理和全局
B. 战略、战术和全局
C. 战术、宏观和执行
D. 战略、管理和执行
",D. 战略、管理和执行,以下是中国关于银行从业资格证考试的单项选择题，请选出其中的正确答案。
"____是指企业结束经营活动，处置资产并进行分配的行为。
A. 退出
B. 清算
C. 整理
D. 并购
",B. 清算,以下是中国关于基金从业资格证考试的单项选择题，请选出其中的正确答案。
"下列哪个国家更有可能在某种商品的生产中具有比较优势____。
A. 一个国家拥有丰富的自然资源
B. 一个国家具有高度发达的基础设施
C. 一个国家拥有高度熟练的劳动力
D. 一个国家有更严格的环境法规
",A. 一个国家拥有丰富的自然资源,以下是中国关于国际经济学考试的单项选择题，请选出其中的正确答案。
"某交易员通过卖出6个月期限执行价格为25美元的看跌期权，同时买入6个月期限执行价格为29美元的看跌期权产生熊市差价，卖出期权的价格为2.15美元，买入期权的价格为4.75美元，当股票为23美元时，此熊市差价的最终回报为____。
A. 1美元
B. 2美元
C. 3美元
D. 4美元
",D. 4美元,以下是中国关于金融工程学考试的单项选择题，请选出其中的正确答案。
"下列有关气候风险的表述错误的是____。
A. 气候风险是指极端天气、自然灾害、全球变暖等及社会向可持续发展转型对经济金融活动带来的潜在不确定性
B. 根据气候变化影响金融体系的渠道，可将气候风险大致划分为物理风险、转型风险、生物风险
C. 物理风险是指由极端天气、自然灾害及相关事件导致财产损失的风险
D. 转型风险是指社会向可持续发展转型的过程中，气候政策转向、技术革新和市场情绪变化等因素导致银行发生损失的风险
",B. 根据气候变化影响金融体系的渠道，可将气候风险大致划分为物理风险、转型风险、生物风险,以下是中国关于银行从业资格证考试的单项选择题，请选出其中的正确答案。
"下面对矩估计法中原点矩和中心矩表述正确的____。
A. 样本的一阶原点矩就是样本的原数据值
B. 样本的一阶原点矩就是样本的均值
C. 样本的二阶原点矩就是样本的均值样本的二阶中心矩就是样本的标准差
D. 样本的二阶中心矩就是样本的标准差
",B. 样本的一阶原点矩就是样本的均值,以下是中国关于统计学考试的单项选择题，请选出其中的正确答案。
"以下的金融资产中不具有与期权类似的特征的是____。
A. 期货
B. 信用期权可召回债券认股权证
C. 可召回债券
D. 认股权证
",A. 期货,以下是中国关于金融学考试的单项选择题，请选出其中的正确答案。
"当一个经济体系达到稳定状态时，以下哪一种说法是正确的____。
A. 人均资本水平保持稳定
B. 人均消费水平保持稳定
C. 资本存量不再增加
D. 只有A和B
",A. 人均资本水平保持稳定,以下是中国关于宏观经济学考试的单项选择题，请选出其中的正确答案。
"以下哪个组织不属于国际性金融机构____。
A. 国际货币基金组织(IMF)
B. 世界贸易组织(WTO)
C. 国际复兴开发银行(IBRD)
D. 国际清算银行(BIS)
",B. 世界贸易组织(WTO),以下是中国关于金融学考试的单项选择题，请选出其中的正确答案。
"3年期零息票债券的到期收益率是多少____。
A. 7$\%$
B. 9$\%$
C. 6.99$\%$
D. 7.49$\%$
",C. 6.99$\%$,以下是中国关于投资学考试的单项选择题，请选出其中的正确答案。
"国际储备需具备的三个特性不包括：____。
A. 可得性
B. 盈利性
C. 流动性
D. 普遍接受性
",B. 盈利性,以下是中国关于国际金融学考试的单项选择题，请选出其中的正确答案。
"期货是一种标准化的金融合约，以下哪一项是一般的期货合约中没有被标准化的____。
A. 合约规模
B. 交割日期
C. 交割方式
D. 交割地点
",C. 交割方式,以下是中国关于金融工程学考试的单项选择题，请选出其中的正确答案。
"以下哪种证券化产品最常见于房地产市场____。
A. ABS
B. CDO
C. CMBS
D. MBS
",C. CMBS,以下是中国关于金融市场学考试的单项选择题，请选出其中的正确答案。
"通常对封闭式混合型基金的财务会计报表分析不包括____。
A. 投资风格分析
B. 盈利能力分析
C. 基金份额变动分析
D. 持仓结构分析
",C. 基金份额变动分析,以下是中国关于基金从业资格证考试的单项选择题，请选出其中的正确答案。
"当市场收益率变动50个基点时，____的平价债券将经历一个2.3元的价格波动，假设债券的面值为100元、票面利率为12$\%$。
A. 久期为6年
B. 久期为5年
C. 久期为2.7年
D. 久期为5.15年
",D. 久期为5.15年,以下是中国关于投资学考试的单项选择题，请选出其中的正确答案。
"某人退休时有现金10万，拟选择一项汇报比较稳定的投资，希望每个季度能收入2000元补贴，那么该项投资的有效年利率为____。
A. 0.02
B. 0.08
C. 0.0824
D. 0.1004
",C. 0.0824,以下是中国关于公司金融学考试的单项选择题，请选出其中的正确答案。
"Devlin公司发行在外的普通股为250000股，每股面值10元。在当前年度，Devlin公司的支付现金股利为每股3.50元，公司的每股收益为4.80元。公司股票的市价为每股34元。则公司的市盈率为____。
A. 2.08
B. 2.85
C. 7.08
D. 9.71
",C. 7.08,以下是中国关于管理会计师考试的单项选择题，请选出其中的正确答案。
"某个国家在充分就业情况下的产出是5000亿元，自然失业率为5$\%$，假定现在失业率是8$\%$，那么奥肯系数为2时，根据奥肯定律，该国目前的产出为____。
A. 4500亿
B. 4900亿
C. 4800亿
D. 4700亿
",D. 4700亿,以下是中国关于宏观经济学考试的单项选择题，请选出其中的正确答案。
"借款人或债务人由于本国外汇储备不足或外汇管制等原因，无法获得所需外汇偿还其境外债务的风险是____。
A. 利率风险
B. 流动性风险
C. 信用风险
D. 转移风险
",D. 转移风险,以下是中国关于银行从业资格证考试的单项选择题，请选出其中的正确答案。
"市盈率是投资者用来衡量上市公司盈利能力的重要指标，关于市盈率的说法不正确的是____。
A. 市盈率反映投资者对每股盈余所愿意支付的价格
B. 市盈率越高表明人们对该股票的评价越高，所以进行股票投资时应该选择市盈率最高的股票
C. 当每股盈余很小时，市盈率不说明任何问题
D. 如果上市公司操纵利润，市盈率指标也就失去了意义
",B. 市盈率越高表明人们对该股票的评价越高，所以进行股票投资时应该选择市盈率最高的股票,以下是中国关于金融市场学考试的单项选择题，请选出其中的正确答案。
"下列押品管理的流程正确的是____。
A. 材料受理、抵质押权的设立与变更、押品价值评估、审查、押品日常管理、押品的返还与处置
B. 材料受理、押品价值评估、审查、抵质押权的设立与变更、押品日常管理、押品的返还与处置
C. 材料受理、审查、抵质押权的设立变更、押品价值评估、押品日常管理、押品的返还与处置
D. 材料受理、审查、押品价值评估、抵质押权的设立与变更、押品日常管理、押品的返还与处置
",D. 材料受理、审查、押品价值评估、抵质押权的设立与变更、押品日常管理、押品的返还与处置,以下是中国关于银行从业资格证考试的单项选择题，请选出其中的正确答案。
"在货币与长期经济增长关系上，经济学家们达成共识，即货币从长期看是____。
A. 中性的
B. 随机的
C. 正相关
D. 负相关
",A. 中性的,以下是中国关于货币金融学考试的单项选择题，请选出其中的正确答案。
"某科技开发公司采用矩阵制组织结构，该公司领导非常重视企业能否不断地研发出新技术，该公司对不同的职能和活动的评估完全是依据他们对企业目标所做出的贡献。该科技开发公司的企业文化类型最有可能是____。
A. 权力导向型
B. 角色导向型
C. 任务导向型
D. 人员导向型
",C. 任务导向型,以下是中国关于公司战略与风险管理考试的单项选择题，请选出其中的正确答案。
"下列属于对保证人日常管理的主要内容的是____。
A. 审查保证人的资格
B. 分析保证人的保证实力的变化
C. 了解保证人与银行的业务往来
D. 了解保证人的信用等级
",B. 分析保证人的保证实力的变化,以下是中国关于银行从业资格证考试的单项选择题，请选出其中的正确答案。
"下列回归模型中可用DW统计量来检验的是____。（模型中的$\varepsilon_{t}$是具有零均值、常数方差，且不存在序列相关的随机变量）
A. $Y_{t}=\beta_{0}+\beta_{1}X_{t}+\mu_{t}$，其中$\mu_{t}=\varrho\mu_{t-1}+\varepsilon_{t}$，$X_{t}$是非随机变量
B. $Y_{t}=\beta_{1}X_{t}+\mu_{t}$，其中$\mu_{t}=\varrho\mu_{t-1}+\varepsilon_{t}$，$X_{t}$是非随机变量
C. $Y_{t}=\beta_{0}+\beta_{1}X_{t}+\mu_{t}$，其中$\mu_{t}=\varrho_{1}\mu_{t-1}+\varrho_{2}\mu_{t-2}+\varepsilon_{t}$，$X_{t}$是非随机变量
D. $Y_{t}=\beta_{0}+\beta_{1}X_{t}+\mu_{t}$，其中$\mu_{t}=\varrho\mu_{t-1}+\varepsilon_{t}$，$X_{t}$是随机变量
",A. $Y_{t}=\beta_{0}+\beta_{1}X_{t}+\mu_{t}$，其中$\mu_{t}=\varrho\mu_{t-1}+\varepsilon_{t}$，$X_{t}$是非随机变量,以下是中国关于计量经济学考试的单项选择题，请选出其中的正确答案。
"当市场收益率下降50个基本点时，票面利息为12$\%$，下列哪种面值债券的价格变动23美元____。
A. 债券久期是6年
B. 债券久期是5年
C. 债券久期是2.7年
D. 债券久期是5.15年
",D. 债券久期是5.15年,以下是中国关于投资学考试的单项选择题，请选出其中的正确答案。
"以生产空调为主的甲企业准备进入微波炉领域时，微波炉行业的龙头老大乙企业大幅度降低价格，以阻止甲企业的进入。对于甲企业来说，遇到的障碍是____。
A. 结构性障碍
B. 行为性障碍
C. 同业竞争障碍
D. 替代品障碍
",B. 行为性障碍,以下是中国关于公司战略与风险管理考试的单项选择题，请选出其中的正确答案。
"下列关于金融市场的分类错误的是____。
A. 按照金融交易的场地和空间划分为期货市场和现货市场
B. 按照金融工具发行和流通特征划分为发行市场、流通市场
C. 按照交易期限不同，金融市场可划分为货币市场和资本市场
D. 按照融资方式划分，金融市场可分为直接融资市场和间接融资市场
",A. 按照金融交易的场地和空间划分为期货市场和现货市场,以下是中国关于银行从业资格证考试的单项选择题，请选出其中的正确答案。
"在非同一控制下，合并成本小于所获可辨认净资产公允价值的差额，应该记入的账户是____。
A. 管理费用—购置成本
B. 无形资产—商誉
C. 营业外收入
D. 营业外支出
",C. 营业外收入,以下是中国关于管理会计学考试的单项选择题，请选出其中的正确答案。
"在货币理论的新发展中，____假设被用来解释货币供应和需求的非充分竞争市场中的价格和产量决策。
A. 边际效用递减
B. 完全竞争
C. 垄断竞争
D. 货币中性
",C. 垄断竞争,以下是中国关于货币金融学考试的单项选择题，请选出其中的正确答案。
"在参数估计中，要求通过样本的统计量来估计总体参数，评价统计量的标准之一是使它与总体参数的离差越小越好。这种评价标准称为____。
A. 无偏性
B. 有效性
C. 一致性
D. 充分性
",B. 有效性,以下是中国关于统计学考试的单项选择题，请选出其中的正确答案。
"什么是外币货币资产和外币货币负债的兑换差额____。
A. 外币货币资产减少引起的差额
B. 外币货币负债增加引起的差额
C. 汇率变动引起的差额
D. 外币货币资产和外币货币负债的差额
",C. 汇率变动引起的差额,以下是中国关于高级财务会计考试的单项选择题，请选出其中的正确答案。
"企业基本生产车间计提的固定资产折旧费，应借记____。
A. “生产成本”科目
B. “管理费用”科目
C. “制造费用”科目
D. “待摊费用”科目
",C. “制造费用”科目,以下是中国关于成本会计学考试的单项选择题，请选出其中的正确答案。
"划分中央与地方财力和财权大小的根据是____。
A. 中央政府与地方政府人员的构成
B. 中央政府与地方政府事权的划分
C. 中央政府与地方政府利益的权衡
D. 中央与地方税收的比例
",B. 中央政府与地方政府事权的划分,以下是中国关于财政学考试的单项选择题，请选出其中的正确答案。
"某公司股票预计一年后每股支付股利3元，从第二年开始股利每年将无限期地以8$\%$的速度递增，假定其市场收益率为14$\%$，该股票的价值为多少元____。
A. 30
B. 50
C. 57
D. 68
",B. 50,以下是中国关于金融市场学考试的单项选择题，请选出其中的正确答案。
"下列哪个项目不属于中国国际收支统计表中的经常项目内容____。
A. 中国政府向塞尔维亚捐助的抗埃博拉专项资金
B. 中国企业利用在非洲投资所获得的资本收益进行的当地再投资资金
C. 中国在非洲的建筑工人获得工资性收入
D. 中国居民购买阿里巴巴股票获得的股息收入
",B. 中国企业利用在非洲投资所获得的资本收益进行的当地再投资资金,以下是中国关于国际经济学考试的单项选择题，请选出其中的正确答案。
"在货币与短期经济波动的研究中，凯恩斯理论相对古典经济学的不同观点没有表现在____。
A. 货币供给能改变物价水平
B. 名义工资是刚性的
C. 市场并不能自动出清
D. 存在非自愿的失业问题
",A. 货币供给能改变物价水平,以下是中国关于货币金融学考试的单项选择题，请选出其中的正确答案。
"下列各项关于无形资产会计处理的表述中，正确的是____。
A. 自行研究开发的无形资产在尚未达到预定用途前无需考虑减值
B. 非同一控制下企业合并中，购买方应确认被购买方在该项交易前未确认但可单独辨认且公允价值能够可靠计量的无形资产
C. 使用寿命不确定的无形资产在持有过程中不应该摊销也不考虑减值
D. 同一控制下企业合并中，合并方应确认被合并方在该项交易前未确认的无形资产
",B. 非同一控制下企业合并中，购买方应确认被购买方在该项交易前未确认但可单独辨认且公允价值能够可靠计量的无形资产,以下是中国关于会计考试的单项选择题，请选出其中的正确答案。
"保险人在厘定财产保险费率时要遵循权利与义务平衡的原则不包括____。
A. 公平合理原则
B. 充分原则
C. 相对稳定原则
D. 促进原则
",D. 促进原则,以下是中国关于保险学考试的单项选择题，请选出其中的正确答案。
"国际收支平衡表不包括：____。
A. 经常项目
B. 金融项目
C. 资本和金融项目
D. 平衡项目
",B. 金融项目,以下是中国关于国际金融学考试的单项选择题，请选出其中的正确答案。
"下列____越高，表示商业银行的流动性风险越高。
A. 流动性比例
B. 流动性覆盖率
C. 资产负债率
D. 超额备付金率
",C. 资产负债率,以下是中国关于银行从业资格证考试的单项选择题，请选出其中的正确答案。
"中央银行在公开市场卖出政府债券是试图____。
A. 收集一笔资金帮助政府弥补财政赤字
B. 减少商业银行在中央银行的存款
C. 减少流通中的基础货币以紧缩货币供给
D. 通过买卖债券获取差价利益
",C. 减少流通中的基础货币以紧缩货币供给,以下是中国关于宏观经济学考试的单项选择题，请选出其中的正确答案。
"下列长期投资决策评价指标中,其计算结果不受建设期的长短、资金投入的方式、回收额的有无以及净现金流量的大小等条件影响的是____。
A. 投资利润率
B. 投资回收期
C. 内部收益率
D. 净现值率
",D. 净现值率,以下是中国关于公司金融学考试的单项选择题，请选出其中的正确答案。
"根据证券法律制度的规定，下列关于非上市公众公司的表述中，正确的是____。
A. 非上市公众公司不包括虽然在全国中小企业股份转让系统进行公开转让，但股东人数未超过200人的股份有限公司
B. 非上市公众公司向特定对象发行股票，无须中国证监会核准
C. 非上市公众公司包括股票向特定对象转让导致股东累计超过200人，但其股票未在证券交易所上市交易的股份有限公司
D. 非上市公众公司经中国证监会核准，可以在全国中小企业股份转让系统向不特定对象公开发行
",D. 非上市公众公司经中国证监会核准，可以在全国中小企业股份转让系统向不特定对象公开发行,以下是中国关于经济法考试的单项选择题，请选出其中的正确答案。
"某企业接受一批材料捐赠，取得捐赠方按市场价格开具的增值税专用发票注明价款10万元，增值税1.3万元；受赠方自行支付运杂费0.3万元，则该企业计入应纳税所得额的捐赠收入为____。
A. 10万元
B. 10.3万元
C. 11.3万元
D. 11.9万元
",C. 11.3万元,以下是中国关于税法考试的单项选择题，请选出其中的正确答案。
"以下哪个不是金融中介机构的主要职能____。
A. 信用中介职能
B. 支付中介职能
C. 信用创造功能
D. 转移价格风险职能
",D. 转移价格风险职能,以下是中国关于金融学考试的单项选择题，请选出其中的正确答案。
"某资本家投资100万元，其预付资本的有机构成是4:1，每次投资的剩余价值率为150$\%$，该资本家每次投资的利润为____。
A. 20万元
B. 25万元
C. 30万元
D. 35万元
",C. 30万元,以下是中国关于政治经济学考试的单项选择题，请选出其中的正确答案。
"马克思主义政治经济学认为成本属于____。
A. 资产价值的计量
B. 收入利益的分配
C. 所耗价值的补偿
D. 取得利益的依据
",C. 所耗价值的补偿,以下是中国关于成本会计学考试的单项选择题，请选出其中的正确答案。
"____依法对保荐机构及其保荐代表人、其他从事保荐业务的人员进行监督管理。
A. 中国证券业协会
B. 财政部
C. 中国证监会
D. 国务院
",C. 中国证监会,以下是中国关于证券从业资格证考试的单项选择题，请选出其中的正确答案。
"某企业月初有短期借款50万元，本月向银行借入短期借款20万元，以银行存款偿还短期借款25万元，则月末“短期借款”账户的余额为____万元。
A. 借方45
B. 贷方45
C. 借方25
D. 贷方25
",B. 贷方45,以下是中国关于中国精算师考试的单项选择题，请选出其中的正确答案。
"下列各项中，通常不影响询证函回函的可靠性的是____。
A. 回函的及时性
B. 询证函发出及收回的控制情况
C. 回函中包含的限制条款
D. 被询证者的客观性
",A. 回函的及时性,以下是中国关于注册会计师考试的单项选择题，请选出其中的正确答案。
"自由竞争引起生产集中和资本集中，生产集中和资本集中发展到一定阶段必然引起垄断这是资本主义发展的客观规律。生产集中和资本集中是生产和资本社会化的表现。生产集中和资本集中的原因和趋势是____。
A. 生产集中的结果是越来越多的资本为少数大资本所支配
B. 资本集中的结果是大企业在社会生产中所占的比重不断增加
C. 生产集中和资本集中是资本家追求剩余价值和自由竞争的结果
D. 生产集中和资本集中必然导致经济危机的出现
",C. 生产集中和资本集中是资本家追求剩余价值和自由竞争的结果,以下是中国关于政治经济学考试的单项选择题，请选出其中的正确答案。
"在确定是否需要利用专家的工作时，A注册会计师通常不需考虑的因素是____。
A. 审计项目组成员对所涉及事项具有的知识和经验
B. 根据所涉及事项的性质、复杂程度和重要性确定的重大错报风险
C. 出具审计报告的时间要求
D. 预期获取的其他审计证据的数量和质量
",C. 出具审计报告的时间要求,以下是中国关于审计学考试的单项选择题，请选出其中的正确答案。
"设列联表的行数为3，列数为4，则$\chi^{2}$检验的自由度____。
A. 2
B. 4
C. 6
D. 12
",C. 6,以下是中国关于统计学考试的单项选择题，请选出其中的正确答案。
"如果某人由于纺织行业不景气而失去工作，这种失业属于____。
A. 摩擦性失业
B. 结构性失业
C. 周期性失业
D. 永久性失业
",B. 结构性失业,以下是中国关于宏观经济学考试的单项选择题，请选出其中的正确答案。
"企业在计量资产可收回金额时，下列各项中，不属于资产预计未来现金流量的是____。
A. 为维持资产正常运转发生的现金流出
B. 资产持续使用过程中产生的现金流入
C. 未来年度为改良资产发生的现金流出
D. 未来年度因实施已承诺重组减少的现金流出
",C. 未来年度为改良资产发生的现金流出,以下是中国关于中级财务会计考试的单项选择题，请选出其中的正确答案。
"根据有税MM理论，当债务比重增加时，下列各项指标不会发生变化的是____。
A. 股权资本成本
B. 加权平均资本成本
C. 债务资本成本
D. 企业价值
",C. 债务资本成本,以下是中国关于公司金融学考试的单项选择题，请选出其中的正确答案。
"已知$P(A)=a,P(B)=b,P(A\cupB)=c$，则$P(A\cap\bar{B})$____。
A. $a(1-b)$
B. $a-b$
C. $c-b$
D. $a(1-c)$
",C. $c-b$,以下是中国关于统计学考试的单项选择题，请选出其中的正确答案。
"某公司 2019 年从业人数 130 人，资产总额 2000 万元，年度应纳税所得额 210 万元，则该公司当年应纳企业所得税是____。
A. 10.5 万元
B. 16 万元
C. 42 万元
D. 52.5 万元
",B. 16 万元,以下是中国关于注册会计师考试的单项选择题，请选出其中的正确答案。
"在社会主义市场经济下，公共财政职能主要包括____。
A. 优化收入配置、维护市场统一、促进社会公平、实现国家长治久安
B. 优化资源配置、维护市场统一、促进社会公平、实现国家长治久安
C. 优化资源配置、维护市场秩序、促进社会公平、实现国家长治久安
D. 优化收入配置、维护市场秩序、促进社会公平、实现国家长治久安
",B. 优化资源配置、维护市场统一、促进社会公平、实现国家长治久安,以下是中国关于财政学考试的单项选择题，请选出其中的正确答案。
"资本有机构成是指____。
A. 可变资本与不变资本的比例
B. 生产资料和劳动力的比例
C. 固定资本和流动资本的比例
D. 由技术构成决定并反映技术构成变化的资本价值构成
",D. 由技术构成决定并反映技术构成变化的资本价值构成,以下是中国关于政治经济学考试的单项选择题，请选出其中的正确答案。
"关于中国的外汇管理政策与人民币自由兑换进程，以下哪项陈述是错误的____。
A. 中国的外汇管理政策允许逐步实现人民币的自由兑换
B. 中国的外汇储备主要由外国货币和短期金融资产组成
C. 中国的外汇管理政策始终保持不变
D. 中国逐步放开了外汇管制，鼓励人民币的国际化
",C. 中国的外汇管理政策始终保持不变,以下是中国关于国际金融学考试的单项选择题，请选出其中的正确答案。
"下列不属于贷款合法性、合规性调查的内容的____。
A. 认定借款人的合法主体资格
B. 对借款人的借款目的进行调查
C. 考察借款人是否建立了良好的公司治理机制
D. 认定担保人的法定代表人签名的真实性和有效性
",C. 考察借款人是否建立了良好的公司治理机制,以下是中国关于银行从业资格证考试的单项选择题，请选出其中的正确答案。
"兴旺集团在行政管理方面，奉行的基本原则是灵活性，即在大量分散的单位和目标之间调度和协调资源;在工程技术问题上，常常开发机械化程度很低和例外性的多种技术和标准技术来避免长期陷于单一的技术过程。根据上述信息，兴旺集团采用的组织的战略类型是____。
A. 防御型战略组织
B. 开拓型战略组织
C. 分析型战略组织
D. 反应型战略组织
",B. 开拓型战略组织,以下是中国关于公司战略与风险管理考试的单项选择题，请选出其中的正确答案。
"在我国，____不需要向中国人民银行交存存款准备金。
A. 财务公司
B. 信用合作社
C. 金融租赁公司
D. 证券公司
",D. 证券公司,以下是中国关于中央银行学考试的单项选择题，请选出其中的正确答案。
"某外国企业常驻代表机构从事售后服务，2018年主管税务机关对其2017年业务进行检查，发现该代表机构账簿不健全，经查收入实为300万元，决定按照最低利润率对其进行核定征收企业所得税。2017年该常驻代表机构应缴纳企业所得税____万元。
A. 3.75
B. 11.25
C. 7.5
D. 14.25
",B. 11.25,以下是中国关于税法考试的单项选择题，请选出其中的正确答案。
"“经理国库、临时的财政垫支、充当银行最后贷款人”表示中央银行在行使____职能。
A. 调节职能
B. 服务职能
C. 管理职能
D. 控制职能
",B. 服务职能,以下是中国关于金融学考试的单项选择题，请选出其中的正确答案。
"下列领域中，应该实行市场定价的是____。
A. 金融行业
B. 石油行业
C. 通信行业
D. 家电行业
",D. 家电行业,以下是中国关于财政学考试的单项选择题，请选出其中的正确答案。
"下列关于股权投资基金托管服务中的资产保管，说法错误的是____。
A. 不同基金财产的债权债务不得相互抵销
B. 基金托管人应当按规定独立、完整、安全地保管所托管基金的财产，保证基金财产的安全完整
C. 基金托管人可以将基金财产归入其固有财产
D. 基金财产的债权不得与托管人固有财产的债务相抵销
",C. 基金托管人可以将基金财产归入其固有财产,以下是中国关于基金从业资格证考试的单项选择题，请选出其中的正确答案。
"在一段时间之前，某家公司签订了一项以150万美元买入100万英镑的远期合约，目前这一远期合约离到期日还剩6个月。6个月零息英国债券的日波动率为0.06$\%$（价格在转换成美元后），6个月期限零息美元债券的波动率为0.05$\%$，两个债券收益率的相关系数为0.8，当前的汇率为1.53，远期合约在一天内价值（以美元计算）变化的标准差为____。
A. 537
B. 357
C. 819
D. 213
",A. 537,以下是中国关于金融工程学考试的单项选择题，请选出其中的正确答案。
"什么是本-量-利分析____。
A. 一种成本核算方法
B. 一种投资决策方法
C. 一种经营决策方法
D. 一种会计报表分析方法
",C. 一种经营决策方法,以下是中国关于管理会计学考试的单项选择题，请选出其中的正确答案。
"以下哪一项不是中央银行遵循公开性原则的目的____。
A. 有利于公共监督中央银行
B. 有利于增强货币政策的告示效应
C. 向社会提供金融信息
D. 提高中央银行的权威性
",D. 提高中央银行的权威性,以下是中国关于中央银行学考试的单项选择题，请选出其中的正确答案。
"授信额度是银行确定的在一定期限内对某客户提供____授信支持的量化控制指标。
A. 短期
B. 中长期
C. 长期
D. 以上都不对
",A. 短期,以下是中国关于商业银行金融学考试的单项选择题，请选出其中的正确答案。
"在产量一定的情况下，某一种要素的增加与另一种要素的减少之间的比例称为____。
A. 要素的替代弹性
B. 要素的边际替代率
C. 要素的产出弹性
D. 技术进步率
",B. 要素的边际替代率,以下是中国关于计量经济学考试的单项选择题，请选出其中的正确答案。
"以下关于审计工作底稿归档的说法中，正确的是____。
A. 若将电子或其他介质形式存在的工作底稿通过打印等方式转换成纸质形式的工作底稿，归档时同时保存电子和纸质的工作底稿
B. 如果针对客户的同一财务信息执行不同的委托业务，出具两个或多个不同的报告，应在规定的最后的归档期限内将其归整为一份最终审计档案
C. 如果未完成审计业务，无需归档
D. 如果未完成审计业务，审计工作底稿的归档期限也是审计报告日后的60天内
",A. 若将电子或其他介质形式存在的工作底稿通过打印等方式转换成纸质形式的工作底稿，归档时同时保存电子和纸质的工作底稿,以下是中国关于审计学考试的单项选择题，请选出其中的正确答案。
"某投资项目的年营业收入为600000元，年经营付现成本为400000元，年折旧额100000元，所得税税率为25$\%$，该项目的每年经营现金净流量为____。
A. 75000元
B. 100000元
C. 175000元
D. 250000元
",A. 75000元,以下是中国关于公司金融学考试的单项选择题，请选出其中的正确答案。
"蒙代尔在要素禀赋理论假设前提下证明要素流动和商品流动之间的关系是____。
A. 替代
B. 互补
C. 无关
D. 不确定
",A. 替代,以下是中国关于国际经济学考试的单项选择题，请选出其中的正确答案。
"甲企业是一家单一业务企业，采用的组织结构特点是不同的部门有不同的业务职能：营销部门负责产品的营销和推广，财务部负责记录所有交易并控制所有与经费和财务相关的活动等，各部门之间相互独立。该企业适宜采用的组织结构的优点是____。
A. 便于企业的持续成长
B. 有利于培养职能专家
C. 能更有效地优先考虑关键项目
D. 能实现更好更快的地区决策
",B. 有利于培养职能专家,以下是中国关于公司战略与风险管理考试的单项选择题，请选出其中的正确答案。
"根据""蒙代尔政策搭配理论"",当一国国际收支出现顺差、国内通货膨胀严重时，合理的政策选择为____。
A. 扩张性货币政策和紧缩性财政政策
B. 扩张性财政货币政策和货币升值
C. 紧缩性财政货币政策和货币贬值
D. 紧缩性货币政策和扩张性财政政策
",A. 扩张性货币政策和紧缩性财政政策,以下是中国关于国际金融学考试的单项选择题，请选出其中的正确答案。
"在直接融资领域中，直接金融机构的服务对象主要是____。
A. 存款人
B. 投资者
C. 企业
D. 银行金融机构
",B. 投资者,以下是中国关于货币金融学考试的单项选择题，请选出其中的正确答案。
"公共支出的微观化调节的是政府支出项目和各项目的数额，并不是要变动____总量。
A. 银行贷款
B. 税收收入
C. 财政收入
D. 财政支出
",D. 财政支出,以下是中国关于财政学考试的单项选择题，请选出其中的正确答案。
"企业发生的下列支出中，按企业所得税法的规定可在税前扣除的是____。
A. 税收滞纳金
B. 非广告性赞助
C. 企业所得税税款
D. 按规定缴纳的财产保险费
",D. 按规定缴纳的财产保险费,以下是中国关于税法考试的单项选择题，请选出其中的正确答案。
"与非公开发行股票方式相比，公开发行股票方式____。
A. 发行范围小
B. 发行成本高
C. 股票变现性差
D. 发行条件低
",B. 发行成本高,以下是中国关于财务管理学考试的单项选择题，请选出其中的正确答案。
"改革后我国的农村银行机构不包括____。
A. 中国农村发展银行
B. 农村合作银行
C. 村镇银行
D. 农村商业银行
",A. 中国农村发展银行,以下是中国关于金融学考试的单项选择题，请选出其中的正确答案。
"不可撤销的备用信用证与可撤销的备用信用证比起来，主要有利于____。
A. 开证银行
B. 申请人
C. 受益人
D. 以上都不对
",C. 受益人,以下是中国关于商业银行金融学考试的单项选择题，请选出其中的正确答案。
"根据监管要求，商业银行在使用标准法计量操作风险监管资本时，____的资本要求系数$\beta$最低。
A. 公司金融
B. 商业银行业务
C. 资产管理
D. 代理服务
",C. 资产管理,以下是中国关于银行从业资格证考试的单项选择题，请选出其中的正确答案。
"如果1970年的名义GDP为7500亿美元，按照1960年价格计算是多少（价格指数1960年等于100，1970年等于120）____。
A. 9000亿美元
B. 6000亿美元
C. 7300亿美元
D. 6250亿美元
",D. 6250亿美元,以下是中国关于宏观经济学考试的单项选择题，请选出其中的正确答案。
"政府委托经纪人在金融市场上出售国债的方法，叫做____。
A. 固定受益出售方式
B. 公募拍卖方式
C. 直接推销方式
D. 连续经销方式
",D. 连续经销方式,以下是中国关于财政学考试的单项选择题，请选出其中的正确答案。
"在美国市场上交易国外公司股票的形式是____。
A. ADRs
B. ECUs
C. 单国共同基金
D. 上述都正确
",A. ADRs,以下是中国关于投资学考试的单项选择题，请选出其中的正确答案。
"甲股份公司自2019年初开始自行研究开发一项新专利技术，2019年在研究开发过程中发生材料费、人工费以及其他费用等共计500万元，其中，符合资本化条件的支出为400万元。2019年末，甲公司预计到专利技术研发成功、达到预定用途还需投入150万元。假定扣除后续投入因素的可收回金额为280万元，不扣除后续投入因素的可收回金额为390万元，预计该项专利技术达到预定可使用状态后的公允价值扣除处置费用后的净额为410万元，则该项开发过程中的无形资产在2019年末应计提的减值损失为____。
A. 120万元
B. 10万元
C. 0万元
D. 140万元
",A. 120万元,以下是中国关于中级财务会计考试的单项选择题，请选出其中的正确答案。
"关于资产配置的层次，以下表述正确的是____。
A. 战术资产配置是在较长投资期限内以追求长期回报为目标的资产配置
B. 运用战术资产配置的前提条件是基金管理人能够准确地预测市场变化、发现单个证券的投资计划，并能够有效实施动态资产配置投资方案
C. 战略资产配置的有效性存在争议，战略资产配置对战术资产配置的偏离往往被限制在一定范围之内
D. 战术资产配置根据投资者的风险承受能力，对资产做出事前的、整体性的，与投资者需求匹配的规划
",B. 运用战术资产配置的前提条件是基金管理人能够准确地预测市场变化、发现单个证券的投资计划，并能够有效实施动态资产配置投资方案,以下是中国关于金融市场学考试的单项选择题，请选出其中的正确答案。
"甲公司共有200名职工，从2014年1月1日起，该公司实行累积带薪缺勤制度。该制度规定，每名职工每年可享受5个工作日的带薪年休假，未使用的年休假只能向后结转一个日历年度，超过1年未行使的权利作废；职工休年休假时，首先使用当年享受的权利，不足部分再从上年结转的带薪年休假中扣除；职工离开公司时，对未使用的累积带薪年休假无权获得现金支付。2014年12月31日，每名职工当年平均未使用带薪年休假为1天。2015年12月31日，每名职工当年平均未使用带薪年休假为2天，甲公司预计2016年有160名职工将享受不超过5天的带薪年休假，剩余40名总部管理人员每人将平均享受6.5天年休假，该公司平均每名职工每个工作日工资为500元。甲公司2015年年末因带薪缺勤计入管理费用的金额为____元。
A. 60000
B. 30000
C. 90000
D. 100000
",B. 30000,以下是中国关于会计考试的单项选择题，请选出其中的正确答案。
"假如公司对某项目进行投资，对每个变量的正常估计为：初始投资1500元，全部形成固定资产，当年形成生产能力，估计年销量3000件，单位售价2元，单位变动成本1元，年固定成本2000元（不含折旧），公司所得税税率为50$\%$，投资者期望收益率为10$\%$。假定该项目存续期为2年，不考虑残值，年折旧750元。若未来已知，那么，该目标项目的净现值为多少____。
A. 18.6元
B. 17.6元
C. 16.6元
D. 15.6元
",A. 18.6元,以下是中国关于公司金融学考试的单项选择题，请选出其中的正确答案。
"基金管理人、基金销售机构宣传推介方式说法正确的是____。
A. 可以通过发送手机短信、微信、博客和电子邮件宣传推介
B. 可以通过报刊、电台、电视、互联网等公众传播媒体宣传推介
C. 可以通过讲座、报告会、分析会和张贴布告、散发传单宣传推介
D. 不得向合格投资者之外的单位和个人募集资金
",D. 不得向合格投资者之外的单位和个人募集资金,以下是中国关于基金从业资格证考试的单项选择题，请选出其中的正确答案。
"成本会计核算职能的最基本方面是____。
A. 检查各项生产经营耗费的合理性、合法性和有效性
B. 提供真实的、可以验证的成本信息
C. 进行生产经营活动的评价
D. 调节和指导企业的有关经济活动
",B. 提供真实的、可以验证的成本信息,以下是中国关于成本会计学考试的单项选择题，请选出其中的正确答案。
"关于我国私募股权投资基金发展及监管的主要阶段与年代对应错误的是____。
A. 探索与起步阶段（1985～2004年）
B. 快速发展阶段（2005～2012年）
C. 发展完成阶段（2013年至今）
D. 统一监管下的制度化发展阶段（2013年至今）
",C. 发展完成阶段（2013年至今）,以下是中国关于基金从业资格证考试的单项选择题，请选出其中的正确答案。
"关于外币私募股权投资基金的基本运作方式的说法，错误的是____。
A. 外币股权投资基金通常采取“两头在外”的方式
B. 外币股权投资基金经营实体注册在境外
C. 外币股权投资基金在境外完成项目的投资退出
D. 外币股权投资基金可以在国内以基金名义注册法人实体
",D. 外币股权投资基金可以在国内以基金名义注册法人实体,以下是中国关于基金从业资格证考试的单项选择题，请选出其中的正确答案。
"按成本与产量的依存关系，可将企业成本划分为____。
A. 生产成本与劳务成本
B. 财务成本与管理成本
C. 固定成本与变动成本
D. 边际成本与沉没成本
",C. 固定成本与变动成本,以下是中国关于成本会计学考试的单项选择题，请选出其中的正确答案。
"下列各项中，不属于约化模型的准则的有____。
A. 模型具有包容性
B. 模型具有恒定的参数
C. 解释变量必须是强外生的
D. 模型必须与经济理论相一致
",C. 解释变量必须是强外生的,以下是中国关于计量经济学考试的单项选择题，请选出其中的正确答案。
"针对财务报表层次重大错报风险的总体应对措施不包括的是____。
A. 向项目组强调保持职业怀疑态度的必要性，提供更多的督导
B. 对拟实施审计程序的性质、时间安排和范围作出总体修改
C. 选择综合性方案实施进一步审计程序，设计和实施控制测试和实质性程序
D. 分派具有特殊技能的人员或利用专家工作
",C. 选择综合性方案实施进一步审计程序，设计和实施控制测试和实质性程序,以下是中国关于审计学考试的单项选择题，请选出其中的正确答案。
"甲公司是国内一家领先的新媒体、通信及移动增值服务公司。由于遭受世界金融危机，甲公司经济利润严重下滑，经营面临困境，但为了稳定职工队伍，公司并未进行裁员，而是实行高层管理人员减薪措施。甲公司此举采用的收缩战略方式是____。
A. 转向战略
B. 放弃战略
C. 紧缩与集中战略
D. 稳定战略
",C. 紧缩与集中战略,以下是中国关于公司战略与风险管理考试的单项选择题，请选出其中的正确答案。
"某公司股票每股支付年度股利3元，预计股利将无限期地以8$\%$的速度增长。假定其市场收益率为14$\%$。则该股票的内在价值为____元。
A. 57
B. 30
C. 68
D. 54
",D. 54,以下是中国关于投资学考试的单项选择题，请选出其中的正确答案。
"某先生辞去月薪1000元的工作，取出自有存款100000元（月息0.01），办一家独资企业，如果不考虑商业风险，则该先生自办企业按月计算的机会成本是____元。
A. 2000
B. 10000
C. 1000
D. 101000
",A. 2000,以下是中国关于微观经济学考试的单项选择题，请选出其中的正确答案。
"会计目标在保险行业的特殊性体现在____。
A. 财务报告目标侧重于对偿付能力的检测
B. 财务报告目标侧重于满足非特定会计信息使用者的决策需要
C. 会计信息需要满足社会公众判断企业是否履行社会责任的需要
D. 会计要为企业内部管理当局提供有助于进行计划、控制和制定决策的会计信息
",A. 财务报告目标侧重于对偿付能力的检测,以下是中国关于中国精算师考试的单项选择题，请选出其中的正确答案。
"下列选项中，提升增长率最好的方法是____。
A. 发现新的自然资源
B. 提高人口增长率
C. 新技术发明
D. 增加出口
",C. 新技术发明,以下是中国关于宏观经济学考试的单项选择题，请选出其中的正确答案。
"下列各项中，属于有限分布滞后模型的修正估计方法的有____。
A. 经验加权法
B. 工具变量法
C. 科伊克方法
D. 普通最小二乘法
",A. 经验加权法,以下是中国关于计量经济学考试的单项选择题，请选出其中的正确答案。
"为了解大学生的消费状况，调查员在食堂门口任意拦截100名学生进行了问卷调查。关于这种调查方式，以下说法正确的____。
A. 这是分层抽样
B. 这是方便抽样
C. 这是简单随机抽样
D. 这是配额抽样
",B. 这是方便抽样,以下是中国关于统计学考试的单项选择题，请选出其中的正确答案。
"对流动资产的保险，按12个月平均账面余额确定保险金额的，保险财产全部损失时，其保险赔偿额的计算是____。
A. 出险时的账面余额计算保险赔款，并扣除残值
B. 出险时的账面余额大于保险金额，按比例计算赔款，并扣除残值
C. 出险时的账面余额大于保险金额，按比例计算赔款，并按比例扣除残值
D. 出险时的账面余额小于保险金额，按损失额计算赔款，不扣除残值
",C. 出险时的账面余额大于保险金额，按比例计算赔款，并按比例扣除残值,以下是中国关于保险学考试的单项选择题，请选出其中的正确答案。
"商业银行批发和零售存款大量流失，属于针对____的压力情景。
A. 信用风险
B. 流动性风险
C. 市场风险
D. 操作风险
",B. 流动性风险,以下是中国关于银行从业资格证考试的单项选择题，请选出其中的正确答案。
"某企业2020年2月用2800万元购得一宗1500平方米的土地，投入200万元作土地开发，并在这宗土地上建造一座建筑面积600平方米车间，2020年2月对购置的土地进行开发，则计入该车间计征房产税的房产原值的地价为____万元。
A. 2800
B. 3000
C. 2400
D. 1200
",C. 2400,以下是中国关于税法考试的单项选择题，请选出其中的正确答案。
"母公司在编制合并现金流量表时，下列各项中，会引起筹资活动现金流量增减变动的是____。
A. 子公司依法减资支付给少数股东的现金
B. 子公司购买少数股东的固定资产支付的现金
C. 子公司向少数股东出售无形资产收到的现金
D. 子公司购买少数股东发行的债券支付的现金
",A. 子公司依法减资支付给少数股东的现金,以下是中国关于管理会计学考试的单项选择题，请选出其中的正确答案。
"设纽约市场的年利率为8$\%$，伦敦市场年利率为6$\%$，即期汇率为￡1＝$1.6025－1.6035，3个月升贴水为30-50点，若某投资者拥有10万英镑，应投放在____市场。
A. 伦敦
B. 纽约
C. 不投入
D. 都投入
",B. 纽约,以下是中国关于金融工程学考试的单项选择题，请选出其中的正确答案。
"以下不是保险人注重的保险业务特性____。
A. 特殊性
B. 安全性
C. 效益性
D. 流动性
",D. 流动性,以下是中国关于保险学考试的单项选择题，请选出其中的正确答案。
"界定压力情景中各个风险因子之间内在一致的量化关系一般可以采用三个方法，不包括____。
A. 依赖于历史发生的经济危机事件中相关风险因子的变化及事后演变路径来设计情景
B. 根据历史数据，选择统计分布的尾部来定义某些或某类风险因子的变化区间
C. 建立定量模型来刻画各风险因子之间的变化关系
D. 建立定性模型来刻画各风险因子之间的变化关系
",D. 建立定性模型来刻画各风险因子之间的变化关系,以下是中国关于银行从业资格证考试的单项选择题，请选出其中的正确答案。
"增值税一般纳税人发生的下列应税行为中，适用 6$\%$税率计征增值税的是____。
A. 提供建筑施工服务
B. 销售非现场制作食品
C. 出租 2020 年新购入的房产
D. 通过省级土地行政主管部门设立的交易平台转让补充耕地指标
",D. 通过省级土地行政主管部门设立的交易平台转让补充耕地指标,以下是中国关于注册会计师考试的单项选择题，请选出其中的正确答案。
"下列关于异方差性检验的叙述，正确的是____。
A. 通过图示法可以精确断定模型是否存在异方差性
B. G-Q检验需要对样本进行排序
C. G-Q检验不需要对样本进行排序
D. 怀特检验需要对样本进行排序
",B. G-Q检验需要对样本进行排序,以下是中国关于计量经济学考试的单项选择题，请选出其中的正确答案。
"中国金融市场上现有的金融衍生产品不包括____。
A. 风险类
B. 利率类
C. 权益类
D. 货币类
",A. 风险类,以下是中国关于金融工程学考试的单项选择题，请选出其中的正确答案。
"下列哪项不是商业银行的资产____。
A. 对企业贷款
B. 在中央银行的存款
C. 购买的其他银行的股票
D. 居民的理财产品余额
",D. 居民的理财产品余额,以下是中国关于货币金融学考试的单项选择题，请选出其中的正确答案。
"国际清偿力不包括一国的____。
A. 自有储备
B. 借入储备
C. 国际银行同业拆借
D. 在IMF的SDR
",C. 国际银行同业拆借,以下是中国关于金融学考试的单项选择题，请选出其中的正确答案。
"按事先约定的将在未来一定时日，据以交割的外汇汇率称为____。
A. 预计汇率
B. 即期汇率
C. 远期汇率
D. 成交汇率
",C. 远期汇率,以下是中国关于高级财务会计考试的单项选择题，请选出其中的正确答案。
"信用中介是商业最基本的功能，发挥这一功能的作用不包括____。
A. 使闲散货币转化为资本
B. 使闲置资本得到充分利用
C. 续短为长，满足社会对长期资本的需要
D. 可节约社会流通费用，增加生产资本投入
",D. 可节约社会流通费用，增加生产资本投入,以下是中国关于商业银行金融学考试的单项选择题，请选出其中的正确答案。
"中央银行的下列行为哪些不是基础货币的投放渠道____。
A. 购买政策性金融债券
B. 购买办公用楼
C. 购买政府债券
D. 购买外汇、黄金
",B. 购买办公用楼,以下是中国关于货币金融学考试的单项选择题，请选出其中的正确答案。
"假如联立方程模型中，第$i$个方程排除的变量中没有一个在第$j$个方程中出现，则第$i$个方程是____。
A. 可识别的
B. 恰好识别
C. 过度识别
D. 不可识别
",A. 可识别的,以下是中国关于计量经济学考试的单项选择题，请选出其中的正确答案。
"假设中国的A公司出售一批货物给美国的B公司，6个月后将收到3000万美元货款，A公司希望控制汇率风险，假定目前的即期中美汇率为1美元＝6.13元人民币，6个月期的远期汇率为1美元＝6.21元人民币，A公司可以购买6个月期美元看跌期权，其执行价格为1美元＝6.13元人民币，期权费每美元0.1元人民币。目前，人民币6个月期的年化利率是4$\%$，而美元六个月期年化利率是0.5$\%$，如果A公司决定用远期合约来套期保值，计算此次销售可确保获得的人民币收入为____。
A. 18630万元
B. 18640万元
C. 18650万元
D. 18660万元
",A. 18630万元,以下是中国关于金融工程学考试的单项选择题，请选出其中的正确答案。
"金融机构应当遵循平等自愿、诚实守信等原则，充分尊重并自觉保障金融消费者的权利，这些权利不包括____。
A. 收益保障权
B. 知情权
C. 公平交易权
D. 受尊重权
",A. 收益保障权,以下是中国关于银行从业资格证考试的单项选择题，请选出其中的正确答案。
"下列属于“稿酬所得”项目的是____。
A. 记者在本单位刊物发表文章取得的报酬
B. 提供著作权的使用权而取得的报酬
C. 将国外的作品翻译出版取得的报酬
D. 书画家出席笔会现场书写作画取得的收入
",C. 将国外的作品翻译出版取得的报酬,以下是中国关于税法考试的单项选择题，请选出其中的正确答案。
"损失补偿原则的限制中不包括的有____。
A. 实际损失
B. 保险金额
C. 保险利益
D. 保险费
",D. 保险费,以下是中国关于保险学考试的单项选择题，请选出其中的正确答案。
"某增值税一般纳税企业自建生产线，购入工程物资200万元，增值税税额为26万元，已全部用于建造生产线；耗用库存材料50万元，应负担的增值税税额为6.5万元；领用产品成本2万元，售价为3万元，支付建筑工人工资36万元。建设期间工程物资盘盈1万元。该生产线建造完成并达到预定可使用状态，其入账价值为____万元。
A. 250
B. 287
C. 288
D. 330.01
",B. 287,以下是中国关于会计考试的单项选择题，请选出其中的正确答案。
"辅助生产费用的交互分配法，其一次交互分配是在____。
A. 各受益单位之间进行分配
B. 各受益的辅助生产车间之间进行分配
C. 各受益的基本生产车间之间进行分配
D. 辅助生产以外各受益单位之间进行分配
",B. 各受益的辅助生产车间之间进行分配,以下是中国关于成本会计学考试的单项选择题，请选出其中的正确答案。
"在新凯恩斯主义模型中，预料外的扩张性政策致使短期____。
A. 价格水平下降，总产出增加
B. 价格水平上升，总产出减少
C. 价格水平上升，总产出增加
D. 价格水平下降，总产出减少
",C. 价格水平上升，总产出增加,以下是中国关于宏观经济学考试的单项选择题，请选出其中的正确答案。
"以下有关分部报告的叙述中，错误的是____。
A. 分部报告通常作为财务报告的组成部分予以披露
B. 主要分部报告可以采用业务分部报告或地区分部报告的形式
C. 分部信息与企业财务报表总额不需要衔接
D. 分部负债信息不包括与企业整体相关的递延所得税负债
",C. 分部信息与企业财务报表总额不需要衔接,以下是中国关于管理会计学考试的单项选择题，请选出其中的正确答案。
"某居民企业2017年来自境外A国分公司的已纳所得税因超过抵免限额尚未扣除的余额为1万元；2018年取得境内应纳税所得额160万元，来自A国分公司税后所得20万元，在A国已纳所得税额5万元，其在我国汇总缴纳____企业所得税。
A. 40.25
B. 41.25
C. 46.25
D. 0
",A. 40.25,以下是中国关于税法考试的单项选择题，请选出其中的正确答案。
"商业银行业务外包的好处不包括____。
A. 降低成本
B. 提高服务质量
C. 拓展市场份额
D. 提高技术水平
",C. 拓展市场份额,以下是中国关于商业银行金融学考试的单项选择题，请选出其中的正确答案。
"某国边际消费倾向等于0.8，减税100万美元使均衡国民收入增加____。
A. 400万美元
B. 500万美元
C. 80万美元
D. 200万美元
",A. 400万美元,以下是中国关于宏观经济学考试的单项选择题，请选出其中的正确答案。
"下列权力中，作为国家征税依据的是____。
A. 管理权力
B. 政治权力
C. 财产权力
D. 社会权力
",B. 政治权力,以下是中国关于税法考试的单项选择题，请选出其中的正确答案。
"如下关于$(x)$的生存函数为：$s(x)=\begin{cases}1-\frac{x}{100},&0\le{x}<100\\\quad0,&x\ge100\end{cases}$设(45)与(50)的未来生存时间相互独立，则状态(45: 50)在此后5~10年之间终止的概率为____。
A. 4/55
B. 9/55
C. 7/55
D. 8/55
",B. 9/55,以下是中国关于中国精算师考试的单项选择题，请选出其中的正确答案。
"汇率决定理论是指____。
A. 汇率在短期内由货币供求关系决定，长期内由国家经济实力决定
B. 汇率在短期和长期内都由货币供求关系决定
C. 汇率在短期内由国家经济实力决定，长期内由货币供求关系决定
D. 汇率在短期和长期内都由国家经济实力决定
",B. 汇率在短期和长期内都由货币供求关系决定,以下是中国关于国际经济学考试的单项选择题，请选出其中的正确答案。
"保险市场需求的主要因素不包括____。
A. 个人因素
B. 保险费率
C. 保险消费者的货币收入
D. 互补品与替代品价格
",A. 个人因素,以下是中国关于保险学考试的单项选择题，请选出其中的正确答案。
"在资本主义社会，由于生产资料的私有制和雇佣劳动制度的存在，两大部类的生产都是在价值规律和剩余价值规律作用下自发进行的，具有严重的盲目性，这就导致了两大部类生产在规模上和结构上经常处于失衡状态，最严重的就是引发经济危机。资本主义经济危机周期性爆发的原因在于____。
A. 资本主义基本矛盾
B. 生产力与生产关系之间的矛盾
C. 资本主义基本矛盾运动的阶段性
D. 社会资本再生产的周期性特点
",C. 资本主义基本矛盾运动的阶段性,以下是中国关于政治经济学考试的单项选择题，请选出其中的正确答案。
"通常情况下，被投资企业有义务及时向股权投资基金提供与企业经营状况相关的报告，包括____。
A. 月度报告、年度报告
B. 月度报告、季度报告、半年度报告、年度报告
C. 月度报告、季度报告、半年度报告、年度报告和有关专项报告
D. 季度报告、半年度报告、年度报告和有关专项报告
",C. 月度报告、季度报告、半年度报告、年度报告和有关专项报告,以下是中国关于基金从业资格证考试的单项选择题，请选出其中的正确答案。
"按照非居民税收管理规定，对企业所得税法实施条例规定的不同所得，所得发生地主管税务机关的确定原则，下列说法正确的是____。
A. 不动产转让所得，为转让不动产的企业的主管税务机关
B. 权益性投资资产转让所得，为投资企业的所得税主管税务机关
C. 股息、红利等权益性投资所得，为取得所得企业的所得税主管税务机关
D. 利息所得、租金所得、特许权使用费所得，为负担、支付所得的单位或个人的所得税主管税务机关
",D. 利息所得、租金所得、特许权使用费所得，为负担、支付所得的单位或个人的所得税主管税务机关,以下是中国关于税法考试的单项选择题，请选出其中的正确答案。
"认为银行只宜发放短期贷款的资产管理理论是____。
A. 可转换理论
B. 预期收入理论
C. 真实票据理论
D. 可贷资金论
",C. 真实票据理论,以下是中国关于商业银行金融学考试的单项选择题，请选出其中的正确答案。
"下列房屋及建筑物中，属于房产税征税范围的是____。
A. 加油站的遮阳棚
B. 农村的居住用房
C. 位于市区的经营性用房
D. 建在室外的露天游泳池
",C. 位于市区的经营性用房,以下是中国关于注册会计师考试的单项选择题，请选出其中的正确答案。
"下列开采资源的情形中，依法免征资源税的是____。
A. 开采稠油
B. 开采页岩气
C. 从衰竭期矿山开采的矿产品
D. 煤炭开采企业因安全生产需要抽采的煤层气
",D. 煤炭开采企业因安全生产需要抽采的煤层气,以下是中国关于注册会计师考试的单项选择题，请选出其中的正确答案。
"交易双方信息不对称，比方说买方不清楚卖方一些情况，是由于____。
A. 卖方故意要隐瞒自己一些情况
B. 买方认识能力有限
C. 完全掌握情况所费成本太高
D. 以上三种情况都有可能
",D. 以上三种情况都有可能,以下是中国关于微观经济学考试的单项选择题，请选出其中的正确答案。
"假设希望在3年后取得500元，利率为10$\%$，那么单利情况下现在应存入银行____。
A. 384.6
B. 650
C. 375.7
D. 665.5
",A. 384.6,以下是中国关于公司金融学考试的单项选择题，请选出其中的正确答案。
"美元与黄金挂钩，其他国家的货币与美元挂钩，这是____的基本特点。
A. 金本位制
B. 金银复本位制
C. 牙买加体系
D. 布雷顿森林体系
",D. 布雷顿森林体系,以下是中国关于货币金融学考试的单项选择题，请选出其中的正确答案。
"对于联立方程计量经济学模型的估计方法，下列说法错误的是____。
A. 间接最小二乘法适用于恰好识别的结构方程的参数估计
B. 二阶段最小二乘法可适用于过度识别的结构方程的参数估计
C. 采用二阶段最小二乘法得到结构方程的参数估计量是无偏的
D. 二阶段最小二乘法是一种工具变量法
",C. 采用二阶段最小二乘法得到结构方程的参数估计量是无偏的,以下是中国关于计量经济学考试的单项选择题，请选出其中的正确答案。
"下列有关与审计相关的内部控制的说法中，正确的是____。
A. 与财务报告相关的内部控制均与审计相关
B. 与审计相关的内部控制并非均与财务报告相关
C. 与经营目标相关的内部控制与审计无关
D. 与合规目标相关的内部控制与审计无关
",B. 与审计相关的内部控制并非均与财务报告相关,以下是中国关于审计学考试的单项选择题，请选出其中的正确答案。
"____依法对保荐机构及其保荐代表人、其他从事保荐业务的人员进行监督管理。
A. 中国证券业协会
B. 财政部
C. 中国证监会
D. 国务院
",C. 中国证监会,以下是中国关于证券从业资格证考试的单项选择题，请选出其中的正确答案。
"某地区居民收入的方差为900，随机抽取400户调查，则调查户平均收入的方差____。
A. 30
B. 900
C. 300
D. 2.25
",D. 2.25,以下是中国关于统计学考试的单项选择题，请选出其中的正确答案。
"股份有限公司存在一股独大的情况，并且前几大股东之间不独立，股东之间存在关联关系的现象，不能形成一种相互制衡的关系。M公司在股权转让之前，由三大股东控制，而其余流通股东极其分散难以与其抗衡。从表面上看，M1相对控股，M2和M3虽无任何关联，但存在共同利益，有可能形成统一行动，这威胁到M1的相对控股地位，导致股东们无法在集体行动上达成一致，使M公司的股权结构具有潜在的不稳定性。依据材料分析，M公司治理问题产生的主要原因是____。
A. 所有权和控制权的分离
B. 董事会和监事会监督职责实施不到位
C. 股权结构的分散化
D. 股份有限公司的自身弱点
",C. 股权结构的分散化,以下是中国关于公司战略与风险管理考试的单项选择题，请选出其中的正确答案。
"买入看涨期权的风险和收益关系是____。
A. 损失有限，收益无限
B. 损失有限，收益有限
C. 损失无限，收益无限
D. 损失无限，收益有限
",A. 损失有限，收益无限,以下是中国关于期货从业资格证考试的单项选择题，请选出其中的正确答案。
"下列不属于我国不良贷款形成原因的____。
A. 我国国有企业经营机制改革不彻底
B. 银行承担了大量的改革成本
C. 商业银行经营机制不灵活
D. 我国直接融资比重大，资本市场发展滞后，使得风险积聚到商业银行
",D. 我国直接融资比重大，资本市场发展滞后，使得风险积聚到商业银行,以下是中国关于银行从业资格证考试的单项选择题，请选出其中的正确答案。
"对于持有一定数量股票(或股票组合)的投资者而言，以下____可以用来对冲(Hedging)未来股票价格下跌的风险。
A. 做空股指期货
B. 售出看涨的股指期权
C. 购买看跌的股指期权
D. A、B、C均可
",D. A、B、C均可,以下是中国关于金融工程学考试的单项选择题，请选出其中的正确答案。
"以下四种关于风险概念的理解表述中，错误的是____。
A. 风险是未来结果的不确定性
B. 风险是未来结果(如投资的收益率)对期望的偏离，即波动性
C. 风险是损失的可能性
D. 风险代表了未来损失的大小
",D. 风险代表了未来损失的大小,以下是中国关于银行从业资格证考试的单项选择题，请选出其中的正确答案。
"最佳资本结构应该是____的最低点。
A. 负债资本成本
B. 所有者权益成本
C. 加权平均资本成本
D. 机会成本
",C. 加权平均资本成本,以下是中国关于公司金融学考试的单项选择题，请选出其中的正确答案。
"特惠贸易安排有哪几种种类型____。
A. 自由贸易区、关税同盟、开放市场
B. 自由贸易区、关税联盟、共同市场
C. 自由贸易区、关税同盟、共同市场
D. 自由贸易区、关税联盟、开放市场
",C. 自由贸易区、关税同盟、共同市场,以下是中国关于财政学考试的单项选择题，请选出其中的正确答案。
"____是期权合约中的唯一的变量。
A. 期权费
B. 执行价格
C. 标的资产
D. 到期日
",A. 期权费,以下是中国关于基金从业资格证考试的单项选择题，请选出其中的正确答案。
"投资者想持有一种普通股一年。他期望收到2.50美元的红利和并将股票以28美元的价格出售。如果想取得15$\%$的回报率，那么他愿意支付的股票最高价格是____。
A. 27.52美元
B. 26.52美元
C. 24.21美元
D. 23.11美元
",B. 26.52美元,以下是中国关于投资学考试的单项选择题，请选出其中的正确答案。
"未向社会公开宣传，在亲友或者单位内部针对特定对象吸收资金的，____非法吸收或者变相吸收公众存款。
A. 属于
B. 不属于
C. 视情况而定
D. 部分属于
",B. 不属于,以下是中国关于基金从业资格证考试的单项选择题，请选出其中的正确答案。
"注册会计师在设计应收账款询证函时拟定了以下处理方法，其中对询证函处理方法中，恰当的是____。
A. 注册会计师应当对应收账款实施函证程序，除非有证据表明某一应收账款对财务报表不重要且与之相关的重大错报风险很低
B. 询证函经会计师事务所盖章后，由注册会计师直接发出
C. 收回询证函后，将重要的回函复制给被审计单位以帮助催收货款
D. 对以电子邮件方式收到的询证函，注册会计师要考虑回函的可靠性
",D. 对以电子邮件方式收到的询证函，注册会计师要考虑回函的可靠性,以下是中国关于审计学考试的单项选择题，请选出其中的正确答案。
"投保人不对下列人员具有保险利益____。
A. 本人
B. 配偶、子女、父母
C. 叔叔
D. 与投保人有劳动关系的劳动者
",C. 叔叔,以下是中国关于保险学考试的单项选择题，请选出其中的正确答案。
"属于货币政策远期中介目标的是____。
A. 汇率
B. 利率
C. 基础货币
D. 超额准备金
",B. 利率,以下是中国关于货币金融学考试的单项选择题，请选出其中的正确答案。
"紧缩性财政政策主要是通过财政的____手段实现的。
A. 增收节支
B. 减收增支
C. 收支平衡
D. 刺激需求
",A. 增收节支,以下是中国关于财政学考试的单项选择题，请选出其中的正确答案。
"资产或负债的账面价值与其计税基础之间的差额，称为____。
A. 永久性差异
B. 收益性差异
C. 暂时性差异
D. 税务性差异
",C. 暂时性差异,以下是中国关于高级财务会计考试的单项选择题，请选出其中的正确答案。
"某抵押物市场价值为15万元，其评估值为10万元，抵押贷款率为60$\%$，则抵押贷款额为____万元。
A. 12.6
B. 9
C. 8.6
D. 6
",D. 6,以下是中国关于银行从业资格证考试的单项选择题，请选出其中的正确答案。
"票面利率为10$\%$的附息债券其到期收益率为8$\%$，如果到期收益率不变，则一年以后债券价格____。
A. 上升
B. 下降
C. 不变
D. 无法判断
",B. 下降,以下是中国关于投资学考试的单项选择题，请选出其中的正确答案。
"在假设检验中，不拒绝原假设意味____。
A. 原假设肯定是正确的
B. 原假设肯定是错误的
C. 没有证据证明原假设是正确的
D. 没有证据证明原假设是错误的
",D. 没有证据证明原假设是错误的,以下是中国关于统计学考试的单项选择题，请选出其中的正确答案。
"A公司购入机器设备一台，发票价为100000元，机器设备已验收入库但货款尚未支付，该项经济业务对A公司会计等式产生的影响是____。
A. 资产与负债同时增加
B. 收入与负债同时增加
C. 所有者权益和费用同时增加
D. 负债与费用同时增加
",A. 资产与负债同时增加,以下是中国关于中国精算师考试的单项选择题，请选出其中的正确答案。
"已知条件(1)$i=0.02$；(2)$p_{50}=0.98$；(3)$A_{51}-A_{50}=0.004$；(4)$^2A_{51}-^2A_{50}=0.005$，Z为离散型保险保额为1的现值随机变量，计算当$x＝51$时，$Var(Z)$等于____。
A. 0.055
B. 0.06
C. 0.065
D. 0.26
",A. 0.055,以下是中国关于中国精算师考试的单项选择题，请选出其中的正确答案。
"我国习惯上将年息、月息、拆息都以“厘”做单位，若年息3厘、月息2厘、拆息2厘，则分别是指____。
A. 年利率为3$\%$，月利率为0.02$\%$，日利率为0.2$\%$
B. 年利率为0.3$\%$，月利率为0.2$\%$，日利率为0.02$\%$
C. 年利率为0.3$\%$，月利率为0.02$\%$，日利率为2$\%$
D. 年利率为3%，月利率为0.2%，日利率为0.02$\%$
",D. 年利率为3%，月利率为0.2%，日利率为0.02$\%$,以下是中国关于金融学考试的单项选择题，请选出其中的正确答案。
"甲公司是一家上市公司，使用“债券收益率风险调整模型”估计甲公司的权益资本成本时，债券收益是指____。
A. 政府发行的长期债券的票面利率
B. 政府发行的长期债券的到期收益率
C. 甲公司发行的长期债券的税前债务成本
D. 甲公司发行的长期债券的税后债务成本
",D. 甲公司发行的长期债券的税后债务成本,以下是中国关于财务管理学考试的单项选择题，请选出其中的正确答案。
"____是我国股权投资基金行业的自律组织。
A. 中国证监会
B. 中国证监会及其派出机构
C. 中国人民银行
D. 中国证券投资基金业协会
",D. 中国证券投资基金业协会,以下是中国关于基金从业资格证考试的单项选择题，请选出其中的正确答案。
"局部均衡的分析方法适合估计____变化的影响，但不适合估计____变化的影响。
A. 酒类税；公司所得税
B. 酒类税；香烟税
C. 公司所得税；酒类税
D. 公司所得税；香烟税
",A. 酒类税；公司所得税,以下是中国关于中国精算师考试的单项选择题，请选出其中的正确答案。
"甲公司2009年实现营业收入为1000万元，其中现销收入550万元，赊销收入450万元；当年收回以前年度赊销收入380万元，当年预收货款120万元，预付货款30万元，当年因销售退回支付的现金20万元，当年购货退货收到的现金40万元，则甲公司当年销售商品提供劳务收到的现金为____万元。
A. 990
B. 1030
C. 1100
D. 1150
",B. 1030,以下是中国关于基金从业资格证考试的单项选择题，请选出其中的正确答案。
"若一国边际储蓄倾向为0.2，边际进口倾向为0.1，则根据国际收支调整的乘数论，该国出口增加600亿美元将使其贸易收支____。
A. 改善200亿美元
B. 恶化200亿美元
C. 改善400亿美元
D. 恶化400亿美元
",C. 改善400亿美元,以下是中国关于国际经济学考试的单项选择题，请选出其中的正确答案。
"随着单个劳动者劳动供给曲线向后弯曲的变化，市场劳动供给曲线将会____。
A. 向前弯曲
B. 向后弯曲
C. 仍保持向右上方倾斜
D. 向右下方倾斜
",C. 仍保持向右上方倾斜,以下是中国关于微观经济学考试的单项选择题，请选出其中的正确答案。
"目前，中国人民银行买卖证券操作目标主要是____。
A. 货币市场利率
B. 国债价格
C. 基础货币
D. 央行票据规模
",C. 基础货币,以下是中国关于中央银行学考试的单项选择题，请选出其中的正确答案。
"市场经济条件下一国利率体系中的基准利率一般是指____。
A. 再贷款率
B. 再贴现率
C. 同业拆借利率
D. 存贷利率
",C. 同业拆借利率,以下是中国关于货币金融学考试的单项选择题，请选出其中的正确答案。
"根据有税的MM理论，当企业负债比例提高时，____。
A. 债务资本成本上升
B. 加权平均资本成本上升
C. 加权平均资本成本不变
D. 股权资本成本上升
",D. 股权资本成本上升,以下是中国关于财务管理学考试的单项选择题，请选出其中的正确答案。
"登记人员从事的业务类别发生变化的，证券公司应当自发生变化之日起_____个工作日内为其办理变更登记。
A. 5
B. 10
C. 7
D. 20
",A. 5,以下是中国关于证券从业资格证考试的单项选择题，请选出其中的正确答案。
"下列关于中国金融期货交易所关于当日结算价的说法，错误的是____。
A. 合约最后一小时无成交的，以前一小时成交价格按照成交量的加权平均价作为当日结算价
B. 若合约最后一小时的前一小时仍无成交的，则再往前推一小时，以此类推
C. 合约当日最后两笔成交距开盘时间不足一小时的，则取全天成交量的加权平均价作为当日结算价
D. 当日结算价是指某一期货合约最后一小时成交价格按照成交量的加权平均价
",C. 合约当日最后两笔成交距开盘时间不足一小时的，则取全天成交量的加权平均价作为当日结算价,以下是中国关于期货从业资格证考试的单项选择题，请选出其中的正确答案。
"“提取未决赔款准备金”账户本月借方发生额反映的是____。
A. 保险公司本月确定支付的赔偿金额
B. 本月应计提的未决赔款准备金超过“未决赔款准备金”科目余额的部分
C. 本月应计提的未决赔款准备金小于“未决赔款准备金”科目余额的部分
D. 月末结转“本年利润”科目的金额
",B. 本月应计提的未决赔款准备金超过“未决赔款准备金”科目余额的部分,以下是中国关于中国精算师考试的单项选择题，请选出其中的正确答案。
"下列各项中，适合于比较研究两个或多个样本或总体的结构性问题的____。
A. 环形图
B. 饼图
C. 直方图
D. 茎叶图
",A. 环形图,以下是中国关于统计学考试的单项选择题，请选出其中的正确答案。
"未来将购入固定收益债券的投资者，如果担心未来市场利率下降，通常会利用利率期货的____来规避风险。
A. 买进套利
B. 买入套期保值
C. 卖出套利
D. 卖出套期保值
",B. 买入套期保值,以下是中国关于金融工程学考试的单项选择题，请选出其中的正确答案。
"以下不是公共产品类型的是____。
A. 纯公共产品
B. 混合产品
C. 准公共产品
D. 公益产品
",D. 公益产品,以下是中国关于财政学考试的单项选择题，请选出其中的正确答案。
"成本分析的准备阶段应该做好的工作是____。
A. 明确目的—确立标准—搜集资料
B. 确立标准—明确目的—搜集资料
C. 搜集资料—明确目的—确立标准
D. 搜集资料—确立标准—明确目的
",A. 明确目的—确立标准—搜集资料,以下是中国关于成本会计学考试的单项选择题，请选出其中的正确答案。
"短期国库券是一种金融工具，最初是____出售以筹集资金的。
A. 商业银行
B. 美国政府
C. 州政府和当地政府
D. 联邦政府的代理机构
",B. 美国政府,以下是中国关于投资学考试的单项选择题，请选出其中的正确答案。
"一家公司的总资本是1000万元，其中有300万元的债权资本和700万元的权益资本，那么该公司的资本结构即包含30$\%$的债务和70$\%$的权益，该公司的资产负债率是____。
A. 0.25
B. 0.27
C. 0.3
D. 32$\%$
",C. 0.3,以下是中国关于基金从业资格证考试的单项选择题，请选出其中的正确答案。
"下列有关合理保证和有限保证的说法中，不正确的是____。
A. 无论合理保证还是有限保证的鉴证业务，如果注意到某事项可能导致对鉴证对象信息是否需要作出重大修改产生疑问，注册会计师都应当执行其他足够的程序，追踪这一事项，以支持鉴证结论
B. 与有限保证的鉴证业务相比，合理保证的鉴证业务由于保证程度高，因此在确定的重要性水平是会选择更低的金额
C. 有限保证鉴证业务的风险水平高于合理保证鉴证业务的风险水平
D. 合理保证鉴证业务所需证据的数量高于有限保证鉴证业务所需证据的数量
",B. 与有限保证的鉴证业务相比，合理保证的鉴证业务由于保证程度高，因此在确定的重要性水平是会选择更低的金额,以下是中国关于审计学考试的单项选择题，请选出其中的正确答案。
"一般而言，对两种商品形成的无差异曲线不具有以下哪种特征____。
A. 向下倾斜
B. 消费者更偏好离原点远的无差异曲线
C. 决不交叉
D. 沿着同一条无差异曲线移动，各点边际效用相等
",D. 沿着同一条无差异曲线移动，各点边际效用相等,以下是中国关于中国精算师考试的单项选择题，请选出其中的正确答案。
"模型设定偏误的类型不包括____。
A. 多选无关变量
B. 模型函数被误设
C. 遗漏相关的解释变量
D. 设定的模型存在异方差
",D. 设定的模型存在异方差,以下是中国关于计量经济学考试的单项选择题，请选出其中的正确答案。
"消费税计税依据采取从价定率和从量定额两种计算方法，因此，下列项目中采用从量定额征税的是____。
A. 汽油
B. 化妆品
C. 小汽车
D. 金银首饰
",A. 汽油,以下是中国关于财政学考试的单项选择题，请选出其中的正确答案。
"某企业3个月后需用美元支付200万欧元进口货款，预测汇率会有大幅度变动，采用外汇期权交易保值。已知即期汇率为$1＝€1；协定价格€1＝$1.0100，期权价格€1＝$0.0338；佣金占合同金额0.05$\%$，采用欧式期权。请问3个月后市场汇率为$1＝€0.8500情况下该企业应____。
A. 卖出期权
B. 放弃期权
C. 执行期权
D. 不确定
",C. 执行期权,以下是中国关于金融工程学考试的单项选择题，请选出其中的正确答案。
"假设某险种每份保单金额的概率密度函数为：$f(b)=200b^{-3}(b>10)$，其中$b$的单位是千元。若已知$a=25$, $f=0.15$, $c=12$，则保单费率$R(\sqrt{200})$等于____。
A. 20
B. 30.12
C. 35.76
D. 39.25
",B. 30.12,以下是中国关于中国精算师考试的单项选择题，请选出其中的正确答案。
"下列关于无形资产初始计量的表述中，不正确的是____。
A. 接受捐赠取得的无形资产按公允价值计量
B. 通过债务重组方式取得的无形资产按公允价值计量
C. 外购取得的无形资产按购买发生的实际成本计量
D. 自行研究开发取得的无形资产按实际发生的研发支出计量
",D. 自行研究开发取得的无形资产按实际发生的研发支出计量,以下是中国关于中级财务会计考试的单项选择题，请选出其中的正确答案。
"有保证债券根据____不同，可分为抵押债券、质押债券和担保债券。
A. 保证的形式
B. 交易方式
C. 计息与付息
D. 按嵌入的条款分类
",A. 保证的形式,以下是中国关于基金从业资格证考试的单项选择题，请选出其中的正确答案。
"资本主义生产的目的是获得利润。为了得到尽可能高的利润率和尽可能多的利润不同生产部门的资本家之间必然展开激烈的竞争，大量资本必然从利润率低的部门转投到利润率高的部门，从而导致利润率平均化，利润转化为平均利润。以下不正确的是____。
A. 某企业工人创造的剩余价值有被其他资本家侵占的可能
B. 各部门内不同资本家的等量投资所得到的利润大体均等
C. 商品价值就转化为生产价格
D. 价值规律的实现形式发生了变化
",B. 各部门内不同资本家的等量投资所得到的利润大体均等,以下是中国关于政治经济学考试的单项选择题，请选出其中的正确答案。
"根据公司法律制度的规定，股份有限公司发起人持有的本公司股份，自公司成立之日起一定期限内不得转让。该期限是____。
A. 1年
B. 2年
C. 3年
D. 6个月
",A. 1年,以下是中国关于经济法考试的单项选择题，请选出其中的正确答案。
"2015年7月1日A公司（房地产开发企业）将100套全新的公寓以优惠价格向职工出售，购买房产的职工共计100名，其中80名为销售业务骨干，20名为公司总部管理人员。该公司向销售业务骨干出售的住房平均每套市场价为100万元，出售的价格为每套80万元，每套成本为40万元；向管理人员出售的住房平均每套市场价为180万元，向职工出售的价格为每套150万元，每套成本为60万元。假定该100名职工均在2015年7月1日购买了公司出售的住房，售房协议规定，职工在取得住房后必须在公司服务10年。不考虑其他因素，下列有关100套全新公寓向职工出售的会计处理中，不正确的是____。
A. 出售住房时计入长期待摊费用的金额为2200万元
B. 出售住房时不确认收入
C. 本年摊销时，借记“销售费用”科目，贷记“应付职工薪酬”科目80万元
D. 本年摊销时，借记“管理费用”科目，贷记“应付职工薪酬”科目30万元
",B. 出售住房时不确认收入,以下是中国关于会计考试的单项选择题，请选出其中的正确答案。
"按照蛛网原理，若供给曲线和需求曲线均为直线，则发散型摆动的条件是____(此处斜率值均指其绝对值)。
A. 供给曲线的斜率大于需求曲线的斜率
B. 供给曲线的斜率小于需求曲线的斜率
C. 供给曲线的斜率等于需求曲线的斜率
D. 以上都不正确
",B. 供给曲线的斜率小于需求曲线的斜率,以下是中国关于中国精算师考试的单项选择题，请选出其中的正确答案。
"某企业月初有短期借款50万元，本月向银行借入短期借款20万元，以银行存款偿还短期借款25万元，则月末“短期借款”账户的余额为____万元。
A. 借方45
B. 贷方45
C. 借方25
D. 贷方25
",B. 贷方45,以下是中国关于中国精算师考试的单项选择题，请选出其中的正确答案。
"商业银行现金资产管理的原则不包括____。
A. 盈利性原则
B. 总量适度原则
C. 适时调节原则
D. 安全保障原则
",A. 盈利性原则,以下是中国关于商业银行金融学考试的单项选择题，请选出其中的正确答案。
"下列关于成本结构的说法中，错误的是____。
A. 经营杠杆越大，销售量对营业利润的影响就越大
B. 高经营杠杆行业在经济恶化时可以减少变动成本，以保证盈利水平
C. 低经营杠杆行业的变动成本占较高比例
D. 在经济增长、销售上升时，低经营杠杆行业的增长速度要比高经营杠杆行业的增长速度缓慢得多
",B. 高经营杠杆行业在经济恶化时可以减少变动成本，以保证盈利水平,以下是中国关于银行从业资格证考试的单项选择题，请选出其中的正确答案。
"中期财务报告需要包括哪些财务信息____。
A. 资产负债表、利润表和现金流量表
B. 资产负债表、利润表和所有者权益变动表
C. 资产负债表、利润表、现金流量表和所有者权益变动表
D. 只需要资产负债表和利润表
",C. 资产负债表、利润表、现金流量表和所有者权益变动表,以下是中国关于高级财务会计考试的单项选择题，请选出其中的正确答案。
"下列关于市场约束的表述不正确的是____。
A. 监管部门是市场约束的核心
B. 市场约束的目的在于促进银行稳健经营
C. 市场约束机制不需要一系列配套制度也可以实现
D. 股东通过行使权利给银行经营者施加经营压力，有利于银行改善治理，实现对银行的市场约束
",C. 市场约束机制不需要一系列配套制度也可以实现,以下是中国关于银行从业资格证考试的单项选择题，请选出其中的正确答案。
"期货公司应当设____,对期货公司经营管理行为的合法合规性、风险管理状况进行监督、检查。
A. 监事会
B. 董事会秘书
C. 独立董事
D. 首席风险官
",D. 首席风险官,以下是中国关于期货从业资格证考试的单项选择题，请选出其中的正确答案。
"企业采用资产负债表债务法核算所得税时，一般应选择的是在____。
A. 财务报告公布日
B. 财务报告审计日
C. 税务稽查日
D. 资产负债表日
",D. 资产负债表日,以下是中国关于高级财务会计考试的单项选择题，请选出其中的正确答案。
"因纳税义务人违反规定而造成的少征关税，海关可以自纳税义务人缴纳税款或者货物、物品放行之日起的一定期限内追征。这一期限是____。
A. 1 年
B. 3 年
C. 5 年
D. 10 年
",B. 3 年,以下是中国关于注册会计师考试的单项选择题，请选出其中的正确答案。
"关于期货交易与远期交易的描述，以下正确的是____。
A. 两者信用风险都较小
B. 交易对象都是合同，交易双方通过一对一谈判达成交易
C. 远期合同与期货合同都具有较好的流动性，所以形成的价格都具有权威性
D. 期货交易是在远期交易的基础上发展起来的
",D. 期货交易是在远期交易的基础上发展起来的,以下是中国关于期货从业资格证考试的单项选择题，请选出其中的正确答案。
"某境内公司适用的企业所得税税率为25$\%$，2018年度取得境内应纳税所得额160万元，境外分公司应纳税所得额50万元，在境外已缴纳企业所得税10万元。2018年度该公司汇总纳税时实际在我国应缴纳企业所得税____万元。
A. 40
B. 42.5
C. 45
D. 47.5
",B. 42.5,以下是中国关于税法考试的单项选择题，请选出其中的正确答案。
"2017年12月20日，甲公司将一幢建筑物对外出租并采用成本模式计量。出租时，该建筑物的成本为100万元，已计提折旧50万元，未计提减值准备，预计尚可使用年限为10年，采用年限平均法计提折旧，无残值。2018年12月31日，该建筑物的预计未来现金流量的现值为36万元，公允价值减去处置费用后的净额为31万元，2019年12月31日，该建筑物的预计未来现金流量的现值为38万元，公允价值减去处置费用后的净额为40万元，假定计提减值后该建筑物的折旧方法、折旧年限和净残值不变。则2019年12月31日该投资性房地产的账面价值为____。
A. 40万元
B. 32万元
C. 38万元
D. 31万元
",B. 32万元,以下是中国关于中级财务会计考试的单项选择题，请选出其中的正确答案。
"对于一个垄断企业，投入品M的价格为20元，边际量为5，产品价格是4元，则这个企业的产量____。
A. 未达到利润最大化，应减少产量
B. 未达到利润最大化，应扩大产量
C. 生产出利润最大化，但是成本未达到最小化
D. 在成本最小条件下实现利润最大化产量
",A. 未达到利润最大化，应减少产量,以下是中国关于微观经济学考试的单项选择题，请选出其中的正确答案。
"辅助生产费用直接分配法的特点是将辅助生产费用____。
A. 直接记入“辅助生产成本”科目中
B. 直接计入辅助生产提供的劳务成本中
C. 直接分配给所有受益的车间和部门
D. 直接分配给辅助生产以外的受益单位
",D. 直接分配给辅助生产以外的受益单位,以下是中国关于成本会计学考试的单项选择题，请选出其中的正确答案。
"挂牌公告的定期储蓄和活期储蓄存款利率不属于____。
A. 市场利率
B. 名义利率
C. 固定利率
D. 官定利率
",A. 市场利率,以下是中国关于金融学考试的单项选择题，请选出其中的正确答案。
"理财新规缩成私募理财产品合格投资者的标准错误的是____。
A. 最近1年末净资产不低于1000万元人民币的法人或者依法成立的其他组织
B. 具有2年以上投资经历，且满足家庭金融净资产不低于300万元人民币
C. 具备相应风险识别能力和风险承受能力
D. 具有2年以上投资经历，且近3年本人年均收入不低于60万元人民币
",D. 具有2年以上投资经历，且近3年本人年均收入不低于60万元人民币,以下是中国关于银行从业资格证考试的单项选择题，请选出其中的正确答案。
"1848年，芝加哥的82位商人发起组建了____。
A. 芝加哥期权交易所(CBOE)
B. 芝加哥期货交易所(CBOT)
C. 芝加哥股票交易所(CHX)
D. 芝加哥商业交易所(CME)
",B. 芝加哥期货交易所(CBOT),以下是中国关于期货从业资格证考试的单项选择题，请选出其中的正确答案。
"对股东不加以特别的限制而享有平等权利，并随公司利润大小而取得相应收益的股票称为____。
A. 普通股
B. 优先股
C. 上市股
D. 社会公众股
",A. 普通股,以下是中国关于货币金融学考试的单项选择题，请选出其中的正确答案。
